文件编号,路径,所属模块,文件类型,基线 blob SHA,物理行数,审阅范围,审阅者,审阅日期,审计单元,检查点,风险等级,是否二次复核,详细记录,覆盖清单同步,1 存在理由,2 创建或加载者,3 加载条件,4 导出内容,5 导出消费者,6 输入,7 输出,8 状态读写,9 数据库读写,10 网络调用,11 事件,12 环境变量,13 用户权限依赖,14 运行环境依赖,15 初始化副作用,16 模块加载副作用,17 注册职责,18 测试生产差异,19 资源释放,20 失败恢复,21 对应测试,22 测试可信度,23 对应文档,24 文档准确性,25 兼容职责,26 等价重复实现,27 可否独立删除,28 删除首个失败点,29 最终结论与置信度
FILE-AU-008-001,01_core_hexin/packages/sdk/package.json,@shop/sdk,JSON,8ded7c838cfbe36db39a3948fe2053a4bbfa1c54,35,全文件逐行/逐关键分支深入审阅,Codex主审,2026-09-14,AU-008,CP-08,未发现独立问题,否（若后续升级则重排）,E-AU-008-002/003/004/015,是,实现SDK公共调用、传输、上下文、错误、节点或正式检查/候选制品职责,workspace package/export、应用入口或正式npm/release脚本,对应App、Commerce workload、npm检查或release阶段,人工导出详见exports.csv；CLI/SQL模板无导出时按入口执行,Console/Storefront与SDK tests,Operation/Event定义、RequestContext、HTTP/微信响应、文件或上游配置，按文件适用,请求/响应、冻结对象、生成投影、路由/事件注册、检查或制品身份，按文件适用,主要为局部状态/冻结目录；共享状态见functions.csv,无直接数据库写；业务handler语义不在本AU,无直接网络，或仅在被调用的应用/发布流程中产生,无直接事件或本AU不适用,SDK通过App解析后的base URL/context；正式命令依赖本地node_modules；不记录敏感值,SDK只传上下文，不替代服务端授权；无则不适用,Node 22/浏览器/Web Crypto/wx requester/PostgreSQL/构建制品，按文件适用,无外部初始化写；CLI脚本仅在显式执行时运行,见functions.csv；多数仅声明,无或不适用,正式测试因依赖缺失未加载；已人工评估oracle,无持久资源或由调用者/进程管理,前置拒绝、Abort、事务rollback、脚本退出或旧制品回退；具体FMEA见fmea.csv,SDK 27用例及对应HTTP/Event/Console测试；正式执行环境阻塞,按用例记录；frozen/cancel局部可信，CORS/Wechat/retry存在缺口，正式执行环境阻塞,AU-008 summary、artifact/runtime/communications矩阵及全局01-09报告,以固定基线注册/加载代码为准；runtimegraph旧契约为STALE/CONFLICT,公开SDK/冻结Operation/生成格式或外部消费者兼容未排除,未证明有可安全等价替代；测试mock与生产差异不算替代,否；未满足G3十三项、可观察行为不变和第二次复核,package import、App构建、HTTP注册、事件发布、生成检查、候选制品或契约测试首先失败,[FACT] 人工文件完成本AU范围的全文件深审；问题/UNKNOWN见summary与finding
FILE-AU-008-002,01_core_hexin/packages/sdk/src/ApiClient.test.ts,@shop/sdk,TypeScript测试,18b3f6b9d7616c5adccc68af50e3569e42d92065,98,全文件逐行/逐关键分支深入审阅,Codex主审,2026-09-14,AU-008,CP-08,未发现独立问题,否（若后续升级则重排）,E-AU-008-002/003/004/015,是,实现SDK公共调用、传输、上下文、错误、节点或正式检查/候选制品职责,workspace package/export、应用入口或正式npm/release脚本,对应App、Commerce workload、npm检查或release阶段,人工导出详见exports.csv；CLI/SQL模板无导出时按入口执行,Console/Storefront与SDK tests,Operation/Event定义、RequestContext、HTTP/微信响应、文件或上游配置，按文件适用,请求/响应、冻结对象、生成投影、路由/事件注册、检查或制品身份，按文件适用,主要为局部状态/冻结目录；共享状态见functions.csv,无直接数据库写；业务handler语义不在本AU,测试/mock或下游调用；本文件不直接建立线上连接,无直接事件或本AU不适用,SDK通过App解析后的base URL/context；正式命令依赖本地node_modules；不记录敏感值,SDK只传上下文，不替代服务端授权；无则不适用,Node 22/浏览器/Web Crypto/wx requester/PostgreSQL/构建制品，按文件适用,无外部初始化写；CLI脚本仅在显式执行时运行,见functions.csv；多数仅声明,无或不适用,正式测试因依赖缺失未加载；已人工评估oracle,deadline finally dispose,前置拒绝、Abort、事务rollback、脚本退出或旧制品回退；具体FMEA见fmea.csv,本文件自身为测试；用例见tests.csv,按用例记录；frozen/cancel局部可信，CORS/Wechat/retry存在缺口，正式执行环境阻塞,AU-008 summary、artifact/runtime/communications矩阵及全局01-09报告,以固定基线注册/加载代码为准；runtimegraph旧契约为STALE/CONFLICT,公开SDK/冻结Operation/生成格式或外部消费者兼容未排除,未证明有可安全等价替代；测试mock与生产差异不算替代,否；未满足G3十三项、可观察行为不变和第二次复核,package import、App构建、HTTP注册、事件发布、生成检查、候选制品或契约测试首先失败,[FACT] 人工文件完成本AU范围的全文件深审；问题/UNKNOWN见summary与finding
FILE-AU-008-003,01_core_hexin/packages/sdk/src/ApiClient.ts,@shop/sdk,TypeScript源码,6f6875adf5e4e972573cfbd09ff490965bd57bfb,140,全文件逐行/逐关键分支深入审阅,Codex主审,2026-09-14,AU-008,CP-08,未发现独立问题,否（若后续升级则重排）,E-AU-008-002/003/004/015,是,实现SDK公共调用、传输、上下文、错误、节点或正式检查/候选制品职责,workspace package/export、应用入口或正式npm/release脚本,对应App、Commerce workload、npm检查或release阶段,人工导出详见exports.csv；CLI/SQL模板无导出时按入口执行,Console/Storefront与SDK tests,Operation/Event定义、RequestContext、HTTP/微信响应、文件或上游配置，按文件适用,请求/响应、冻结对象、生成投影、路由/事件注册、检查或制品身份，按文件适用,主要为局部状态/冻结目录；共享状态见functions.csv,无直接数据库写；业务handler语义不在本AU,browser fetch,无直接事件或本AU不适用,SDK通过App解析后的base URL/context；正式命令依赖本地node_modules；不记录敏感值,SDK只传上下文，不替代服务端授权；无则不适用,Node 22/浏览器/Web Crypto/wx requester/PostgreSQL/构建制品，按文件适用,无外部初始化写；CLI脚本仅在显式执行时运行,见functions.csv；多数仅声明,无或不适用,正式测试因依赖缺失未加载；已人工评估oracle,deadline finally dispose,前置拒绝、Abort、事务rollback、脚本退出或旧制品回退；具体FMEA见fmea.csv,SDK 27用例及对应HTTP/Event/Console测试；正式执行环境阻塞,按用例记录；frozen/cancel局部可信，CORS/Wechat/retry存在缺口，正式执行环境阻塞,AU-008 summary、artifact/runtime/communications矩阵及全局01-09报告,以固定基线注册/加载代码为准；runtimegraph旧契约为STALE/CONFLICT,公开SDK/冻结Operation/生成格式或外部消费者兼容未排除,未证明有可安全等价替代；测试mock与生产差异不算替代,否；未满足G3十三项、可观察行为不变和第二次复核,package import、App构建、HTTP注册、事件发布、生成检查、候选制品或契约测试首先失败,[FACT] 人工文件完成本AU范围的全文件深审；问题/UNKNOWN见summary与finding
FILE-AU-008-004,01_core_hexin/packages/sdk/src/BrowserAuthorization.test.ts,@shop/sdk,TypeScript测试,dbc75186c3f862ed9bc26cc408bdfa8a05aa6341,15,全文件逐行/逐关键分支深入审阅,Codex主审,2026-09-14,AU-008,CP-08,未发现独立问题,否（若后续升级则重排）,E-AU-008-002/003/004/015,是,实现SDK公共调用、传输、上下文、错误、节点或正式检查/候选制品职责,workspace package/export、应用入口或正式npm/release脚本,对应App、Commerce workload、npm检查或release阶段,人工导出详见exports.csv；CLI/SQL模板无导出时按入口执行,Console/Storefront与SDK tests,Operation/Event定义、RequestContext、HTTP/微信响应、文件或上游配置，按文件适用,请求/响应、冻结对象、生成投影、路由/事件注册、检查或制品身份，按文件适用,主要为局部状态/冻结目录；共享状态见functions.csv,无直接数据库写；业务handler语义不在本AU,测试/mock或下游调用；本文件不直接建立线上连接,无直接事件或本AU不适用,SDK通过App解析后的base URL/context；正式命令依赖本地node_modules；不记录敏感值,SDK只传上下文，不替代服务端授权；无则不适用,Node 22/浏览器/Web Crypto/wx requester/PostgreSQL/构建制品，按文件适用,无外部初始化写；CLI脚本仅在显式执行时运行,见functions.csv；多数仅声明,无或不适用,正式测试因依赖缺失未加载；已人工评估oracle,无持久资源或由调用者/进程管理,前置拒绝、Abort、事务rollback、脚本退出或旧制品回退；具体FMEA见fmea.csv,本文件自身为测试；用例见tests.csv,按用例记录；frozen/cancel局部可信，CORS/Wechat/retry存在缺口，正式执行环境阻塞,AU-008 summary、artifact/runtime/communications矩阵及全局01-09报告,以固定基线注册/加载代码为准；runtimegraph旧契约为STALE/CONFLICT,公开SDK/冻结Operation/生成格式或外部消费者兼容未排除,未证明有可安全等价替代；测试mock与生产差异不算替代,否；未满足G3十三项、可观察行为不变和第二次复核,package import、App构建、HTTP注册、事件发布、生成检查、候选制品或契约测试首先失败,[FACT] 人工文件完成本AU范围的全文件深审；问题/UNKNOWN见summary与finding
FILE-AU-008-005,01_core_hexin/packages/sdk/src/BrowserAuthorization.ts,@shop/sdk,TypeScript源码,c192fb1be532a45b0447afefc099aaf0905d093f,108,全文件逐行/逐关键分支深入审阅,Codex主审,2026-09-14,AU-008,CP-08,未发现独立问题,否（若后续升级则重排）,E-AU-008-002/003/004/015,是,实现SDK公共调用、传输、上下文、错误、节点或正式检查/候选制品职责,workspace package/export、应用入口或正式npm/release脚本,对应App、Commerce workload、npm检查或release阶段,人工导出详见exports.csv；CLI/SQL模板无导出时按入口执行,Console/Storefront与SDK tests,Operation/Event定义、RequestContext、HTTP/微信响应、文件或上游配置，按文件适用,请求/响应、冻结对象、生成投影、路由/事件注册、检查或制品身份，按文件适用,主要为局部状态/冻结目录；共享状态见functions.csv,无直接数据库写；业务handler语义不在本AU,无直接网络，或仅在被调用的应用/发布流程中产生,无直接事件或本AU不适用,SDK通过App解析后的base URL/context；正式命令依赖本地node_modules；不记录敏感值,SDK只传上下文，不替代服务端授权；无则不适用,Node 22/浏览器/Web Crypto/wx requester/PostgreSQL/构建制品，按文件适用,无外部初始化写；CLI脚本仅在显式执行时运行,见functions.csv；多数仅声明,无或不适用,正式测试因依赖缺失未加载；已人工评估oracle,无持久资源或由调用者/进程管理,前置拒绝、Abort、事务rollback、脚本退出或旧制品回退；具体FMEA见fmea.csv,SDK 27用例及对应HTTP/Event/Console测试；正式执行环境阻塞,按用例记录；frozen/cancel局部可信，CORS/Wechat/retry存在缺口，正式执行环境阻塞,AU-008 summary、artifact/runtime/communications矩阵及全局01-09报告,以固定基线注册/加载代码为准；runtimegraph旧契约为STALE/CONFLICT,公开SDK/冻结Operation/生成格式或外部消费者兼容未排除,未证明有可安全等价替代；测试mock与生产差异不算替代,否；未满足G3十三项、可观察行为不变和第二次复核,package import、App构建、HTTP注册、事件发布、生成检查、候选制品或契约测试首先失败,[FACT] 人工文件完成本AU范围的全文件深审；问题/UNKNOWN见summary与finding
FILE-AU-008-006,01_core_hexin/packages/sdk/src/ClientFactory.ts,@shop/sdk,TypeScript源码,e55d16bb1b4704a42cc0fbeee8061b381b71be5a,17,全文件逐行/逐关键分支深入审阅,Codex主审,2026-09-14,AU-008,CP-08,未发现独立问题,否（若后续升级则重排）,E-AU-008-002/003/004/015,是,实现SDK公共调用、传输、上下文、错误、节点或正式检查/候选制品职责,workspace package/export、应用入口或正式npm/release脚本,对应App、Commerce workload、npm检查或release阶段,人工导出详见exports.csv；CLI/SQL模板无导出时按入口执行,Console/Storefront与SDK tests,Operation/Event定义、RequestContext、HTTP/微信响应、文件或上游配置，按文件适用,请求/响应、冻结对象、生成投影、路由/事件注册、检查或制品身份，按文件适用,主要为局部状态/冻结目录；共享状态见functions.csv,无直接数据库写；业务handler语义不在本AU,无直接网络，或仅在被调用的应用/发布流程中产生,无直接事件或本AU不适用,SDK通过App解析后的base URL/context；正式命令依赖本地node_modules；不记录敏感值,SDK只传上下文，不替代服务端授权；无则不适用,Node 22/浏览器/Web Crypto/wx requester/PostgreSQL/构建制品，按文件适用,无外部初始化写；CLI脚本仅在显式执行时运行,见functions.csv；多数仅声明,无或不适用,正式测试因依赖缺失未加载；已人工评估oracle,无持久资源或由调用者/进程管理,前置拒绝、Abort、事务rollback、脚本退出或旧制品回退；具体FMEA见fmea.csv,SDK 27用例及对应HTTP/Event/Console测试；正式执行环境阻塞,按用例记录；frozen/cancel局部可信，CORS/Wechat/retry存在缺口，正式执行环境阻塞,AU-008 summary、artifact/runtime/communications矩阵及全局01-09报告,以固定基线注册/加载代码为准；runtimegraph旧契约为STALE/CONFLICT,公开SDK/冻结Operation/生成格式或外部消费者兼容未排除,未证明有可安全等价替代；测试mock与生产差异不算替代,否；未满足G3十三项、可观察行为不变和第二次复核,package import、App构建、HTTP注册、事件发布、生成检查、候选制品或契约测试首先失败,[FACT] 人工文件完成本AU范围的全文件深审；问题/UNKNOWN见summary与finding
FILE-AU-008-007,01_core_hexin/packages/sdk/src/CommerceClient.test.ts,@shop/sdk,TypeScript测试,b2e39134f3bfc3306dbcf65d5b6aca173bf10efe,24,全文件逐行/逐关键分支深入审阅,Codex主审,2026-09-14,AU-008,CP-08,未发现独立问题,否（若后续升级则重排）,E-AU-008-002/003/004/015,是,实现SDK公共调用、传输、上下文、错误、节点或正式检查/候选制品职责,workspace package/export、应用入口或正式npm/release脚本,对应App、Commerce workload、npm检查或release阶段,人工导出详见exports.csv；CLI/SQL模板无导出时按入口执行,Console/Storefront与SDK tests,Operation/Event定义、RequestContext、HTTP/微信响应、文件或上游配置，按文件适用,请求/响应、冻结对象、生成投影、路由/事件注册、检查或制品身份，按文件适用,主要为局部状态/冻结目录；共享状态见functions.csv,无直接数据库写；业务handler语义不在本AU,测试/mock或下游调用；本文件不直接建立线上连接,无直接事件或本AU不适用,SDK通过App解析后的base URL/context；正式命令依赖本地node_modules；不记录敏感值,SDK只传上下文，不替代服务端授权；无则不适用,Node 22/浏览器/Web Crypto/wx requester/PostgreSQL/构建制品，按文件适用,无外部初始化写；CLI脚本仅在显式执行时运行,见functions.csv；多数仅声明,无或不适用,正式测试因依赖缺失未加载；已人工评估oracle,无持久资源或由调用者/进程管理,前置拒绝、Abort、事务rollback、脚本退出或旧制品回退；具体FMEA见fmea.csv,本文件自身为测试；用例见tests.csv,按用例记录；frozen/cancel局部可信，CORS/Wechat/retry存在缺口，正式执行环境阻塞,AU-008 summary、artifact/runtime/communications矩阵及全局01-09报告,以固定基线注册/加载代码为准；runtimegraph旧契约为STALE/CONFLICT,公开SDK/冻结Operation/生成格式或外部消费者兼容未排除,未证明有可安全等价替代；测试mock与生产差异不算替代,否；未满足G3十三项、可观察行为不变和第二次复核,package import、App构建、HTTP注册、事件发布、生成检查、候选制品或契约测试首先失败,[FACT] 人工文件完成本AU范围的全文件深审；问题/UNKNOWN见summary与finding
FILE-AU-008-008,01_core_hexin/packages/sdk/src/DomainFactory.test.ts,@shop/sdk,TypeScript测试,9af5c2b4e3cda523cdca8e81ec5c5e314ae413d9,22,全文件逐行/逐关键分支深入审阅,Codex主审,2026-09-14,AU-008,CP-08,未发现独立问题,否（若后续升级则重排）,E-AU-008-002/003/004/015,是,实现SDK公共调用、传输、上下文、错误、节点或正式检查/候选制品职责,workspace package/export、应用入口或正式npm/release脚本,对应App、Commerce workload、npm检查或release阶段,人工导出详见exports.csv；CLI/SQL模板无导出时按入口执行,Console/Storefront与SDK tests,Operation/Event定义、RequestContext、HTTP/微信响应、文件或上游配置，按文件适用,请求/响应、冻结对象、生成投影、路由/事件注册、检查或制品身份，按文件适用,主要为局部状态/冻结目录；共享状态见functions.csv,无直接数据库写；业务handler语义不在本AU,测试/mock或下游调用；本文件不直接建立线上连接,无直接事件或本AU不适用,SDK通过App解析后的base URL/context；正式命令依赖本地node_modules；不记录敏感值,SDK只传上下文，不替代服务端授权；无则不适用,Node 22/浏览器/Web Crypto/wx requester/PostgreSQL/构建制品，按文件适用,无外部初始化写；CLI脚本仅在显式执行时运行,见functions.csv；多数仅声明,无或不适用,正式测试因依赖缺失未加载；已人工评估oracle,无持久资源或由调用者/进程管理,前置拒绝、Abort、事务rollback、脚本退出或旧制品回退；具体FMEA见fmea.csv,本文件自身为测试；用例见tests.csv,按用例记录；frozen/cancel局部可信，CORS/Wechat/retry存在缺口，正式执行环境阻塞,AU-008 summary、artifact/runtime/communications矩阵及全局01-09报告,以固定基线注册/加载代码为准；runtimegraph旧契约为STALE/CONFLICT,公开SDK/冻结Operation/生成格式或外部消费者兼容未排除,未证明有可安全等价替代；测试mock与生产差异不算替代,否；未满足G3十三项、可观察行为不变和第二次复核,package import、App构建、HTTP注册、事件发布、生成检查、候选制品或契约测试首先失败,[FACT] 人工文件完成本AU范围的全文件深审；问题/UNKNOWN见summary与finding
FILE-AU-008-009,01_core_hexin/packages/sdk/src/ErrorCause.ts,@shop/sdk,TypeScript源码,d7838d2fbf3322315b07a7f2aa34b130796e331b,3,全文件逐行/逐关键分支深入审阅,Codex主审,2026-09-14,AU-008,CP-08,未发现独立问题,否（若后续升级则重排）,E-AU-008-002/003/004/015,是,实现SDK公共调用、传输、上下文、错误、节点或正式检查/候选制品职责,workspace package/export、应用入口或正式npm/release脚本,对应App、Commerce workload、npm检查或release阶段,人工导出详见exports.csv；CLI/SQL模板无导出时按入口执行,Console/Storefront与SDK tests,Operation/Event定义、RequestContext、HTTP/微信响应、文件或上游配置，按文件适用,请求/响应、冻结对象、生成投影、路由/事件注册、检查或制品身份，按文件适用,主要为局部状态/冻结目录；共享状态见functions.csv,无直接数据库写；业务handler语义不在本AU,无直接网络，或仅在被调用的应用/发布流程中产生,无直接事件或本AU不适用,SDK通过App解析后的base URL/context；正式命令依赖本地node_modules；不记录敏感值,SDK只传上下文，不替代服务端授权；无则不适用,Node 22/浏览器/Web Crypto/wx requester/PostgreSQL/构建制品，按文件适用,无外部初始化写；CLI脚本仅在显式执行时运行,见functions.csv；多数仅声明,无或不适用,正式测试因依赖缺失未加载；已人工评估oracle,无持久资源或由调用者/进程管理,前置拒绝、Abort、事务rollback、脚本退出或旧制品回退；具体FMEA见fmea.csv,SDK 27用例及对应HTTP/Event/Console测试；正式执行环境阻塞,按用例记录；frozen/cancel局部可信，CORS/Wechat/retry存在缺口，正式执行环境阻塞,AU-008 summary、artifact/runtime/communications矩阵及全局01-09报告,以固定基线注册/加载代码为准；runtimegraph旧契约为STALE/CONFLICT,公开SDK/冻结Operation/生成格式或外部消费者兼容未排除,未证明有可安全等价替代；测试mock与生产差异不算替代,否；未满足G3十三项、可观察行为不变和第二次复核,package import、App构建、HTTP注册、事件发布、生成检查、候选制品或契约测试首先失败,[FACT] 人工文件完成本AU范围的全文件深审；问题/UNKNOWN见summary与finding
FILE-AU-008-010,01_core_hexin/packages/sdk/src/FetchTransport.test.ts,@shop/sdk,TypeScript测试,b248eaf0ef30c28210621e3a83a0968bfa32a099,43,全文件逐行/逐关键分支深入审阅,Codex主审,2026-09-14,AU-008,CP-08,未发现独立问题,否（若后续升级则重排）,E-AU-008-002/003/004/015,是,实现SDK公共调用、传输、上下文、错误、节点或正式检查/候选制品职责,workspace package/export、应用入口或正式npm/release脚本,对应App、Commerce workload、npm检查或release阶段,人工导出详见exports.csv；CLI/SQL模板无导出时按入口执行,Console/Storefront与SDK tests,Operation/Event定义、RequestContext、HTTP/微信响应、文件或上游配置，按文件适用,请求/响应、冻结对象、生成投影、路由/事件注册、检查或制品身份，按文件适用,主要为局部状态/冻结目录；共享状态见functions.csv,无直接数据库写；业务handler语义不在本AU,测试/mock或下游调用；本文件不直接建立线上连接,无直接事件或本AU不适用,SDK通过App解析后的base URL/context；正式命令依赖本地node_modules；不记录敏感值,SDK只传上下文，不替代服务端授权；无则不适用,Node 22/浏览器/Web Crypto/wx requester/PostgreSQL/构建制品，按文件适用,无外部初始化写；CLI脚本仅在显式执行时运行,见functions.csv；多数仅声明,无或不适用,正式测试因依赖缺失未加载；已人工评估oracle,无持久资源或由调用者/进程管理,前置拒绝、Abort、事务rollback、脚本退出或旧制品回退；具体FMEA见fmea.csv,本文件自身为测试；用例见tests.csv,按用例记录；frozen/cancel局部可信，CORS/Wechat/retry存在缺口，正式执行环境阻塞,AU-008 summary、artifact/runtime/communications矩阵及全局01-09报告,以固定基线注册/加载代码为准；runtimegraph旧契约为STALE/CONFLICT,公开SDK/冻结Operation/生成格式或外部消费者兼容未排除,未证明有可安全等价替代；测试mock与生产差异不算替代,否；未满足G3十三项、可观察行为不变和第二次复核,package import、App构建、HTTP注册、事件发布、生成检查、候选制品或契约测试首先失败,[FACT] 人工文件完成本AU范围的全文件深审；问题/UNKNOWN见summary与finding
FILE-AU-008-011,01_core_hexin/packages/sdk/src/FetchTransport.ts,@shop/sdk,TypeScript源码,40d576051908f2e3df80e8515e044ecfef5ddf20,22,全文件逐行/逐关键分支深入审阅,Codex主审,2026-09-14,AU-008,CP-08,未发现独立问题,否（若后续升级则重排）,E-AU-008-002/003/004/015,是,实现SDK公共调用、传输、上下文、错误、节点或正式检查/候选制品职责,workspace package/export、应用入口或正式npm/release脚本,对应App、Commerce workload、npm检查或release阶段,人工导出详见exports.csv；CLI/SQL模板无导出时按入口执行,Console/Storefront与SDK tests,Operation/Event定义、RequestContext、HTTP/微信响应、文件或上游配置，按文件适用,请求/响应、冻结对象、生成投影、路由/事件注册、检查或制品身份，按文件适用,主要为局部状态/冻结目录；共享状态见functions.csv,无直接数据库写；业务handler语义不在本AU,browser fetch,无直接事件或本AU不适用,SDK通过App解析后的base URL/context；正式命令依赖本地node_modules；不记录敏感值,SDK只传上下文，不替代服务端授权；无则不适用,Node 22/浏览器/Web Crypto/wx requester/PostgreSQL/构建制品，按文件适用,无外部初始化写；CLI脚本仅在显式执行时运行,见functions.csv；多数仅声明,无或不适用,正式测试因依赖缺失未加载；已人工评估oracle,无持久资源或由调用者/进程管理,前置拒绝、Abort、事务rollback、脚本退出或旧制品回退；具体FMEA见fmea.csv,SDK 27用例及对应HTTP/Event/Console测试；正式执行环境阻塞,按用例记录；frozen/cancel局部可信，CORS/Wechat/retry存在缺口，正式执行环境阻塞,AU-008 summary、artifact/runtime/communications矩阵及全局01-09报告,以固定基线注册/加载代码为准；runtimegraph旧契约为STALE/CONFLICT,公开SDK/冻结Operation/生成格式或外部消费者兼容未排除,未证明有可安全等价替代；测试mock与生产差异不算替代,否；未满足G3十三项、可观察行为不变和第二次复核,package import、App构建、HTTP注册、事件发布、生成检查、候选制品或契约测试首先失败,[FACT] 人工文件完成本AU范围的全文件深审；问题/UNKNOWN见summary与finding
FILE-AU-008-012,01_core_hexin/packages/sdk/src/IdentityNodeRegistry.test.ts,@shop/sdk,TypeScript测试,e4bc4a86ed08f6c78d50e5925bf1f043abdd09ea,103,全文件逐行/逐关键分支深入审阅,Codex主审,2026-09-14,AU-008,CP-08,未发现独立问题,否（若后续升级则重排）,E-AU-008-002/003/004/015,是,实现SDK公共调用、传输、上下文、错误、节点或正式检查/候选制品职责,workspace package/export、应用入口或正式npm/release脚本,对应App、Commerce workload、npm检查或release阶段,人工导出详见exports.csv；CLI/SQL模板无导出时按入口执行,Console/Storefront与SDK tests,Operation/Event定义、RequestContext、HTTP/微信响应、文件或上游配置，按文件适用,请求/响应、冻结对象、生成投影、路由/事件注册、检查或制品身份，按文件适用,主要为局部状态/冻结目录；共享状态见functions.csv,无直接数据库写；业务handler语义不在本AU,测试/mock或下游调用；本文件不直接建立线上连接,无直接事件或本AU不适用,SDK通过App解析后的base URL/context；正式命令依赖本地node_modules；不记录敏感值,SDK只传上下文，不替代服务端授权；无则不适用,Node 22/浏览器/Web Crypto/wx requester/PostgreSQL/构建制品，按文件适用,模块加载构建production registry/source,见functions.csv；多数仅声明,无或不适用,正式测试因依赖缺失未加载；已人工评估oracle,无持久资源或由调用者/进程管理,前置拒绝、Abort、事务rollback、脚本退出或旧制品回退；具体FMEA见fmea.csv,本文件自身为测试；用例见tests.csv,按用例记录；frozen/cancel局部可信，CORS/Wechat/retry存在缺口，正式执行环境阻塞,AU-008 summary、artifact/runtime/communications矩阵及全局01-09报告,以固定基线注册/加载代码为准；runtimegraph旧契约为STALE/CONFLICT,公开SDK/冻结Operation/生成格式或外部消费者兼容未排除,未证明有可安全等价替代；测试mock与生产差异不算替代,否；未满足G3十三项、可观察行为不变和第二次复核,package import、App构建、HTTP注册、事件发布、生成检查、候选制品或契约测试首先失败,[FACT] 人工文件完成本AU范围的全文件深审；问题/UNKNOWN见summary与finding
FILE-AU-008-013,01_core_hexin/packages/sdk/src/IdentityNodeRegistry.ts,@shop/sdk,TypeScript源码,d1e2efc61cb74507a47612f838a84dfe73675bd2,253,全文件逐行/逐关键分支深入审阅,Codex主审,2026-09-14,AU-008,CP-08,未发现独立问题,否（若后续升级则重排）,E-AU-008-002/003/004/015,是,实现SDK公共调用、传输、上下文、错误、节点或正式检查/候选制品职责,workspace package/export、应用入口或正式npm/release脚本,对应App、Commerce workload、npm检查或release阶段,人工导出详见exports.csv；CLI/SQL模板无导出时按入口执行,Console/Storefront与SDK tests,Operation/Event定义、RequestContext、HTTP/微信响应、文件或上游配置，按文件适用,请求/响应、冻结对象、生成投影、路由/事件注册、检查或制品身份，按文件适用,主要为局部状态/冻结目录；共享状态见functions.csv,无直接数据库写；业务handler语义不在本AU,无直接网络，或仅在被调用的应用/发布流程中产生,无直接事件或本AU不适用,SDK通过App解析后的base URL/context；正式命令依赖本地node_modules；不记录敏感值,SDK只传上下文，不替代服务端授权；无则不适用,Node 22/浏览器/Web Crypto/wx requester/PostgreSQL/构建制品，按文件适用,模块加载构建production registry/source,见functions.csv；多数仅声明,无或不适用,正式测试因依赖缺失未加载；已人工评估oracle,无持久资源或由调用者/进程管理,前置拒绝、Abort、事务rollback、脚本退出或旧制品回退；具体FMEA见fmea.csv,SDK 27用例及对应HTTP/Event/Console测试；正式执行环境阻塞,按用例记录；frozen/cancel局部可信，CORS/Wechat/retry存在缺口，正式执行环境阻塞,AU-008 summary、artifact/runtime/communications矩阵及全局01-09报告,以固定基线注册/加载代码为准；runtimegraph旧契约为STALE/CONFLICT,公开SDK/冻结Operation/生成格式或外部消费者兼容未排除,未证明有可安全等价替代；测试mock与生产差异不算替代,否；未满足G3十三项、可观察行为不变和第二次复核,package import、App构建、HTTP注册、事件发布、生成检查、候选制品或契约测试首先失败,[FACT] 人工文件完成本AU范围的全文件深审；问题/UNKNOWN见summary与finding
FILE-AU-008-014,01_core_hexin/packages/sdk/src/OperationDescriptor.ts,@shop/sdk,TypeScript源码,6c06a25a93dfcb068c432868f15e4dd1d9c33ab1,71,全文件逐行/逐关键分支深入审阅,Codex主审,2026-09-14,AU-008,CP-08,未发现独立问题,否（若后续升级则重排）,E-AU-008-002/003/004/015,是,实现SDK公共调用、传输、上下文、错误、节点或正式检查/候选制品职责,workspace package/export、应用入口或正式npm/release脚本,对应App、Commerce workload、npm检查或release阶段,人工导出详见exports.csv；CLI/SQL模板无导出时按入口执行,Console/Storefront与SDK tests,Operation/Event定义、RequestContext、HTTP/微信响应、文件或上游配置，按文件适用,请求/响应、冻结对象、生成投影、路由/事件注册、检查或制品身份，按文件适用,主要为局部状态/冻结目录；共享状态见functions.csv,无直接数据库写；业务handler语义不在本AU,无直接网络，或仅在被调用的应用/发布流程中产生,无直接事件或本AU不适用,SDK通过App解析后的base URL/context；正式命令依赖本地node_modules；不记录敏感值,SDK只传上下文，不替代服务端授权；无则不适用,Node 22/浏览器/Web Crypto/wx requester/PostgreSQL/构建制品，按文件适用,无外部初始化写；CLI脚本仅在显式执行时运行,见functions.csv；多数仅声明,无或不适用,正式测试因依赖缺失未加载；已人工评估oracle,无持久资源或由调用者/进程管理,前置拒绝、Abort、事务rollback、脚本退出或旧制品回退；具体FMEA见fmea.csv,SDK 27用例及对应HTTP/Event/Console测试；正式执行环境阻塞,按用例记录；frozen/cancel局部可信，CORS/Wechat/retry存在缺口，正式执行环境阻塞,AU-008 summary、artifact/runtime/communications矩阵及全局01-09报告,以固定基线注册/加载代码为准；runtimegraph旧契约为STALE/CONFLICT,公开SDK/冻结Operation/生成格式或外部消费者兼容未排除,未证明有可安全等价替代；测试mock与生产差异不算替代,否；未满足G3十三项、可观察行为不变和第二次复核,package import、App构建、HTTP注册、事件发布、生成检查、候选制品或契约测试首先失败,[FACT] 人工文件完成本AU范围的全文件深审；问题/UNKNOWN见summary与finding
FILE-AU-008-015,01_core_hexin/packages/sdk/src/RequestContext.ts,@shop/sdk,TypeScript源码,7000535b2f1fef74ec4e73d911f77714a830f393,19,全文件逐行/逐关键分支深入审阅,Codex主审,2026-09-14,AU-008,CP-08,未发现独立问题,否（若后续升级则重排）,E-AU-008-002/003/004/015,是,实现SDK公共调用、传输、上下文、错误、节点或正式检查/候选制品职责,workspace package/export、应用入口或正式npm/release脚本,对应App、Commerce workload、npm检查或release阶段,人工导出详见exports.csv；CLI/SQL模板无导出时按入口执行,Console/Storefront与SDK tests,Operation/Event定义、RequestContext、HTTP/微信响应、文件或上游配置，按文件适用,请求/响应、冻结对象、生成投影、路由/事件注册、检查或制品身份，按文件适用,主要为局部状态/冻结目录；共享状态见functions.csv,无直接数据库写；业务handler语义不在本AU,无直接网络，或仅在被调用的应用/发布流程中产生,无直接事件或本AU不适用,SDK通过App解析后的base URL/context；正式命令依赖本地node_modules；不记录敏感值,SDK只传上下文，不替代服务端授权；无则不适用,Node 22/浏览器/Web Crypto/wx requester/PostgreSQL/构建制品，按文件适用,无外部初始化写；CLI脚本仅在显式执行时运行,见functions.csv；多数仅声明,无或不适用,正式测试因依赖缺失未加载；已人工评估oracle,无持久资源或由调用者/进程管理,前置拒绝、Abort、事务rollback、脚本退出或旧制品回退；具体FMEA见fmea.csv,SDK 27用例及对应HTTP/Event/Console测试；正式执行环境阻塞,按用例记录；frozen/cancel局部可信，CORS/Wechat/retry存在缺口，正式执行环境阻塞,AU-008 summary、artifact/runtime/communications矩阵及全局01-09报告,以固定基线注册/加载代码为准；runtimegraph旧契约为STALE/CONFLICT,公开SDK/冻结Operation/生成格式或外部消费者兼容未排除,未证明有可安全等价替代；测试mock与生产差异不算替代,否；未满足G3十三项、可观察行为不变和第二次复核,package import、App构建、HTTP注册、事件发布、生成检查、候选制品或契约测试首先失败,[FACT] 人工文件完成本AU范围的全文件深审；问题/UNKNOWN见summary与finding
FILE-AU-008-016,01_core_hexin/packages/sdk/src/RequestContextFactory.test.ts,@shop/sdk,TypeScript测试,37145b45d3647a3d3257a4549642e60ba03433f8,31,全文件逐行/逐关键分支深入审阅,Codex主审,2026-09-14,AU-008,CP-08,未发现独立问题,否（若后续升级则重排）,E-AU-008-002/003/004/015,是,实现SDK公共调用、传输、上下文、错误、节点或正式检查/候选制品职责,workspace package/export、应用入口或正式npm/release脚本,对应App、Commerce workload、npm检查或release阶段,人工导出详见exports.csv；CLI/SQL模板无导出时按入口执行,Console/Storefront与SDK tests,Operation/Event定义、RequestContext、HTTP/微信响应、文件或上游配置，按文件适用,请求/响应、冻结对象、生成投影、路由/事件注册、检查或制品身份，按文件适用,主要为局部状态/冻结目录；共享状态见functions.csv,无直接数据库写；业务handler语义不在本AU,测试/mock或下游调用；本文件不直接建立线上连接,无直接事件或本AU不适用,SDK通过App解析后的base URL/context；正式命令依赖本地node_modules；不记录敏感值,SDK只传上下文，不替代服务端授权；无则不适用,Node 22/浏览器/Web Crypto/wx requester/PostgreSQL/构建制品，按文件适用,无外部初始化写；CLI脚本仅在显式执行时运行,见functions.csv；多数仅声明,无或不适用,正式测试因依赖缺失未加载；已人工评估oracle,无持久资源或由调用者/进程管理,前置拒绝、Abort、事务rollback、脚本退出或旧制品回退；具体FMEA见fmea.csv,本文件自身为测试；用例见tests.csv,按用例记录；frozen/cancel局部可信，CORS/Wechat/retry存在缺口，正式执行环境阻塞,AU-008 summary、artifact/runtime/communications矩阵及全局01-09报告,以固定基线注册/加载代码为准；runtimegraph旧契约为STALE/CONFLICT,公开SDK/冻结Operation/生成格式或外部消费者兼容未排除,未证明有可安全等价替代；测试mock与生产差异不算替代,否；未满足G3十三项、可观察行为不变和第二次复核,package import、App构建、HTTP注册、事件发布、生成检查、候选制品或契约测试首先失败,[FACT] 人工文件完成本AU范围的全文件深审；问题/UNKNOWN见summary与finding
FILE-AU-008-017,01_core_hexin/packages/sdk/src/RequestContextFactory.ts,@shop/sdk,TypeScript源码,9407d23033345a0df96b1a35b79b2fe97f74740d,77,全文件逐行/逐关键分支深入审阅,Codex主审,2026-09-14,AU-008,CP-08,未发现独立问题,否（若后续升级则重排）,E-AU-008-002/003/004/015,是,实现SDK公共调用、传输、上下文、错误、节点或正式检查/候选制品职责,workspace package/export、应用入口或正式npm/release脚本,对应App、Commerce workload、npm检查或release阶段,人工导出详见exports.csv；CLI/SQL模板无导出时按入口执行,Console/Storefront与SDK tests,Operation/Event定义、RequestContext、HTTP/微信响应、文件或上游配置，按文件适用,请求/响应、冻结对象、生成投影、路由/事件注册、检查或制品身份，按文件适用,主要为局部状态/冻结目录；共享状态见functions.csv,无直接数据库写；业务handler语义不在本AU,无直接网络，或仅在被调用的应用/发布流程中产生,无直接事件或本AU不适用,SDK通过App解析后的base URL/context；正式命令依赖本地node_modules；不记录敏感值,SDK只传上下文，不替代服务端授权；无则不适用,Node 22/浏览器/Web Crypto/wx requester/PostgreSQL/构建制品，按文件适用,无外部初始化写；CLI脚本仅在显式执行时运行,见functions.csv；多数仅声明,无或不适用,正式测试因依赖缺失未加载；已人工评估oracle,无持久资源或由调用者/进程管理,前置拒绝、Abort、事务rollback、脚本退出或旧制品回退；具体FMEA见fmea.csv,SDK 27用例及对应HTTP/Event/Console测试；正式执行环境阻塞,按用例记录；frozen/cancel局部可信，CORS/Wechat/retry存在缺口，正式执行环境阻塞,AU-008 summary、artifact/runtime/communications矩阵及全局01-09报告,以固定基线注册/加载代码为准；runtimegraph旧契约为STALE/CONFLICT,公开SDK/冻结Operation/生成格式或外部消费者兼容未排除,未证明有可安全等价替代；测试mock与生产差异不算替代,否；未满足G3十三项、可观察行为不变和第二次复核,package import、App构建、HTTP注册、事件发布、生成检查、候选制品或契约测试首先失败,[FACT] 人工文件完成本AU范围的全文件深审；问题/UNKNOWN见summary与finding
FILE-AU-008-018,01_core_hexin/packages/sdk/src/RetryPolicy.ts,@shop/sdk,TypeScript源码,e959768fe8032255ea7fb77187ab69abb044f2aa,16,全文件逐行/逐关键分支深入审阅,Codex主审,2026-09-14,AU-008,CP-08,未发现独立问题,否（若后续升级则重排）,E-AU-008-002/003/004/015,是,实现SDK公共调用、传输、上下文、错误、节点或正式检查/候选制品职责,workspace package/export、应用入口或正式npm/release脚本,对应App、Commerce workload、npm检查或release阶段,人工导出详见exports.csv；CLI/SQL模板无导出时按入口执行,Console/Storefront与SDK tests,Operation/Event定义、RequestContext、HTTP/微信响应、文件或上游配置，按文件适用,请求/响应、冻结对象、生成投影、路由/事件注册、检查或制品身份，按文件适用,主要为局部状态/冻结目录；共享状态见functions.csv,无直接数据库写；业务handler语义不在本AU,无直接网络，或仅在被调用的应用/发布流程中产生,无直接事件或本AU不适用,SDK通过App解析后的base URL/context；正式命令依赖本地node_modules；不记录敏感值,SDK只传上下文，不替代服务端授权；无则不适用,Node 22/浏览器/Web Crypto/wx requester/PostgreSQL/构建制品，按文件适用,无外部初始化写；CLI脚本仅在显式执行时运行,见functions.csv；多数仅声明,无或不适用,正式测试因依赖缺失未加载；已人工评估oracle,无持久资源或由调用者/进程管理,前置拒绝、Abort、事务rollback、脚本退出或旧制品回退；具体FMEA见fmea.csv,SDK 27用例及对应HTTP/Event/Console测试；正式执行环境阻塞,按用例记录；frozen/cancel局部可信，CORS/Wechat/retry存在缺口，正式执行环境阻塞,AU-008 summary、artifact/runtime/communications矩阵及全局01-09报告,以固定基线注册/加载代码为准；runtimegraph旧契约为STALE/CONFLICT,公开SDK/冻结Operation/生成格式或外部消费者兼容未排除,未证明有可安全等价替代；测试mock与生产差异不算替代,否；未满足G3十三项、可观察行为不变和第二次复核,package import、App构建、HTTP注册、事件发布、生成检查、候选制品或契约测试首先失败,[FACT] 人工文件完成本AU范围的全文件深审；问题/UNKNOWN见summary与finding
FILE-AU-008-019,01_core_hexin/packages/sdk/src/Transport.ts,@shop/sdk,TypeScript源码,5a469ab049512fd4c6ee6e28e9edec28fc4cf3a9,17,全文件逐行/逐关键分支深入审阅,Codex主审,2026-09-14,AU-008,CP-08,P3（F-0046）,否（若后续升级则重排）,E-AU-008-009,是,实现SDK公共调用、传输、上下文、错误、节点或正式检查/候选制品职责,workspace package/export、应用入口或正式npm/release脚本,对应App、Commerce workload、npm检查或release阶段,人工导出详见exports.csv；CLI/SQL模板无导出时按入口执行,Console/Storefront与SDK tests,Operation/Event定义、RequestContext、HTTP/微信响应、文件或上游配置，按文件适用,请求/响应、冻结对象、生成投影、路由/事件注册、检查或制品身份，按文件适用,主要为局部状态/冻结目录；共享状态见functions.csv,无直接数据库写；业务handler语义不在本AU,无直接网络，或仅在被调用的应用/发布流程中产生,无直接事件或本AU不适用,SDK通过App解析后的base URL/context；正式命令依赖本地node_modules；不记录敏感值,SDK只传上下文，不替代服务端授权；无则不适用,Node 22/浏览器/Web Crypto/wx requester/PostgreSQL/构建制品，按文件适用,无外部初始化写；CLI脚本仅在显式执行时运行,见functions.csv；多数仅声明,无或不适用,正式测试因依赖缺失未加载；已人工评估oracle,无持久资源或由调用者/进程管理,前置拒绝、Abort、事务rollback、脚本退出或旧制品回退；具体FMEA见fmea.csv,SDK 27用例及对应HTTP/Event/Console测试；正式执行环境阻塞,按用例记录；frozen/cancel局部可信，CORS/Wechat/retry存在缺口，正式执行环境阻塞,AU-008 summary、artifact/runtime/communications矩阵及全局01-09报告,以固定基线注册/加载代码为准；runtimegraph旧契约为STALE/CONFLICT,公开SDK/冻结Operation/生成格式或外部消费者兼容未排除,未证明有可安全等价替代；测试mock与生产差异不算替代,否；未满足G3十三项、可观察行为不变和第二次复核,package import、App构建、HTTP注册、事件发布、生成检查、候选制品或契约测试首先失败,[FACT] 人工文件完成本AU范围的全文件深审；问题/UNKNOWN见summary与finding
FILE-AU-008-020,01_core_hexin/packages/sdk/src/Url.test.ts,@shop/sdk,TypeScript测试,ed7975f813ec63343ff9d26806cd4278ce2fcb33,11,全文件逐行/逐关键分支深入审阅,Codex主审,2026-09-14,AU-008,CP-08,未发现独立问题,否（若后续升级则重排）,E-AU-008-002/003/004/015,是,实现SDK公共调用、传输、上下文、错误、节点或正式检查/候选制品职责,workspace package/export、应用入口或正式npm/release脚本,对应App、Commerce workload、npm检查或release阶段,人工导出详见exports.csv；CLI/SQL模板无导出时按入口执行,Console/Storefront与SDK tests,Operation/Event定义、RequestContext、HTTP/微信响应、文件或上游配置，按文件适用,请求/响应、冻结对象、生成投影、路由/事件注册、检查或制品身份，按文件适用,主要为局部状态/冻结目录；共享状态见functions.csv,无直接数据库写；业务handler语义不在本AU,测试/mock或下游调用；本文件不直接建立线上连接,无直接事件或本AU不适用,SDK通过App解析后的base URL/context；正式命令依赖本地node_modules；不记录敏感值,SDK只传上下文，不替代服务端授权；无则不适用,Node 22/浏览器/Web Crypto/wx requester/PostgreSQL/构建制品，按文件适用,无外部初始化写；CLI脚本仅在显式执行时运行,见functions.csv；多数仅声明,无或不适用,正式测试因依赖缺失未加载；已人工评估oracle,无持久资源或由调用者/进程管理,前置拒绝、Abort、事务rollback、脚本退出或旧制品回退；具体FMEA见fmea.csv,本文件自身为测试；用例见tests.csv,按用例记录；frozen/cancel局部可信，CORS/Wechat/retry存在缺口，正式执行环境阻塞,AU-008 summary、artifact/runtime/communications矩阵及全局01-09报告,以固定基线注册/加载代码为准；runtimegraph旧契约为STALE/CONFLICT,公开SDK/冻结Operation/生成格式或外部消费者兼容未排除,未证明有可安全等价替代；测试mock与生产差异不算替代,否；未满足G3十三项、可观察行为不变和第二次复核,package import、App构建、HTTP注册、事件发布、生成检查、候选制品或契约测试首先失败,[FACT] 人工文件完成本AU范围的全文件深审；问题/UNKNOWN见summary与finding
FILE-AU-008-021,01_core_hexin/packages/sdk/src/VoucherTarget.test.ts,@shop/sdk,TypeScript测试,285d667a23b423b75c5a308e7a64c77f7822ca6a,79,全文件逐行/逐关键分支深入审阅,Codex主审,2026-09-14,AU-008,CP-08,未发现独立问题,否（若后续升级则重排）,E-AU-008-002/003/004/015,是,实现SDK公共调用、传输、上下文、错误、节点或正式检查/候选制品职责,workspace package/export、应用入口或正式npm/release脚本,对应App、Commerce workload、npm检查或release阶段,人工导出详见exports.csv；CLI/SQL模板无导出时按入口执行,Console/Storefront与SDK tests,Operation/Event定义、RequestContext、HTTP/微信响应、文件或上游配置，按文件适用,请求/响应、冻结对象、生成投影、路由/事件注册、检查或制品身份，按文件适用,主要为局部状态/冻结目录；共享状态见functions.csv,无直接数据库写；业务handler语义不在本AU,测试/mock或下游调用；本文件不直接建立线上连接,无直接事件或本AU不适用,SDK通过App解析后的base URL/context；正式命令依赖本地node_modules；不记录敏感值,SDK只传上下文，不替代服务端授权；无则不适用,Node 22/浏览器/Web Crypto/wx requester/PostgreSQL/构建制品，按文件适用,无外部初始化写；CLI脚本仅在显式执行时运行,见functions.csv；多数仅声明,无或不适用,正式测试因依赖缺失未加载；已人工评估oracle,无持久资源或由调用者/进程管理,前置拒绝、Abort、事务rollback、脚本退出或旧制品回退；具体FMEA见fmea.csv,本文件自身为测试；用例见tests.csv,按用例记录；frozen/cancel局部可信，CORS/Wechat/retry存在缺口，正式执行环境阻塞,AU-008 summary、artifact/runtime/communications矩阵及全局01-09报告,以固定基线注册/加载代码为准；runtimegraph旧契约为STALE/CONFLICT,公开SDK/冻结Operation/生成格式或外部消费者兼容未排除,未证明有可安全等价替代；测试mock与生产差异不算替代,否；未满足G3十三项、可观察行为不变和第二次复核,package import、App构建、HTTP注册、事件发布、生成检查、候选制品或契约测试首先失败,[FACT] 人工文件完成本AU范围的全文件深审；问题/UNKNOWN见summary与finding
FILE-AU-008-022,01_core_hexin/packages/sdk/src/WechatTransport.test.ts,@shop/sdk,TypeScript测试,0142db805709ca95573195c3dc9301ab2a2a798d,26,全文件逐行/逐关键分支深入审阅,Codex主审,2026-09-14,AU-008,CP-08,P3（F-0046）,否（若后续升级则重排）,E-AU-008-009,是,实现SDK公共调用、传输、上下文、错误、节点或正式检查/候选制品职责,workspace package/export、应用入口或正式npm/release脚本,对应App、Commerce workload、npm检查或release阶段,人工导出详见exports.csv；CLI/SQL模板无导出时按入口执行,Console/Storefront与SDK tests,Operation/Event定义、RequestContext、HTTP/微信响应、文件或上游配置，按文件适用,请求/响应、冻结对象、生成投影、路由/事件注册、检查或制品身份，按文件适用,局部settled/task与Abort listener；F-0046,无直接数据库写；业务handler语义不在本AU,wx.requester端口,无直接事件或本AU不适用,SDK通过App解析后的base URL/context；正式命令依赖本地node_modules；不记录敏感值,SDK只传上下文，不替代服务端授权；无则不适用,Node 22/浏览器/Web Crypto/wx requester/PostgreSQL/构建制品，按文件适用,无外部初始化写；CLI脚本仅在显式执行时运行,见functions.csv；多数仅声明,无或不适用,正式测试因依赖缺失未加载；已人工评估oracle,正常callback detach；序列化异常分支失去恢复，F-0046,前置拒绝、Abort、事务rollback、脚本退出或旧制品回退；具体FMEA见fmea.csv,本文件自身为测试；用例见tests.csv,按用例记录；frozen/cancel局部可信，CORS/Wechat/retry存在缺口，正式执行环境阻塞,AU-008 summary、artifact/runtime/communications矩阵及全局01-09报告,以固定基线注册/加载代码为准；runtimegraph旧契约为STALE/CONFLICT,公开SDK/冻结Operation/生成格式或外部消费者兼容未排除,未证明有可安全等价替代；测试mock与生产差异不算替代,否；未满足G3十三项、可观察行为不变和第二次复核,package import、App构建、HTTP注册、事件发布、生成检查、候选制品或契约测试首先失败,[FACT] 人工文件完成本AU范围的全文件深审；问题/UNKNOWN见summary与finding
FILE-AU-008-023,01_core_hexin/packages/sdk/src/WechatTransport.ts,@shop/sdk,TypeScript源码,52a6ef312a8aab97836fbcd06775bb3ea1f32c78,63,全文件逐行/逐关键分支深入审阅,Codex主审,2026-09-14,AU-008,CP-08,P3（F-0046）,否（若后续升级则重排）,E-AU-008-009,是,实现SDK公共调用、传输、上下文、错误、节点或正式检查/候选制品职责,workspace package/export、应用入口或正式npm/release脚本,对应App、Commerce workload、npm检查或release阶段,人工导出详见exports.csv；CLI/SQL模板无导出时按入口执行,Console/Storefront与SDK tests,Operation/Event定义、RequestContext、HTTP/微信响应、文件或上游配置，按文件适用,请求/响应、冻结对象、生成投影、路由/事件注册、检查或制品身份，按文件适用,局部settled/task与Abort listener；F-0046,无直接数据库写；业务handler语义不在本AU,wx.requester端口,无直接事件或本AU不适用,SDK通过App解析后的base URL/context；正式命令依赖本地node_modules；不记录敏感值,SDK只传上下文，不替代服务端授权；无则不适用,Node 22/浏览器/Web Crypto/wx requester/PostgreSQL/构建制品，按文件适用,无外部初始化写；CLI脚本仅在显式执行时运行,见functions.csv；多数仅声明,无或不适用,正式测试因依赖缺失未加载；已人工评估oracle,正常callback detach；序列化异常分支失去恢复，F-0046,前置拒绝、Abort、事务rollback、脚本退出或旧制品回退；具体FMEA见fmea.csv,SDK 27用例及对应HTTP/Event/Console测试；正式执行环境阻塞,按用例记录；frozen/cancel局部可信，CORS/Wechat/retry存在缺口，正式执行环境阻塞,AU-008 summary、artifact/runtime/communications矩阵及全局01-09报告,以固定基线注册/加载代码为准；runtimegraph旧契约为STALE/CONFLICT,公开SDK/冻结Operation/生成格式或外部消费者兼容未排除,未证明有可安全等价替代；测试mock与生产差异不算替代,否；未满足G3十三项、可观察行为不变和第二次复核,package import、App构建、HTTP注册、事件发布、生成检查、候选制品或契约测试首先失败,[FACT] 人工文件完成本AU范围的全文件深审；问题/UNKNOWN见summary与finding
FILE-AU-008-024,01_core_hexin/packages/sdk/src/error/index.ts,@shop/sdk,TypeScript源码,7b0300040a55973184ad8c619c26b8c7e29da73b,35,全文件逐行/逐关键分支深入审阅,Codex主审,2026-09-14,AU-008,CP-08,未发现独立问题,否（若后续升级则重排）,E-AU-008-002/003/004/015,是,实现SDK公共调用、传输、上下文、错误、节点或正式检查/候选制品职责,workspace package/export、应用入口或正式npm/release脚本,对应App、Commerce workload、npm检查或release阶段,人工导出详见exports.csv；CLI/SQL模板无导出时按入口执行,Console/Storefront与SDK tests,Operation/Event定义、RequestContext、HTTP/微信响应、文件或上游配置，按文件适用,请求/响应、冻结对象、生成投影、路由/事件注册、检查或制品身份，按文件适用,主要为局部状态/冻结目录；共享状态见functions.csv,无直接数据库写；业务handler语义不在本AU,无直接网络，或仅在被调用的应用/发布流程中产生,无直接事件或本AU不适用,SDK通过App解析后的base URL/context；正式命令依赖本地node_modules；不记录敏感值,SDK只传上下文，不替代服务端授权；无则不适用,Node 22/浏览器/Web Crypto/wx requester/PostgreSQL/构建制品，按文件适用,无外部初始化写；CLI脚本仅在显式执行时运行,见functions.csv；多数仅声明,无或不适用,正式测试因依赖缺失未加载；已人工评估oracle,无持久资源或由调用者/进程管理,前置拒绝、Abort、事务rollback、脚本退出或旧制品回退；具体FMEA见fmea.csv,SDK 27用例及对应HTTP/Event/Console测试；正式执行环境阻塞,按用例记录；frozen/cancel局部可信，CORS/Wechat/retry存在缺口，正式执行环境阻塞,AU-008 summary、artifact/runtime/communications矩阵及全局01-09报告,以固定基线注册/加载代码为准；runtimegraph旧契约为STALE/CONFLICT,公开SDK/冻结Operation/生成格式或外部消费者兼容未排除,未证明有可安全等价替代；测试mock与生产差异不算替代,否；未满足G3十三项、可观察行为不变和第二次复核,package import、App构建、HTTP注册、事件发布、生成检查、候选制品或契约测试首先失败,[FACT] 人工文件完成本AU范围的全文件深审；问题/UNKNOWN见summary与finding
FILE-AU-008-025,01_core_hexin/packages/sdk/src/index.ts,@shop/sdk,TypeScript源码,be0267986d1148fb1dbee21f2ba57a7af997731d,12,全文件逐行/逐关键分支深入审阅,Codex主审,2026-09-14,AU-008,CP-08,未发现独立问题,否（若后续升级则重排）,E-AU-008-002/003/004/015,是,实现SDK公共调用、传输、上下文、错误、节点或正式检查/候选制品职责,workspace package/export、应用入口或正式npm/release脚本,对应App、Commerce workload、npm检查或release阶段,人工导出详见exports.csv；CLI/SQL模板无导出时按入口执行,Console/Storefront与SDK tests,Operation/Event定义、RequestContext、HTTP/微信响应、文件或上游配置，按文件适用,请求/响应、冻结对象、生成投影、路由/事件注册、检查或制品身份，按文件适用,主要为局部状态/冻结目录；共享状态见functions.csv,无直接数据库写；业务handler语义不在本AU,无直接网络，或仅在被调用的应用/发布流程中产生,无直接事件或本AU不适用,SDK通过App解析后的base URL/context；正式命令依赖本地node_modules；不记录敏感值,SDK只传上下文，不替代服务端授权；无则不适用,Node 22/浏览器/Web Crypto/wx requester/PostgreSQL/构建制品，按文件适用,无外部初始化写；CLI脚本仅在显式执行时运行,见functions.csv；多数仅声明,无或不适用,正式测试因依赖缺失未加载；已人工评估oracle,无持久资源或由调用者/进程管理,前置拒绝、Abort、事务rollback、脚本退出或旧制品回退；具体FMEA见fmea.csv,SDK 27用例及对应HTTP/Event/Console测试；正式执行环境阻塞,按用例记录；frozen/cancel局部可信，CORS/Wechat/retry存在缺口，正式执行环境阻塞,AU-008 summary、artifact/runtime/communications矩阵及全局01-09报告,以固定基线注册/加载代码为准；runtimegraph旧契约为STALE/CONFLICT,公开SDK/冻结Operation/生成格式或外部消费者兼容未排除,未证明有可安全等价替代；测试mock与生产差异不算替代,否；未满足G3十三项、可观察行为不变和第二次复核,package import、App构建、HTTP注册、事件发布、生成检查、候选制品或契约测试首先失败,[FACT] 人工文件完成本AU范围的全文件深审；问题/UNKNOWN见summary与finding
FILE-AU-008-026,01_core_hexin/packages/sdk/src/url/index.ts,@shop/sdk,TypeScript源码,cfd917749432019448d157ddb10200123eb375ca,5,全文件逐行/逐关键分支深入审阅,Codex主审,2026-09-14,AU-008,CP-08,未发现独立问题,否（若后续升级则重排）,E-AU-008-002/003/004/015,是,实现SDK公共调用、传输、上下文、错误、节点或正式检查/候选制品职责,workspace package/export、应用入口或正式npm/release脚本,对应App、Commerce workload、npm检查或release阶段,人工导出详见exports.csv；CLI/SQL模板无导出时按入口执行,Console/Storefront与SDK tests,Operation/Event定义、RequestContext、HTTP/微信响应、文件或上游配置，按文件适用,请求/响应、冻结对象、生成投影、路由/事件注册、检查或制品身份，按文件适用,主要为局部状态/冻结目录；共享状态见functions.csv,无直接数据库写；业务handler语义不在本AU,无直接网络，或仅在被调用的应用/发布流程中产生,无直接事件或本AU不适用,SDK通过App解析后的base URL/context；正式命令依赖本地node_modules；不记录敏感值,SDK只传上下文，不替代服务端授权；无则不适用,Node 22/浏览器/Web Crypto/wx requester/PostgreSQL/构建制品，按文件适用,无外部初始化写；CLI脚本仅在显式执行时运行,见functions.csv；多数仅声明,无或不适用,正式测试因依赖缺失未加载；已人工评估oracle,无持久资源或由调用者/进程管理,前置拒绝、Abort、事务rollback、脚本退出或旧制品回退；具体FMEA见fmea.csv,SDK 27用例及对应HTTP/Event/Console测试；正式执行环境阻塞,按用例记录；frozen/cancel局部可信，CORS/Wechat/retry存在缺口，正式执行环境阻塞,AU-008 summary、artifact/runtime/communications矩阵及全局01-09报告,以固定基线注册/加载代码为准；runtimegraph旧契约为STALE/CONFLICT,公开SDK/冻结Operation/生成格式或外部消费者兼容未排除,未证明有可安全等价替代；测试mock与生产差异不算替代,否；未满足G3十三项、可观察行为不变和第二次复核,package import、App构建、HTTP注册、事件发布、生成检查、候选制品或契约测试首先失败,[FACT] 人工文件完成本AU范围的全文件深审；问题/UNKNOWN见summary与finding
FILE-AU-008-027,01_core_hexin/packages/sdk/tsconfig.json,@shop/sdk,JSON,7c2cd9b1c801f744c87bd3019cc69c23f08232fc,5,全文件逐行/逐关键分支深入审阅,Codex主审,2026-09-14,AU-008,CP-08,未发现独立问题,否（若后续升级则重排）,E-AU-008-002/003/004/015,是,实现SDK公共调用、传输、上下文、错误、节点或正式检查/候选制品职责,workspace package/export、应用入口或正式npm/release脚本,对应App、Commerce workload、npm检查或release阶段,人工导出详见exports.csv；CLI/SQL模板无导出时按入口执行,Console/Storefront与SDK tests,Operation/Event定义、RequestContext、HTTP/微信响应、文件或上游配置，按文件适用,请求/响应、冻结对象、生成投影、路由/事件注册、检查或制品身份，按文件适用,主要为局部状态/冻结目录；共享状态见functions.csv,无直接数据库写；业务handler语义不在本AU,无直接网络，或仅在被调用的应用/发布流程中产生,无直接事件或本AU不适用,SDK通过App解析后的base URL/context；正式命令依赖本地node_modules；不记录敏感值,SDK只传上下文，不替代服务端授权；无则不适用,Node 22/浏览器/Web Crypto/wx requester/PostgreSQL/构建制品，按文件适用,无外部初始化写；CLI脚本仅在显式执行时运行,见functions.csv；多数仅声明,无或不适用,正式测试因依赖缺失未加载；已人工评估oracle,无持久资源或由调用者/进程管理,前置拒绝、Abort、事务rollback、脚本退出或旧制品回退；具体FMEA见fmea.csv,SDK 27用例及对应HTTP/Event/Console测试；正式执行环境阻塞,按用例记录；frozen/cancel局部可信，CORS/Wechat/retry存在缺口，正式执行环境阻塞,AU-008 summary、artifact/runtime/communications矩阵及全局01-09报告,以固定基线注册/加载代码为准；runtimegraph旧契约为STALE/CONFLICT,公开SDK/冻结Operation/生成格式或外部消费者兼容未排除,未证明有可安全等价替代；测试mock与生产差异不算替代,否；未满足G3十三项、可观察行为不变和第二次复核,package import、App构建、HTTP注册、事件发布、生成检查、候选制品或契约测试首先失败,[FACT] 人工文件完成本AU范围的全文件深审；问题/UNKNOWN见summary与finding
FILE-AU-008-028,01_core_hexin/services/commerce/src/foundation/interface/HttpApp.test.ts,Commerce HTTP/runtime composition,TypeScript测试,c7f4f4a00675c83f236f924a77290c0774d3430f,185,全文件逐行/逐关键分支深入审阅,Codex主审,2026-09-14,AU-008,CP-08,P2（F-0044）,否（若后续升级则重排）,E-AU-008-005/006,是,实现SDK公共调用、传输、上下文、错误、节点或正式检查/候选制品职责,workspace package/export、应用入口或正式npm/release脚本,对应App、Commerce workload、npm检查或release阶段,人工导出详见exports.csv；CLI/SQL模板无导出时按入口执行,Commerce composition/HTTP/Event publisher,Operation/Event定义、RequestContext、HTTP/微信响应、文件或上游配置，按文件适用,请求/响应、冻结对象、生成投影、路由/事件注册、检查或制品身份，按文件适用,主要为局部状态/冻结目录；共享状态见functions.csv,无直接数据库写；业务handler语义不在本AU,测试/mock或下游调用；本文件不直接建立线上连接,无直接事件或本AU不适用,SDK通过App解析后的base URL/context；正式命令依赖本地node_modules；不记录敏感值,SDK只传上下文，不替代服务端授权；无则不适用,Node 22/浏览器/Web Crypto/wx requester/PostgreSQL/构建制品，按文件适用,无外部初始化写；CLI脚本仅在显式执行时运行,见functions.csv；多数仅声明,无或不适用,Browser mock允许x-action-proof而生产preflight遗漏；F-0044,无持久资源或由调用者/进程管理,前置拒绝、Abort、事务rollback、脚本退出或旧制品回退；具体FMEA见fmea.csv,本文件自身为测试；用例见tests.csv,按用例记录；frozen/cancel局部可信，CORS/Wechat/retry存在缺口，正式执行环境阻塞,AU-008 summary、artifact/runtime/communications矩阵及全局01-09报告,以固定基线注册/加载代码为准；runtimegraph旧契约为STALE/CONFLICT,相关发布、迁移或运行兼容按矩阵保留,未证明有可安全等价替代；测试mock与生产差异不算替代,否；未满足G3十三项、可观察行为不变和第二次复核,package import、App构建、HTTP注册、事件发布、生成检查、候选制品或契约测试首先失败,[FACT] 人工文件完成本AU范围的全文件深审；问题/UNKNOWN见summary与finding
FILE-AU-008-029,01_core_hexin/services/commerce/src/foundation/interface/HttpApp.ts,Commerce HTTP/runtime composition,TypeScript源码,b097495f0eba1f35b13017efcc332fcbc806b632,189,全文件逐行/逐关键分支深入审阅,Codex主审,2026-09-14,AU-008,CP-08,P2（F-0044）,否（若后续升级则重排）,E-AU-008-005/006,是,实现SDK公共调用、传输、上下文、错误、节点或正式检查/候选制品职责,workspace package/export、应用入口或正式npm/release脚本,对应App、Commerce workload、npm检查或release阶段,人工导出详见exports.csv；CLI/SQL模板无导出时按入口执行,Commerce composition/HTTP/Event publisher,Operation/Event定义、RequestContext、HTTP/微信响应、文件或上游配置，按文件适用,请求/响应、冻结对象、生成投影、路由/事件注册、检查或制品身份，按文件适用,主要为局部状态/冻结目录；共享状态见functions.csv,无直接数据库写；业务handler语义不在本AU,无直接网络，或仅在被调用的应用/发布流程中产生,无直接事件或本AU不适用,SDK通过App解析后的base URL/context；正式命令依赖本地node_modules；不记录敏感值,SDK只传上下文，不替代服务端授权；无则不适用,Node 22/浏览器/Web Crypto/wx requester/PostgreSQL/构建制品，按文件适用,无外部初始化写；CLI脚本仅在显式执行时运行,见functions.csv；多数仅声明,无或不适用,Browser mock允许x-action-proof而生产preflight遗漏；F-0044,无持久资源或由调用者/进程管理,前置拒绝、Abort、事务rollback、脚本退出或旧制品回退；具体FMEA见fmea.csv,SDK 27用例及对应HTTP/Event/Console测试；正式执行环境阻塞,按用例记录；frozen/cancel局部可信，CORS/Wechat/retry存在缺口，正式执行环境阻塞,AU-008 summary、artifact/runtime/communications矩阵及全局01-09报告,以固定基线注册/加载代码为准；runtimegraph旧契约为STALE/CONFLICT,相关发布、迁移或运行兼容按矩阵保留,未证明有可安全等价替代；测试mock与生产差异不算替代,否；未满足G3十三项、可观察行为不变和第二次复核,package import、App构建、HTTP注册、事件发布、生成检查、候选制品或契约测试首先失败,[FACT] 人工文件完成本AU范围的全文件深审；问题/UNKNOWN见summary与finding
FILE-AU-008-030,04_tools/scripts/audit/runtimegraph.mjs,Generated/runtime quality checks,ESM JavaScript,49bf9b9e4dc90e98869f588d5c955af858859de3,38,全文件逐行/逐关键分支深入审阅,Codex主审,2026-09-14,AU-008,CP-08,P2（F-0045）,否（若后续升级则重排）,E-AU-008-007/008,是,实现SDK公共调用、传输、上下文、错误、节点或正式检查/候选制品职责,workspace package/export、应用入口或正式npm/release脚本,对应App、Commerce workload、npm检查或release阶段,人工导出详见exports.csv；CLI/SQL模板无导出时按入口执行,生成器、正式检查、测试或候选制品；见communications.csv,Operation/Event定义、RequestContext、HTTP/微信响应、文件或上游配置，按文件适用,请求/响应、冻结对象、生成投影、路由/事件注册、检查或制品身份，按文件适用,主要为局部状态/冻结目录；共享状态见functions.csv,无直接数据库写；业务handler语义不在本AU,无直接网络，或仅在被调用的应用/发布流程中产生,无直接事件或本AU不适用,SDK通过App解析后的base URL/context；正式命令依赖本地node_modules；不记录敏感值,SDK只传上下文，不替代服务端授权；无则不适用,Node 22/浏览器/Web Crypto/wx requester/PostgreSQL/构建制品，按文件适用,无外部初始化写；CLI脚本仅在显式执行时运行,见functions.csv；多数仅声明,无或不适用,正式测试因依赖缺失未加载；已人工评估oracle,无持久资源或由调用者/进程管理,前置拒绝、Abort、事务rollback、脚本退出或旧制品回退；具体FMEA见fmea.csv,SDK 27用例及对应HTTP/Event/Console测试；正式执行环境阻塞,按用例记录；frozen/cancel局部可信，CORS/Wechat/retry存在缺口，正式执行环境阻塞,AU-008 summary、artifact/runtime/communications矩阵及全局01-09报告,以固定基线注册/加载代码为准；runtimegraph旧契约为STALE/CONFLICT,相关发布、迁移或运行兼容按矩阵保留,未证明有可安全等价替代；测试mock与生产差异不算替代,否；未满足G3十三项、可观察行为不变和第二次复核,package import、App构建、HTTP注册、事件发布、生成检查、候选制品或契约测试首先失败,[FACT] 人工文件完成本AU范围的全文件深审；问题/UNKNOWN见summary与finding
FILE-AU-008-031,04_tools/scripts/build-miniapp-contract.mjs,Generated/runtime quality checks,ESM JavaScript,57e04ed75820929d61d0991bc66b681555f30222,20,全文件逐行/逐关键分支深入审阅,Codex主审,2026-09-14,AU-008,CP-08,P2（F-0006）/P3（F-0043）,否（若后续升级则重排）,E-AU-008-014,是,实现SDK公共调用、传输、上下文、错误、节点或正式检查/候选制品职责,workspace package/export、应用入口或正式npm/release脚本,对应App、Commerce workload、npm检查或release阶段,人工导出详见exports.csv；CLI/SQL模板无导出时按入口执行,生成器、正式检查、测试或候选制品；见communications.csv,Operation/Event定义、RequestContext、HTTP/微信响应、文件或上游配置，按文件适用,请求/响应、冻结对象、生成投影、路由/事件注册、检查或制品身份，按文件适用,主要为局部状态/冻结目录；共享状态见functions.csv,无直接数据库写；业务handler语义不在本AU,无直接网络，或仅在被调用的应用/发布流程中产生,无直接事件或本AU不适用,SDK通过App解析后的base URL/context；正式命令依赖本地node_modules；不记录敏感值,SDK只传上下文，不替代服务端授权；无则不适用,Node 22/浏览器/Web Crypto/wx requester/PostgreSQL/构建制品，按文件适用,无外部初始化写；CLI脚本仅在显式执行时运行,见functions.csv；多数仅声明,无或不适用,正式测试因依赖缺失未加载；已人工评估oracle,无持久资源或由调用者/进程管理,前置拒绝、Abort、事务rollback、脚本退出或旧制品回退；具体FMEA见fmea.csv,SDK 27用例及对应HTTP/Event/Console测试；正式执行环境阻塞,按用例记录；frozen/cancel局部可信，CORS/Wechat/retry存在缺口，正式执行环境阻塞,AU-008 summary、artifact/runtime/communications矩阵及全局01-09报告,以固定基线注册/加载代码为准；runtimegraph旧契约为STALE/CONFLICT,相关发布、迁移或运行兼容按矩阵保留,未证明有可安全等价替代；测试mock与生产差异不算替代,否；未满足G3十三项、可观察行为不变和第二次复核,package import、App构建、HTTP注册、事件发布、生成检查、候选制品或契约测试首先失败,[FACT] 人工文件完成本AU范围的全文件深审；问题/UNKNOWN见summary与finding
FILE-AU-008-032,04_tools/scripts/release/candidate.mjs,Release artifact identity,ESM JavaScript,e0233fe457b1de028a04dd262f7156208e5b0ec2,53,全文件逐行/逐关键分支深入审阅,Codex主审,2026-09-14,AU-008,CP-08,P2（F-0039）,否（若后续升级则重排）,E-AU-008-013,是,实现SDK公共调用、传输、上下文、错误、节点或正式检查/候选制品职责,workspace package/export、应用入口或正式npm/release脚本,对应App、Commerce workload、npm检查或release阶段,人工导出详见exports.csv；CLI/SQL模板无导出时按入口执行,release candidate/stage/promote/validate,Operation/Event定义、RequestContext、HTTP/微信响应、文件或上游配置，按文件适用,请求/响应、冻结对象、生成投影、路由/事件注册、检查或制品身份，按文件适用,主要为局部状态/冻结目录；共享状态见functions.csv,无直接数据库写；业务handler语义不在本AU,无直接网络，或仅在被调用的应用/发布流程中产生,无直接事件或本AU不适用,SDK通过App解析后的base URL/context；正式命令依赖本地node_modules；不记录敏感值,SDK只传上下文，不替代服务端授权；无则不适用,Node 22/浏览器/Web Crypto/wx requester/PostgreSQL/构建制品，按文件适用,无外部初始化写；CLI脚本仅在显式执行时运行,见functions.csv；多数仅声明,无或不适用,正式测试因依赖缺失未加载；已人工评估oracle,无持久资源或由调用者/进程管理,前置拒绝、Abort、事务rollback、脚本退出或旧制品回退；具体FMEA见fmea.csv,SDK 27用例及对应HTTP/Event/Console测试；正式执行环境阻塞,按用例记录；frozen/cancel局部可信，CORS/Wechat/retry存在缺口，正式执行环境阻塞,AU-008 summary、artifact/runtime/communications矩阵及全局01-09报告,以固定基线注册/加载代码为准；runtimegraph旧契约为STALE/CONFLICT,相关发布、迁移或运行兼容按矩阵保留,未证明有可安全等价替代；测试mock与生产差异不算替代,否；未满足G3十三项、可观察行为不变和第二次复核,package import、App构建、HTTP注册、事件发布、生成检查、候选制品或契约测试首先失败,[FACT] 人工文件完成本AU范围的全文件深审；问题/UNKNOWN见summary与finding
FILE-AU-008-033,01_core_hexin/apps/miniapp/miniprogram/domain/deeplink.js,Miniapp generated surface,CommonJS JavaScript,9f21eda1d0f4d1666f5c666c0140694920985135,12,自动生成；核对来源、集合、消费者与发布边界,Codex主审,2026-09-14,AU-008,CP-08,P2（F-0006）/P3（F-0043）,否（若后续升级则重排）,E-AU-008-014,是,由契约定义生成客户端、服务路由、事件、数据库或Miniapp投影,contractgen或Miniapp生成脚本；运行消费者见artifact-runtime-matrix.csv,生成后由静态import/package export/候选复制或测试读取,生成Operation/Event/API/SQL投影；详见artifact-runtime-matrix.csv,生成器、正式检查、测试或候选制品；见communications.csv,Operation/Event定义、RequestContext、HTTP/微信响应、文件或上游配置，按文件适用,请求/响应、冻结对象、生成投影、路由/事件注册、检查或制品身份，按文件适用,主要为局部状态/冻结目录；共享状态见functions.csv,无直接数据库写；业务handler语义不在本AU,无直接网络，或仅在被调用的应用/发布流程中产生,无直接事件或本AU不适用,SDK通过App解析后的base URL/context；正式命令依赖本地node_modules；不记录敏感值,SDK只传上下文，不替代服务端授权；无则不适用,Node 22/浏览器/Web Crypto/wx requester/PostgreSQL/构建制品，按文件适用,无外部初始化写；CLI脚本仅在显式执行时运行,可能构建冻结descriptor/Map；不写外部状态,无或不适用,正式测试因依赖缺失未加载；已人工评估oracle,无持久资源或由调用者/进程管理,前置拒绝、Abort、事务rollback、脚本退出或旧制品回退；具体FMEA见fmea.csv,SDK 27用例及对应HTTP/Event/Console测试；正式执行环境阻塞,按用例记录；frozen/cancel局部可信，CORS/Wechat/retry存在缺口，正式执行环境阻塞,AU-008 summary、artifact/runtime/communications矩阵及全局01-09报告,以固定基线注册/加载代码为准；runtimegraph旧契约为STALE/CONFLICT,公开SDK/冻结Operation/生成格式或外部消费者兼容未排除,未证明有可安全等价替代；测试mock与生产差异不算替代,否；未满足G3十三项、可观察行为不变和第二次复核,package import、App构建、HTTP注册、事件发布、生成检查、候选制品或契约测试首先失败,[FACT] 自动生成物已核对来源、数量、消费者和制品边界；排除逐行风格评价
FILE-AU-008-034,01_core_hexin/apps/miniapp/miniprogram/domain/experience.js,Miniapp generated surface,CommonJS JavaScript,196584e79f79a4bde9b85565427c7b36bab320da,25,自动生成；核对来源、集合、消费者与发布边界,Codex主审,2026-09-14,AU-008,CP-08,P2（F-0006）/P3（F-0043）,否（若后续升级则重排）,E-AU-008-014,是,由契约定义生成客户端、服务路由、事件、数据库或Miniapp投影,contractgen或Miniapp生成脚本；运行消费者见artifact-runtime-matrix.csv,生成后由静态import/package export/候选复制或测试读取,生成Operation/Event/API/SQL投影；详见artifact-runtime-matrix.csv,生成器、正式检查、测试或候选制品；见communications.csv,Operation/Event定义、RequestContext、HTTP/微信响应、文件或上游配置，按文件适用,请求/响应、冻结对象、生成投影、路由/事件注册、检查或制品身份，按文件适用,主要为局部状态/冻结目录；共享状态见functions.csv,无直接数据库写；业务handler语义不在本AU,无直接网络，或仅在被调用的应用/发布流程中产生,无直接事件或本AU不适用,SDK通过App解析后的base URL/context；正式命令依赖本地node_modules；不记录敏感值,SDK只传上下文，不替代服务端授权；无则不适用,Node 22/浏览器/Web Crypto/wx requester/PostgreSQL/构建制品，按文件适用,无外部初始化写；CLI脚本仅在显式执行时运行,可能构建冻结descriptor/Map；不写外部状态,无或不适用,正式测试因依赖缺失未加载；已人工评估oracle,无持久资源或由调用者/进程管理,前置拒绝、Abort、事务rollback、脚本退出或旧制品回退；具体FMEA见fmea.csv,SDK 27用例及对应HTTP/Event/Console测试；正式执行环境阻塞,按用例记录；frozen/cancel局部可信，CORS/Wechat/retry存在缺口，正式执行环境阻塞,AU-008 summary、artifact/runtime/communications矩阵及全局01-09报告,以固定基线注册/加载代码为准；runtimegraph旧契约为STALE/CONFLICT,公开SDK/冻结Operation/生成格式或外部消费者兼容未排除,未证明有可安全等价替代；测试mock与生产差异不算替代,否；未满足G3十三项、可观察行为不变和第二次复核,package import、App构建、HTTP注册、事件发布、生成检查、候选制品或契约测试首先失败,[FACT] 自动生成物已核对来源、数量、消费者和制品边界；排除逐行风格评价
FILE-AU-008-035,01_core_hexin/packages/contract/events.json,Contract generated/public surface,JSON,304a7c2f4728b48ee1dda14840e1232cd332adb5,340,自动生成；核对来源、集合、消费者与发布边界,Codex主审,2026-09-14,AU-008,CP-08,P2（F-0039）,否（若后续升级则重排）,E-AU-008-003/004,是,由契约定义生成客户端、服务路由、事件、数据库或Miniapp投影,contractgen或Miniapp生成脚本；运行消费者见artifact-runtime-matrix.csv,生成后由静态import/package export/候选复制或测试读取,生成Operation/Event/API/SQL投影；详见artifact-runtime-matrix.csv,生成器、正式检查、测试或候选制品；见communications.csv,Operation/Event定义、RequestContext、HTTP/微信响应、文件或上游配置，按文件适用,请求/响应、冻结对象、生成投影、路由/事件注册、检查或制品身份，按文件适用,主要为局部状态/冻结目录；共享状态见functions.csv,无直接数据库写；业务handler语义不在本AU,无直接网络，或仅在被调用的应用/发布流程中产生,Event type/version/handler或runtime job链；见communications.csv,SDK通过App解析后的base URL/context；正式命令依赖本地node_modules；不记录敏感值,SDK只传上下文，不替代服务端授权；无则不适用,Node 22/浏览器/Web Crypto/wx requester/PostgreSQL/构建制品，按文件适用,无外部初始化写；CLI脚本仅在显式执行时运行,可能构建冻结descriptor/Map；不写外部状态,声明或消费事件handler registry,正式测试因依赖缺失未加载；已人工评估oracle,无持久资源或由调用者/进程管理,前置拒绝、Abort、事务rollback、脚本退出或旧制品回退；具体FMEA见fmea.csv,SDK 27用例及对应HTTP/Event/Console测试；正式执行环境阻塞,按用例记录；frozen/cancel局部可信，CORS/Wechat/retry存在缺口，正式执行环境阻塞,AU-008 summary、artifact/runtime/communications矩阵及全局01-09报告,以固定基线注册/加载代码为准；runtimegraph旧契约为STALE/CONFLICT,公开SDK/冻结Operation/生成格式或外部消费者兼容未排除,未证明有可安全等价替代；测试mock与生产差异不算替代,否；未满足G3十三项、可观察行为不变和第二次复核,package import、App构建、HTTP注册、事件发布、生成检查、候选制品或契约测试首先失败,[FACT] 自动生成物已核对来源、数量、消费者和制品边界；排除逐行风格评价
FILE-AU-008-036,01_core_hexin/packages/contract/openapi.json,Contract generated/public surface,JSON,1100171da548b516c3491166aced645f205ac237,69349,自动生成；核对来源、集合、消费者与发布边界,Codex主审,2026-09-14,AU-008,CP-08,P2（F-0038）,否（若后续升级则重排）,E-AU-008-003/004,是,由契约定义生成客户端、服务路由、事件、数据库或Miniapp投影,contractgen或Miniapp生成脚本；运行消费者见artifact-runtime-matrix.csv,生成后由静态import/package export/候选复制或测试读取,生成Operation/Event/API/SQL投影；详见artifact-runtime-matrix.csv,生成器、正式检查、测试或候选制品；见communications.csv,Operation/Event定义、RequestContext、HTTP/微信响应、文件或上游配置，按文件适用,请求/响应、冻结对象、生成投影、路由/事件注册、检查或制品身份，按文件适用,主要为局部状态/冻结目录；共享状态见functions.csv,无直接数据库写；业务handler语义不在本AU,无直接网络，或仅在被调用的应用/发布流程中产生,无直接事件或本AU不适用,SDK通过App解析后的base URL/context；正式命令依赖本地node_modules；不记录敏感值,SDK只传上下文，不替代服务端授权；无则不适用,Node 22/浏览器/Web Crypto/wx requester/PostgreSQL/构建制品，按文件适用,无外部初始化写；CLI脚本仅在显式执行时运行,可能构建冻结descriptor/Map；不写外部状态,无或不适用,正式测试因依赖缺失未加载；已人工评估oracle,无持久资源或由调用者/进程管理,前置拒绝、Abort、事务rollback、脚本退出或旧制品回退；具体FMEA见fmea.csv,SDK 27用例及对应HTTP/Event/Console测试；正式执行环境阻塞,按用例记录；frozen/cancel局部可信，CORS/Wechat/retry存在缺口，正式执行环境阻塞,AU-008 summary、artifact/runtime/communications矩阵及全局01-09报告,以固定基线注册/加载代码为准；runtimegraph旧契约为STALE/CONFLICT,公开SDK/冻结Operation/生成格式或外部消费者兼容未排除,未证明有可安全等价替代；测试mock与生产差异不算替代,否；未满足G3十三项、可观察行为不变和第二次复核,package import、App构建、HTTP注册、事件发布、生成检查、候选制品或契约测试首先失败,[FACT] 自动生成物已核对来源、数量、消费者和制品边界；排除逐行风格评价
FILE-AU-008-037,01_core_hexin/packages/sdk/src/operations/CommerceClient.generated.ts,@shop/sdk,TypeScript源码,e97ba93562c64ee5c0bd3eab7c8355ce9658270d,497,自动生成；核对来源、集合、消费者与发布边界,Codex主审,2026-09-14,AU-008,CP-08,P2（F-0038）,否（若后续升级则重排）,E-AU-008-002/003/004/015,是,由契约定义生成客户端、服务路由、事件、数据库或Miniapp投影,contractgen或Miniapp生成脚本；运行消费者见artifact-runtime-matrix.csv,生成后由静态import/package export/候选复制或测试读取,生成Operation/Event/API/SQL投影；详见artifact-runtime-matrix.csv,Console/Storefront与SDK tests,Operation/Event定义、RequestContext、HTTP/微信响应、文件或上游配置，按文件适用,请求/响应、冻结对象、生成投影、路由/事件注册、检查或制品身份，按文件适用,主要为局部状态/冻结目录；共享状态见functions.csv,无直接数据库写；业务handler语义不在本AU,无直接网络，或仅在被调用的应用/发布流程中产生,无直接事件或本AU不适用,SDK通过App解析后的base URL/context；正式命令依赖本地node_modules；不记录敏感值,SDK只传上下文，不替代服务端授权；无则不适用,Node 22/浏览器/Web Crypto/wx requester/PostgreSQL/构建制品，按文件适用,无外部初始化写；CLI脚本仅在显式执行时运行,可能构建冻结descriptor/Map；不写外部状态,无或不适用,正式测试因依赖缺失未加载；已人工评估oracle,无持久资源或由调用者/进程管理,前置拒绝、Abort、事务rollback、脚本退出或旧制品回退；具体FMEA见fmea.csv,SDK 27用例及对应HTTP/Event/Console测试；正式执行环境阻塞,按用例记录；frozen/cancel局部可信，CORS/Wechat/retry存在缺口，正式执行环境阻塞,AU-008 summary、artifact/runtime/communications矩阵及全局01-09报告,以固定基线注册/加载代码为准；runtimegraph旧契约为STALE/CONFLICT,公开SDK/冻结Operation/生成格式或外部消费者兼容未排除,未证明有可安全等价替代；测试mock与生产差异不算替代,否；未满足G3十三项、可观察行为不变和第二次复核,package import、App构建、HTTP注册、事件发布、生成检查、候选制品或契约测试首先失败,[FACT] 自动生成物已核对来源、数量、消费者和制品边界；排除逐行风格评价
FILE-AU-008-038,01_core_hexin/packages/sdk/src/operations/access.ts,@shop/sdk,TypeScript源码,2401ca41daa298a3ac55647c9e88a4044bdf5e76,174,自动生成；核对来源、集合、消费者与发布边界,Codex主审,2026-09-14,AU-008,CP-08,P2（F-0038）,否（若后续升级则重排）,E-AU-008-002/003/004/015,是,由契约定义生成客户端、服务路由、事件、数据库或Miniapp投影,contractgen或Miniapp生成脚本；运行消费者见artifact-runtime-matrix.csv,生成后由静态import/package export/候选复制或测试读取,生成Operation/Event/API/SQL投影；详见artifact-runtime-matrix.csv,Console/Storefront与SDK tests,Operation/Event定义、RequestContext、HTTP/微信响应、文件或上游配置，按文件适用,请求/响应、冻结对象、生成投影、路由/事件注册、检查或制品身份，按文件适用,主要为局部状态/冻结目录；共享状态见functions.csv,无直接数据库写；业务handler语义不在本AU,无直接网络，或仅在被调用的应用/发布流程中产生,无直接事件或本AU不适用,SDK通过App解析后的base URL/context；正式命令依赖本地node_modules；不记录敏感值,SDK只传上下文，不替代服务端授权；无则不适用,Node 22/浏览器/Web Crypto/wx requester/PostgreSQL/构建制品，按文件适用,无外部初始化写；CLI脚本仅在显式执行时运行,可能构建冻结descriptor/Map；不写外部状态,无或不适用,正式测试因依赖缺失未加载；已人工评估oracle,无持久资源或由调用者/进程管理,前置拒绝、Abort、事务rollback、脚本退出或旧制品回退；具体FMEA见fmea.csv,SDK 27用例及对应HTTP/Event/Console测试；正式执行环境阻塞,按用例记录；frozen/cancel局部可信，CORS/Wechat/retry存在缺口，正式执行环境阻塞,AU-008 summary、artifact/runtime/communications矩阵及全局01-09报告,以固定基线注册/加载代码为准；runtimegraph旧契约为STALE/CONFLICT,公开SDK/冻结Operation/生成格式或外部消费者兼容未排除,未证明有可安全等价替代；测试mock与生产差异不算替代,否；未满足G3十三项、可观察行为不变和第二次复核,package import、App构建、HTTP注册、事件发布、生成检查、候选制品或契约测试首先失败,[FACT] 自动生成物已核对来源、数量、消费者和制品边界；排除逐行风格评价
FILE-AU-008-039,01_core_hexin/packages/sdk/src/operations/approval.ts,@shop/sdk,TypeScript源码,15bff199908005f97a5a49a06023c1e2e4bbf64e,130,自动生成；核对来源、集合、消费者与发布边界,Codex主审,2026-09-14,AU-008,CP-08,P2（F-0038）,否（若后续升级则重排）,E-AU-008-002/003/004/015,是,由契约定义生成客户端、服务路由、事件、数据库或Miniapp投影,contractgen或Miniapp生成脚本；运行消费者见artifact-runtime-matrix.csv,生成后由静态import/package export/候选复制或测试读取,生成Operation/Event/API/SQL投影；详见artifact-runtime-matrix.csv,Console/Storefront与SDK tests,Operation/Event定义、RequestContext、HTTP/微信响应、文件或上游配置，按文件适用,请求/响应、冻结对象、生成投影、路由/事件注册、检查或制品身份，按文件适用,主要为局部状态/冻结目录；共享状态见functions.csv,无直接数据库写；业务handler语义不在本AU,无直接网络，或仅在被调用的应用/发布流程中产生,无直接事件或本AU不适用,SDK通过App解析后的base URL/context；正式命令依赖本地node_modules；不记录敏感值,SDK只传上下文，不替代服务端授权；无则不适用,Node 22/浏览器/Web Crypto/wx requester/PostgreSQL/构建制品，按文件适用,无外部初始化写；CLI脚本仅在显式执行时运行,可能构建冻结descriptor/Map；不写外部状态,无或不适用,正式测试因依赖缺失未加载；已人工评估oracle,无持久资源或由调用者/进程管理,前置拒绝、Abort、事务rollback、脚本退出或旧制品回退；具体FMEA见fmea.csv,SDK 27用例及对应HTTP/Event/Console测试；正式执行环境阻塞,按用例记录；frozen/cancel局部可信，CORS/Wechat/retry存在缺口，正式执行环境阻塞,AU-008 summary、artifact/runtime/communications矩阵及全局01-09报告,以固定基线注册/加载代码为准；runtimegraph旧契约为STALE/CONFLICT,公开SDK/冻结Operation/生成格式或外部消费者兼容未排除,未证明有可安全等价替代；测试mock与生产差异不算替代,否；未满足G3十三项、可观察行为不变和第二次复核,package import、App构建、HTTP注册、事件发布、生成检查、候选制品或契约测试首先失败,[FACT] 自动生成物已核对来源、数量、消费者和制品边界；排除逐行风格评价
FILE-AU-008-040,01_core_hexin/packages/sdk/src/operations/audit.ts,@shop/sdk,TypeScript源码,51b1244d5086ae843a5432ed00971ba788a5b5a3,31,自动生成；核对来源、集合、消费者与发布边界,Codex主审,2026-09-14,AU-008,CP-08,P2（F-0038）,否（若后续升级则重排）,E-AU-008-002/003/004/015,是,由契约定义生成客户端、服务路由、事件、数据库或Miniapp投影,contractgen或Miniapp生成脚本；运行消费者见artifact-runtime-matrix.csv,生成后由静态import/package export/候选复制或测试读取,生成Operation/Event/API/SQL投影；详见artifact-runtime-matrix.csv,Console/Storefront与SDK tests,Operation/Event定义、RequestContext、HTTP/微信响应、文件或上游配置，按文件适用,请求/响应、冻结对象、生成投影、路由/事件注册、检查或制品身份，按文件适用,主要为局部状态/冻结目录；共享状态见functions.csv,无直接数据库写；业务handler语义不在本AU,无直接网络，或仅在被调用的应用/发布流程中产生,无直接事件或本AU不适用,SDK通过App解析后的base URL/context；正式命令依赖本地node_modules；不记录敏感值,SDK只传上下文，不替代服务端授权；无则不适用,Node 22/浏览器/Web Crypto/wx requester/PostgreSQL/构建制品，按文件适用,无外部初始化写；CLI脚本仅在显式执行时运行,可能构建冻结descriptor/Map；不写外部状态,无或不适用,正式测试因依赖缺失未加载；已人工评估oracle,无持久资源或由调用者/进程管理,前置拒绝、Abort、事务rollback、脚本退出或旧制品回退；具体FMEA见fmea.csv,SDK 27用例及对应HTTP/Event/Console测试；正式执行环境阻塞,按用例记录；frozen/cancel局部可信，CORS/Wechat/retry存在缺口，正式执行环境阻塞,AU-008 summary、artifact/runtime/communications矩阵及全局01-09报告,以固定基线注册/加载代码为准；runtimegraph旧契约为STALE/CONFLICT,公开SDK/冻结Operation/生成格式或外部消费者兼容未排除,未证明有可安全等价替代；测试mock与生产差异不算替代,否；未满足G3十三项、可观察行为不变和第二次复核,package import、App构建、HTTP注册、事件发布、生成检查、候选制品或契约测试首先失败,[FACT] 自动生成物已核对来源、数量、消费者和制品边界；排除逐行风格评价
FILE-AU-008-041,01_core_hexin/packages/sdk/src/operations/benefit.ts,@shop/sdk,TypeScript源码,a70a978c632b21d7c632fdf833bf59673ed8a2a7,152,自动生成；核对来源、集合、消费者与发布边界,Codex主审,2026-09-14,AU-008,CP-08,P2（F-0038）,否（若后续升级则重排）,E-AU-008-002/003/004/015,是,由契约定义生成客户端、服务路由、事件、数据库或Miniapp投影,contractgen或Miniapp生成脚本；运行消费者见artifact-runtime-matrix.csv,生成后由静态import/package export/候选复制或测试读取,生成Operation/Event/API/SQL投影；详见artifact-runtime-matrix.csv,Console/Storefront与SDK tests,Operation/Event定义、RequestContext、HTTP/微信响应、文件或上游配置，按文件适用,请求/响应、冻结对象、生成投影、路由/事件注册、检查或制品身份，按文件适用,主要为局部状态/冻结目录；共享状态见functions.csv,无直接数据库写；业务handler语义不在本AU,无直接网络，或仅在被调用的应用/发布流程中产生,无直接事件或本AU不适用,SDK通过App解析后的base URL/context；正式命令依赖本地node_modules；不记录敏感值,SDK只传上下文，不替代服务端授权；无则不适用,Node 22/浏览器/Web Crypto/wx requester/PostgreSQL/构建制品，按文件适用,无外部初始化写；CLI脚本仅在显式执行时运行,可能构建冻结descriptor/Map；不写外部状态,无或不适用,正式测试因依赖缺失未加载；已人工评估oracle,无持久资源或由调用者/进程管理,前置拒绝、Abort、事务rollback、脚本退出或旧制品回退；具体FMEA见fmea.csv,SDK 27用例及对应HTTP/Event/Console测试；正式执行环境阻塞,按用例记录；frozen/cancel局部可信，CORS/Wechat/retry存在缺口，正式执行环境阻塞,AU-008 summary、artifact/runtime/communications矩阵及全局01-09报告,以固定基线注册/加载代码为准；runtimegraph旧契约为STALE/CONFLICT,公开SDK/冻结Operation/生成格式或外部消费者兼容未排除,未证明有可安全等价替代；测试mock与生产差异不算替代,否；未满足G3十三项、可观察行为不变和第二次复核,package import、App构建、HTTP注册、事件发布、生成检查、候选制品或契约测试首先失败,[FACT] 自动生成物已核对来源、数量、消费者和制品边界；排除逐行风格评价
FILE-AU-008-042,01_core_hexin/packages/sdk/src/operations/capability.ts,@shop/sdk,TypeScript源码,52c1ca245e6dc23af55b6fb4838ff8af8fb59b78,42,自动生成；核对来源、集合、消费者与发布边界,Codex主审,2026-09-14,AU-008,CP-08,P2（F-0038）,否（若后续升级则重排）,E-AU-008-002/003/004/015,是,由契约定义生成客户端、服务路由、事件、数据库或Miniapp投影,contractgen或Miniapp生成脚本；运行消费者见artifact-runtime-matrix.csv,生成后由静态import/package export/候选复制或测试读取,生成Operation/Event/API/SQL投影；详见artifact-runtime-matrix.csv,Console/Storefront与SDK tests,Operation/Event定义、RequestContext、HTTP/微信响应、文件或上游配置，按文件适用,请求/响应、冻结对象、生成投影、路由/事件注册、检查或制品身份，按文件适用,主要为局部状态/冻结目录；共享状态见functions.csv,无直接数据库写；业务handler语义不在本AU,无直接网络，或仅在被调用的应用/发布流程中产生,无直接事件或本AU不适用,SDK通过App解析后的base URL/context；正式命令依赖本地node_modules；不记录敏感值,SDK只传上下文，不替代服务端授权；无则不适用,Node 22/浏览器/Web Crypto/wx requester/PostgreSQL/构建制品，按文件适用,无外部初始化写；CLI脚本仅在显式执行时运行,可能构建冻结descriptor/Map；不写外部状态,无或不适用,正式测试因依赖缺失未加载；已人工评估oracle,无持久资源或由调用者/进程管理,前置拒绝、Abort、事务rollback、脚本退出或旧制品回退；具体FMEA见fmea.csv,SDK 27用例及对应HTTP/Event/Console测试；正式执行环境阻塞,按用例记录；frozen/cancel局部可信，CORS/Wechat/retry存在缺口，正式执行环境阻塞,AU-008 summary、artifact/runtime/communications矩阵及全局01-09报告,以固定基线注册/加载代码为准；runtimegraph旧契约为STALE/CONFLICT,公开SDK/冻结Operation/生成格式或外部消费者兼容未排除,未证明有可安全等价替代；测试mock与生产差异不算替代,否；未满足G3十三项、可观察行为不变和第二次复核,package import、App构建、HTTP注册、事件发布、生成检查、候选制品或契约测试首先失败,[FACT] 自动生成物已核对来源、数量、消费者和制品边界；排除逐行风格评价
FILE-AU-008-043,01_core_hexin/packages/sdk/src/operations/cart.ts,@shop/sdk,TypeScript源码,e2fad5ec10c12a72aea5e1381f9a969b37b23e03,53,自动生成；核对来源、集合、消费者与发布边界,Codex主审,2026-09-14,AU-008,CP-08,P2（F-0038）,否（若后续升级则重排）,E-AU-008-002/003/004/015,是,由契约定义生成客户端、服务路由、事件、数据库或Miniapp投影,contractgen或Miniapp生成脚本；运行消费者见artifact-runtime-matrix.csv,生成后由静态import/package export/候选复制或测试读取,生成Operation/Event/API/SQL投影；详见artifact-runtime-matrix.csv,Console/Storefront与SDK tests,Operation/Event定义、RequestContext、HTTP/微信响应、文件或上游配置，按文件适用,请求/响应、冻结对象、生成投影、路由/事件注册、检查或制品身份，按文件适用,主要为局部状态/冻结目录；共享状态见functions.csv,无直接数据库写；业务handler语义不在本AU,无直接网络，或仅在被调用的应用/发布流程中产生,无直接事件或本AU不适用,SDK通过App解析后的base URL/context；正式命令依赖本地node_modules；不记录敏感值,SDK只传上下文，不替代服务端授权；无则不适用,Node 22/浏览器/Web Crypto/wx requester/PostgreSQL/构建制品，按文件适用,无外部初始化写；CLI脚本仅在显式执行时运行,可能构建冻结descriptor/Map；不写外部状态,无或不适用,正式测试因依赖缺失未加载；已人工评估oracle,无持久资源或由调用者/进程管理,前置拒绝、Abort、事务rollback、脚本退出或旧制品回退；具体FMEA见fmea.csv,SDK 27用例及对应HTTP/Event/Console测试；正式执行环境阻塞,按用例记录；frozen/cancel局部可信，CORS/Wechat/retry存在缺口，正式执行环境阻塞,AU-008 summary、artifact/runtime/communications矩阵及全局01-09报告,以固定基线注册/加载代码为准；runtimegraph旧契约为STALE/CONFLICT,公开SDK/冻结Operation/生成格式或外部消费者兼容未排除,未证明有可安全等价替代；测试mock与生产差异不算替代,否；未满足G3十三项、可观察行为不变和第二次复核,package import、App构建、HTTP注册、事件发布、生成检查、候选制品或契约测试首先失败,[FACT] 自动生成物已核对来源、数量、消费者和制品边界；排除逐行风格评价
FILE-AU-008-044,01_core_hexin/packages/sdk/src/operations/catalog.ts,@shop/sdk,TypeScript源码,a44d51caa4448f9ba7c6c277a6922d63e66b4549,163,自动生成；核对来源、集合、消费者与发布边界,Codex主审,2026-09-14,AU-008,CP-08,P2（F-0038）,否（若后续升级则重排）,E-AU-008-002/003/004/015,是,由契约定义生成客户端、服务路由、事件、数据库或Miniapp投影,contractgen或Miniapp生成脚本；运行消费者见artifact-runtime-matrix.csv,生成后由静态import/package export/候选复制或测试读取,生成Operation/Event/API/SQL投影；详见artifact-runtime-matrix.csv,Console/Storefront与SDK tests,Operation/Event定义、RequestContext、HTTP/微信响应、文件或上游配置，按文件适用,请求/响应、冻结对象、生成投影、路由/事件注册、检查或制品身份，按文件适用,主要为局部状态/冻结目录；共享状态见functions.csv,无直接数据库写；业务handler语义不在本AU,无直接网络，或仅在被调用的应用/发布流程中产生,无直接事件或本AU不适用,SDK通过App解析后的base URL/context；正式命令依赖本地node_modules；不记录敏感值,SDK只传上下文，不替代服务端授权；无则不适用,Node 22/浏览器/Web Crypto/wx requester/PostgreSQL/构建制品，按文件适用,无外部初始化写；CLI脚本仅在显式执行时运行,可能构建冻结descriptor/Map；不写外部状态,无或不适用,正式测试因依赖缺失未加载；已人工评估oracle,无持久资源或由调用者/进程管理,前置拒绝、Abort、事务rollback、脚本退出或旧制品回退；具体FMEA见fmea.csv,SDK 27用例及对应HTTP/Event/Console测试；正式执行环境阻塞,按用例记录；frozen/cancel局部可信，CORS/Wechat/retry存在缺口，正式执行环境阻塞,AU-008 summary、artifact/runtime/communications矩阵及全局01-09报告,以固定基线注册/加载代码为准；runtimegraph旧契约为STALE/CONFLICT,公开SDK/冻结Operation/生成格式或外部消费者兼容未排除,未证明有可安全等价替代；测试mock与生产差异不算替代,否；未满足G3十三项、可观察行为不变和第二次复核,package import、App构建、HTTP注册、事件发布、生成检查、候选制品或契约测试首先失败,[FACT] 自动生成物已核对来源、数量、消费者和制品边界；排除逐行风格评价
FILE-AU-008-045,01_core_hexin/packages/sdk/src/operations/channel.ts,@shop/sdk,TypeScript源码,d41bfd0318aaeb72e44599b585fa9d511eefbe09,218,自动生成；核对来源、集合、消费者与发布边界,Codex主审,2026-09-14,AU-008,CP-08,P2（F-0038）,否（若后续升级则重排）,E-AU-008-002/003/004/015,是,由契约定义生成客户端、服务路由、事件、数据库或Miniapp投影,contractgen或Miniapp生成脚本；运行消费者见artifact-runtime-matrix.csv,生成后由静态import/package export/候选复制或测试读取,生成Operation/Event/API/SQL投影；详见artifact-runtime-matrix.csv,Console/Storefront与SDK tests,Operation/Event定义、RequestContext、HTTP/微信响应、文件或上游配置，按文件适用,请求/响应、冻结对象、生成投影、路由/事件注册、检查或制品身份，按文件适用,主要为局部状态/冻结目录；共享状态见functions.csv,无直接数据库写；业务handler语义不在本AU,无直接网络，或仅在被调用的应用/发布流程中产生,无直接事件或本AU不适用,SDK通过App解析后的base URL/context；正式命令依赖本地node_modules；不记录敏感值,SDK只传上下文，不替代服务端授权；无则不适用,Node 22/浏览器/Web Crypto/wx requester/PostgreSQL/构建制品，按文件适用,无外部初始化写；CLI脚本仅在显式执行时运行,可能构建冻结descriptor/Map；不写外部状态,无或不适用,正式测试因依赖缺失未加载；已人工评估oracle,无持久资源或由调用者/进程管理,前置拒绝、Abort、事务rollback、脚本退出或旧制品回退；具体FMEA见fmea.csv,SDK 27用例及对应HTTP/Event/Console测试；正式执行环境阻塞,按用例记录；frozen/cancel局部可信，CORS/Wechat/retry存在缺口，正式执行环境阻塞,AU-008 summary、artifact/runtime/communications矩阵及全局01-09报告,以固定基线注册/加载代码为准；runtimegraph旧契约为STALE/CONFLICT,公开SDK/冻结Operation/生成格式或外部消费者兼容未排除,未证明有可安全等价替代；测试mock与生产差异不算替代,否；未满足G3十三项、可观察行为不变和第二次复核,package import、App构建、HTTP注册、事件发布、生成检查、候选制品或契约测试首先失败,[FACT] 自动生成物已核对来源、数量、消费者和制品边界；排除逐行风格评价
FILE-AU-008-046,01_core_hexin/packages/sdk/src/operations/checkout.ts,@shop/sdk,TypeScript源码,6ef3b2d6c2257ec3d02f8bec7fa0d30750c1b830,31,自动生成；核对来源、集合、消费者与发布边界,Codex主审,2026-09-14,AU-008,CP-08,P2（F-0038）,否（若后续升级则重排）,E-AU-008-002/003/004/015,是,由契约定义生成客户端、服务路由、事件、数据库或Miniapp投影,contractgen或Miniapp生成脚本；运行消费者见artifact-runtime-matrix.csv,生成后由静态import/package export/候选复制或测试读取,生成Operation/Event/API/SQL投影；详见artifact-runtime-matrix.csv,Console/Storefront与SDK tests,Operation/Event定义、RequestContext、HTTP/微信响应、文件或上游配置，按文件适用,请求/响应、冻结对象、生成投影、路由/事件注册、检查或制品身份，按文件适用,主要为局部状态/冻结目录；共享状态见functions.csv,无直接数据库写；业务handler语义不在本AU,无直接网络，或仅在被调用的应用/发布流程中产生,无直接事件或本AU不适用,SDK通过App解析后的base URL/context；正式命令依赖本地node_modules；不记录敏感值,SDK只传上下文，不替代服务端授权；无则不适用,Node 22/浏览器/Web Crypto/wx requester/PostgreSQL/构建制品，按文件适用,无外部初始化写；CLI脚本仅在显式执行时运行,可能构建冻结descriptor/Map；不写外部状态,无或不适用,正式测试因依赖缺失未加载；已人工评估oracle,无持久资源或由调用者/进程管理,前置拒绝、Abort、事务rollback、脚本退出或旧制品回退；具体FMEA见fmea.csv,SDK 27用例及对应HTTP/Event/Console测试；正式执行环境阻塞,按用例记录；frozen/cancel局部可信，CORS/Wechat/retry存在缺口，正式执行环境阻塞,AU-008 summary、artifact/runtime/communications矩阵及全局01-09报告,以固定基线注册/加载代码为准；runtimegraph旧契约为STALE/CONFLICT,公开SDK/冻结Operation/生成格式或外部消费者兼容未排除,未证明有可安全等价替代；测试mock与生产差异不算替代,否；未满足G3十三项、可观察行为不变和第二次复核,package import、App构建、HTTP注册、事件发布、生成检查、候选制品或契约测试首先失败,[FACT] 自动生成物已核对来源、数量、消费者和制品边界；排除逐行风格评价
FILE-AU-008-047,01_core_hexin/packages/sdk/src/operations/experience.ts,@shop/sdk,TypeScript源码,a0f783166a48e479c90a2fb8480ef905d58421d1,119,自动生成；核对来源、集合、消费者与发布边界,Codex主审,2026-09-14,AU-008,CP-08,P2（F-0038）,否（若后续升级则重排）,E-AU-008-002/003/004/015,是,由契约定义生成客户端、服务路由、事件、数据库或Miniapp投影,contractgen或Miniapp生成脚本；运行消费者见artifact-runtime-matrix.csv,生成后由静态import/package export/候选复制或测试读取,生成Operation/Event/API/SQL投影；详见artifact-runtime-matrix.csv,Console/Storefront与SDK tests,Operation/Event定义、RequestContext、HTTP/微信响应、文件或上游配置，按文件适用,请求/响应、冻结对象、生成投影、路由/事件注册、检查或制品身份，按文件适用,主要为局部状态/冻结目录；共享状态见functions.csv,无直接数据库写；业务handler语义不在本AU,无直接网络，或仅在被调用的应用/发布流程中产生,无直接事件或本AU不适用,SDK通过App解析后的base URL/context；正式命令依赖本地node_modules；不记录敏感值,SDK只传上下文，不替代服务端授权；无则不适用,Node 22/浏览器/Web Crypto/wx requester/PostgreSQL/构建制品，按文件适用,无外部初始化写；CLI脚本仅在显式执行时运行,可能构建冻结descriptor/Map；不写外部状态,无或不适用,正式测试因依赖缺失未加载；已人工评估oracle,无持久资源或由调用者/进程管理,前置拒绝、Abort、事务rollback、脚本退出或旧制品回退；具体FMEA见fmea.csv,SDK 27用例及对应HTTP/Event/Console测试；正式执行环境阻塞,按用例记录；frozen/cancel局部可信，CORS/Wechat/retry存在缺口，正式执行环境阻塞,AU-008 summary、artifact/runtime/communications矩阵及全局01-09报告,以固定基线注册/加载代码为准；runtimegraph旧契约为STALE/CONFLICT,公开SDK/冻结Operation/生成格式或外部消费者兼容未排除,未证明有可安全等价替代；测试mock与生产差异不算替代,否；未满足G3十三项、可观察行为不变和第二次复核,package import、App构建、HTTP注册、事件发布、生成检查、候选制品或契约测试首先失败,[FACT] 自动生成物已核对来源、数量、消费者和制品边界；排除逐行风格评价
FILE-AU-008-048,01_core_hexin/packages/sdk/src/operations/extension.ts,@shop/sdk,TypeScript源码,e78660d74f5919e0b8034f69ff8de300b05005bf,31,自动生成；核对来源、集合、消费者与发布边界,Codex主审,2026-09-14,AU-008,CP-08,P2（F-0038）,否（若后续升级则重排）,E-AU-008-002/003/004/015,是,由契约定义生成客户端、服务路由、事件、数据库或Miniapp投影,contractgen或Miniapp生成脚本；运行消费者见artifact-runtime-matrix.csv,生成后由静态import/package export/候选复制或测试读取,生成Operation/Event/API/SQL投影；详见artifact-runtime-matrix.csv,Console/Storefront与SDK tests,Operation/Event定义、RequestContext、HTTP/微信响应、文件或上游配置，按文件适用,请求/响应、冻结对象、生成投影、路由/事件注册、检查或制品身份，按文件适用,主要为局部状态/冻结目录；共享状态见functions.csv,无直接数据库写；业务handler语义不在本AU,无直接网络，或仅在被调用的应用/发布流程中产生,无直接事件或本AU不适用,SDK通过App解析后的base URL/context；正式命令依赖本地node_modules；不记录敏感值,SDK只传上下文，不替代服务端授权；无则不适用,Node 22/浏览器/Web Crypto/wx requester/PostgreSQL/构建制品，按文件适用,无外部初始化写；CLI脚本仅在显式执行时运行,可能构建冻结descriptor/Map；不写外部状态,无或不适用,正式测试因依赖缺失未加载；已人工评估oracle,无持久资源或由调用者/进程管理,前置拒绝、Abort、事务rollback、脚本退出或旧制品回退；具体FMEA见fmea.csv,SDK 27用例及对应HTTP/Event/Console测试；正式执行环境阻塞,按用例记录；frozen/cancel局部可信，CORS/Wechat/retry存在缺口，正式执行环境阻塞,AU-008 summary、artifact/runtime/communications矩阵及全局01-09报告,以固定基线注册/加载代码为准；runtimegraph旧契约为STALE/CONFLICT,公开SDK/冻结Operation/生成格式或外部消费者兼容未排除,未证明有可安全等价替代；测试mock与生产差异不算替代,否；未满足G3十三项、可观察行为不变和第二次复核,package import、App构建、HTTP注册、事件发布、生成检查、候选制品或契约测试首先失败,[FACT] 自动生成物已核对来源、数量、消费者和制品边界；排除逐行风格评价
FILE-AU-008-049,01_core_hexin/packages/sdk/src/operations/finance.ts,@shop/sdk,TypeScript源码,1f63e540c4131befb51d7928d8f7b26989cd3ad9,317,自动生成；核对来源、集合、消费者与发布边界,Codex主审,2026-09-14,AU-008,CP-08,P2（F-0038）,否（若后续升级则重排）,E-AU-008-002/003/004/015,是,由契约定义生成客户端、服务路由、事件、数据库或Miniapp投影,contractgen或Miniapp生成脚本；运行消费者见artifact-runtime-matrix.csv,生成后由静态import/package export/候选复制或测试读取,生成Operation/Event/API/SQL投影；详见artifact-runtime-matrix.csv,Console/Storefront与SDK tests,Operation/Event定义、RequestContext、HTTP/微信响应、文件或上游配置，按文件适用,请求/响应、冻结对象、生成投影、路由/事件注册、检查或制品身份，按文件适用,主要为局部状态/冻结目录；共享状态见functions.csv,无直接数据库写；业务handler语义不在本AU,无直接网络，或仅在被调用的应用/发布流程中产生,无直接事件或本AU不适用,SDK通过App解析后的base URL/context；正式命令依赖本地node_modules；不记录敏感值,SDK只传上下文，不替代服务端授权；无则不适用,Node 22/浏览器/Web Crypto/wx requester/PostgreSQL/构建制品，按文件适用,无外部初始化写；CLI脚本仅在显式执行时运行,可能构建冻结descriptor/Map；不写外部状态,无或不适用,正式测试因依赖缺失未加载；已人工评估oracle,无持久资源或由调用者/进程管理,前置拒绝、Abort、事务rollback、脚本退出或旧制品回退；具体FMEA见fmea.csv,SDK 27用例及对应HTTP/Event/Console测试；正式执行环境阻塞,按用例记录；frozen/cancel局部可信，CORS/Wechat/retry存在缺口，正式执行环境阻塞,AU-008 summary、artifact/runtime/communications矩阵及全局01-09报告,以固定基线注册/加载代码为准；runtimegraph旧契约为STALE/CONFLICT,公开SDK/冻结Operation/生成格式或外部消费者兼容未排除,未证明有可安全等价替代；测试mock与生产差异不算替代,否；未满足G3十三项、可观察行为不变和第二次复核,package import、App构建、HTTP注册、事件发布、生成检查、候选制品或契约测试首先失败,[FACT] 自动生成物已核对来源、数量、消费者和制品边界；排除逐行风格评价
FILE-AU-008-050,01_core_hexin/packages/sdk/src/operations/fulfillment.ts,@shop/sdk,TypeScript源码,aed4b5718d8b476ac09b67c7c99d8af658ed4353,64,自动生成；核对来源、集合、消费者与发布边界,Codex主审,2026-09-14,AU-008,CP-08,P2（F-0038）,否（若后续升级则重排）,E-AU-008-002/003/004/015,是,由契约定义生成客户端、服务路由、事件、数据库或Miniapp投影,contractgen或Miniapp生成脚本；运行消费者见artifact-runtime-matrix.csv,生成后由静态import/package export/候选复制或测试读取,生成Operation/Event/API/SQL投影；详见artifact-runtime-matrix.csv,Console/Storefront与SDK tests,Operation/Event定义、RequestContext、HTTP/微信响应、文件或上游配置，按文件适用,请求/响应、冻结对象、生成投影、路由/事件注册、检查或制品身份，按文件适用,主要为局部状态/冻结目录；共享状态见functions.csv,无直接数据库写；业务handler语义不在本AU,无直接网络，或仅在被调用的应用/发布流程中产生,无直接事件或本AU不适用,SDK通过App解析后的base URL/context；正式命令依赖本地node_modules；不记录敏感值,SDK只传上下文，不替代服务端授权；无则不适用,Node 22/浏览器/Web Crypto/wx requester/PostgreSQL/构建制品，按文件适用,无外部初始化写；CLI脚本仅在显式执行时运行,可能构建冻结descriptor/Map；不写外部状态,无或不适用,正式测试因依赖缺失未加载；已人工评估oracle,无持久资源或由调用者/进程管理,前置拒绝、Abort、事务rollback、脚本退出或旧制品回退；具体FMEA见fmea.csv,SDK 27用例及对应HTTP/Event/Console测试；正式执行环境阻塞,按用例记录；frozen/cancel局部可信，CORS/Wechat/retry存在缺口，正式执行环境阻塞,AU-008 summary、artifact/runtime/communications矩阵及全局01-09报告,以固定基线注册/加载代码为准；runtimegraph旧契约为STALE/CONFLICT,公开SDK/冻结Operation/生成格式或外部消费者兼容未排除,未证明有可安全等价替代；测试mock与生产差异不算替代,否；未满足G3十三项、可观察行为不变和第二次复核,package import、App构建、HTTP注册、事件发布、生成检查、候选制品或契约测试首先失败,[FACT] 自动生成物已核对来源、数量、消费者和制品边界；排除逐行风格评价
FILE-AU-008-051,01_core_hexin/packages/sdk/src/operations/identity.ts,@shop/sdk,TypeScript源码,2ddd771a8efbb86cab23025cccee46257e0502fa,284,自动生成；核对来源、集合、消费者与发布边界,Codex主审,2026-09-14,AU-008,CP-08,P2（F-0038）,否（若后续升级则重排）,E-AU-008-002/003/004/015,是,由契约定义生成客户端、服务路由、事件、数据库或Miniapp投影,contractgen或Miniapp生成脚本；运行消费者见artifact-runtime-matrix.csv,生成后由静态import/package export/候选复制或测试读取,生成Operation/Event/API/SQL投影；详见artifact-runtime-matrix.csv,Console/Storefront与SDK tests,Operation/Event定义、RequestContext、HTTP/微信响应、文件或上游配置，按文件适用,请求/响应、冻结对象、生成投影、路由/事件注册、检查或制品身份，按文件适用,主要为局部状态/冻结目录；共享状态见functions.csv,无直接数据库写；业务handler语义不在本AU,无直接网络，或仅在被调用的应用/发布流程中产生,无直接事件或本AU不适用,SDK通过App解析后的base URL/context；正式命令依赖本地node_modules；不记录敏感值,SDK只传上下文，不替代服务端授权；无则不适用,Node 22/浏览器/Web Crypto/wx requester/PostgreSQL/构建制品，按文件适用,无外部初始化写；CLI脚本仅在显式执行时运行,可能构建冻结descriptor/Map；不写外部状态,无或不适用,正式测试因依赖缺失未加载；已人工评估oracle,无持久资源或由调用者/进程管理,前置拒绝、Abort、事务rollback、脚本退出或旧制品回退；具体FMEA见fmea.csv,SDK 27用例及对应HTTP/Event/Console测试；正式执行环境阻塞,按用例记录；frozen/cancel局部可信，CORS/Wechat/retry存在缺口，正式执行环境阻塞,AU-008 summary、artifact/runtime/communications矩阵及全局01-09报告,以固定基线注册/加载代码为准；runtimegraph旧契约为STALE/CONFLICT,公开SDK/冻结Operation/生成格式或外部消费者兼容未排除,未证明有可安全等价替代；测试mock与生产差异不算替代,否；未满足G3十三项、可观察行为不变和第二次复核,package import、App构建、HTTP注册、事件发布、生成检查、候选制品或契约测试首先失败,[FACT] 自动生成物已核对来源、数量、消费者和制品边界；排除逐行风格评价
FILE-AU-008-052,01_core_hexin/packages/sdk/src/operations/inventory.ts,@shop/sdk,TypeScript源码,782be5656e1619711d39ab483a735081710f6744,53,自动生成；核对来源、集合、消费者与发布边界,Codex主审,2026-09-14,AU-008,CP-08,P2（F-0038）,否（若后续升级则重排）,E-AU-008-002/003/004/015,是,由契约定义生成客户端、服务路由、事件、数据库或Miniapp投影,contractgen或Miniapp生成脚本；运行消费者见artifact-runtime-matrix.csv,生成后由静态import/package export/候选复制或测试读取,生成Operation/Event/API/SQL投影；详见artifact-runtime-matrix.csv,Console/Storefront与SDK tests,Operation/Event定义、RequestContext、HTTP/微信响应、文件或上游配置，按文件适用,请求/响应、冻结对象、生成投影、路由/事件注册、检查或制品身份，按文件适用,主要为局部状态/冻结目录；共享状态见functions.csv,无直接数据库写；业务handler语义不在本AU,无直接网络，或仅在被调用的应用/发布流程中产生,无直接事件或本AU不适用,SDK通过App解析后的base URL/context；正式命令依赖本地node_modules；不记录敏感值,SDK只传上下文，不替代服务端授权；无则不适用,Node 22/浏览器/Web Crypto/wx requester/PostgreSQL/构建制品，按文件适用,无外部初始化写；CLI脚本仅在显式执行时运行,可能构建冻结descriptor/Map；不写外部状态,无或不适用,正式测试因依赖缺失未加载；已人工评估oracle,无持久资源或由调用者/进程管理,前置拒绝、Abort、事务rollback、脚本退出或旧制品回退；具体FMEA见fmea.csv,SDK 27用例及对应HTTP/Event/Console测试；正式执行环境阻塞,按用例记录；frozen/cancel局部可信，CORS/Wechat/retry存在缺口，正式执行环境阻塞,AU-008 summary、artifact/runtime/communications矩阵及全局01-09报告,以固定基线注册/加载代码为准；runtimegraph旧契约为STALE/CONFLICT,公开SDK/冻结Operation/生成格式或外部消费者兼容未排除,未证明有可安全等价替代；测试mock与生产差异不算替代,否；未满足G3十三项、可观察行为不变和第二次复核,package import、App构建、HTTP注册、事件发布、生成检查、候选制品或契约测试首先失败,[FACT] 自动生成物已核对来源、数量、消费者和制品边界；排除逐行风格评价
FILE-AU-008-053,01_core_hexin/packages/sdk/src/operations/invoice.ts,@shop/sdk,TypeScript源码,3925e43f34b76931112e115d59b7f97c7be022aa,108,自动生成；核对来源、集合、消费者与发布边界,Codex主审,2026-09-14,AU-008,CP-08,P2（F-0038）,否（若后续升级则重排）,E-AU-008-002/003/004/015,是,由契约定义生成客户端、服务路由、事件、数据库或Miniapp投影,contractgen或Miniapp生成脚本；运行消费者见artifact-runtime-matrix.csv,生成后由静态import/package export/候选复制或测试读取,生成Operation/Event/API/SQL投影；详见artifact-runtime-matrix.csv,Console/Storefront与SDK tests,Operation/Event定义、RequestContext、HTTP/微信响应、文件或上游配置，按文件适用,请求/响应、冻结对象、生成投影、路由/事件注册、检查或制品身份，按文件适用,主要为局部状态/冻结目录；共享状态见functions.csv,无直接数据库写；业务handler语义不在本AU,无直接网络，或仅在被调用的应用/发布流程中产生,无直接事件或本AU不适用,SDK通过App解析后的base URL/context；正式命令依赖本地node_modules；不记录敏感值,SDK只传上下文，不替代服务端授权；无则不适用,Node 22/浏览器/Web Crypto/wx requester/PostgreSQL/构建制品，按文件适用,无外部初始化写；CLI脚本仅在显式执行时运行,可能构建冻结descriptor/Map；不写外部状态,无或不适用,正式测试因依赖缺失未加载；已人工评估oracle,无持久资源或由调用者/进程管理,前置拒绝、Abort、事务rollback、脚本退出或旧制品回退；具体FMEA见fmea.csv,SDK 27用例及对应HTTP/Event/Console测试；正式执行环境阻塞,按用例记录；frozen/cancel局部可信，CORS/Wechat/retry存在缺口，正式执行环境阻塞,AU-008 summary、artifact/runtime/communications矩阵及全局01-09报告,以固定基线注册/加载代码为准；runtimegraph旧契约为STALE/CONFLICT,公开SDK/冻结Operation/生成格式或外部消费者兼容未排除,未证明有可安全等价替代；测试mock与生产差异不算替代,否；未满足G3十三项、可观察行为不变和第二次复核,package import、App构建、HTTP注册、事件发布、生成检查、候选制品或契约测试首先失败,[FACT] 自动生成物已核对来源、数量、消费者和制品边界；排除逐行风格评价
FILE-AU-008-054,01_core_hexin/packages/sdk/src/operations/marketing.ts,@shop/sdk,TypeScript源码,928f9f3512853de9fee1386f804bd51a89844fd3,31,自动生成；核对来源、集合、消费者与发布边界,Codex主审,2026-09-14,AU-008,CP-08,P2（F-0038）,否（若后续升级则重排）,E-AU-008-002/003/004/015,是,由契约定义生成客户端、服务路由、事件、数据库或Miniapp投影,contractgen或Miniapp生成脚本；运行消费者见artifact-runtime-matrix.csv,生成后由静态import/package export/候选复制或测试读取,生成Operation/Event/API/SQL投影；详见artifact-runtime-matrix.csv,Console/Storefront与SDK tests,Operation/Event定义、RequestContext、HTTP/微信响应、文件或上游配置，按文件适用,请求/响应、冻结对象、生成投影、路由/事件注册、检查或制品身份，按文件适用,主要为局部状态/冻结目录；共享状态见functions.csv,无直接数据库写；业务handler语义不在本AU,无直接网络，或仅在被调用的应用/发布流程中产生,无直接事件或本AU不适用,SDK通过App解析后的base URL/context；正式命令依赖本地node_modules；不记录敏感值,SDK只传上下文，不替代服务端授权；无则不适用,Node 22/浏览器/Web Crypto/wx requester/PostgreSQL/构建制品，按文件适用,无外部初始化写；CLI脚本仅在显式执行时运行,可能构建冻结descriptor/Map；不写外部状态,无或不适用,正式测试因依赖缺失未加载；已人工评估oracle,无持久资源或由调用者/进程管理,前置拒绝、Abort、事务rollback、脚本退出或旧制品回退；具体FMEA见fmea.csv,SDK 27用例及对应HTTP/Event/Console测试；正式执行环境阻塞,按用例记录；frozen/cancel局部可信，CORS/Wechat/retry存在缺口，正式执行环境阻塞,AU-008 summary、artifact/runtime/communications矩阵及全局01-09报告,以固定基线注册/加载代码为准；runtimegraph旧契约为STALE/CONFLICT,公开SDK/冻结Operation/生成格式或外部消费者兼容未排除,未证明有可安全等价替代；测试mock与生产差异不算替代,否；未满足G3十三项、可观察行为不变和第二次复核,package import、App构建、HTTP注册、事件发布、生成检查、候选制品或契约测试首先失败,[FACT] 自动生成物已核对来源、数量、消费者和制品边界；排除逐行风格评价
FILE-AU-008-055,01_core_hexin/packages/sdk/src/operations/member.ts,@shop/sdk,TypeScript源码,6c899d31a5921474b40bd91ecbb14775ed01f4e2,207,自动生成；核对来源、集合、消费者与发布边界,Codex主审,2026-09-14,AU-008,CP-08,P2（F-0038）,否（若后续升级则重排）,E-AU-008-002/003/004/015,是,由契约定义生成客户端、服务路由、事件、数据库或Miniapp投影,contractgen或Miniapp生成脚本；运行消费者见artifact-runtime-matrix.csv,生成后由静态import/package export/候选复制或测试读取,生成Operation/Event/API/SQL投影；详见artifact-runtime-matrix.csv,Console/Storefront与SDK tests,Operation/Event定义、RequestContext、HTTP/微信响应、文件或上游配置，按文件适用,请求/响应、冻结对象、生成投影、路由/事件注册、检查或制品身份，按文件适用,主要为局部状态/冻结目录；共享状态见functions.csv,无直接数据库写；业务handler语义不在本AU,无直接网络，或仅在被调用的应用/发布流程中产生,无直接事件或本AU不适用,SDK通过App解析后的base URL/context；正式命令依赖本地node_modules；不记录敏感值,SDK只传上下文，不替代服务端授权；无则不适用,Node 22/浏览器/Web Crypto/wx requester/PostgreSQL/构建制品，按文件适用,无外部初始化写；CLI脚本仅在显式执行时运行,可能构建冻结descriptor/Map；不写外部状态,无或不适用,正式测试因依赖缺失未加载；已人工评估oracle,无持久资源或由调用者/进程管理,前置拒绝、Abort、事务rollback、脚本退出或旧制品回退；具体FMEA见fmea.csv,SDK 27用例及对应HTTP/Event/Console测试；正式执行环境阻塞,按用例记录；frozen/cancel局部可信，CORS/Wechat/retry存在缺口，正式执行环境阻塞,AU-008 summary、artifact/runtime/communications矩阵及全局01-09报告,以固定基线注册/加载代码为准；runtimegraph旧契约为STALE/CONFLICT,公开SDK/冻结Operation/生成格式或外部消费者兼容未排除,未证明有可安全等价替代；测试mock与生产差异不算替代,否；未满足G3十三项、可观察行为不变和第二次复核,package import、App构建、HTTP注册、事件发布、生成检查、候选制品或契约测试首先失败,[FACT] 自动生成物已核对来源、数量、消费者和制品边界；排除逐行风格评价
FILE-AU-008-056,01_core_hexin/packages/sdk/src/operations/notification.ts,@shop/sdk,TypeScript源码,274b9e59812f677ff2e6d75727fe0426063e81e1,108,自动生成；核对来源、集合、消费者与发布边界,Codex主审,2026-09-14,AU-008,CP-08,P2（F-0038）,否（若后续升级则重排）,E-AU-008-002/003/004/015,是,由契约定义生成客户端、服务路由、事件、数据库或Miniapp投影,contractgen或Miniapp生成脚本；运行消费者见artifact-runtime-matrix.csv,生成后由静态import/package export/候选复制或测试读取,生成Operation/Event/API/SQL投影；详见artifact-runtime-matrix.csv,Console/Storefront与SDK tests,Operation/Event定义、RequestContext、HTTP/微信响应、文件或上游配置，按文件适用,请求/响应、冻结对象、生成投影、路由/事件注册、检查或制品身份，按文件适用,主要为局部状态/冻结目录；共享状态见functions.csv,无直接数据库写；业务handler语义不在本AU,无直接网络，或仅在被调用的应用/发布流程中产生,无直接事件或本AU不适用,SDK通过App解析后的base URL/context；正式命令依赖本地node_modules；不记录敏感值,SDK只传上下文，不替代服务端授权；无则不适用,Node 22/浏览器/Web Crypto/wx requester/PostgreSQL/构建制品，按文件适用,无外部初始化写；CLI脚本仅在显式执行时运行,可能构建冻结descriptor/Map；不写外部状态,无或不适用,正式测试因依赖缺失未加载；已人工评估oracle,无持久资源或由调用者/进程管理,前置拒绝、Abort、事务rollback、脚本退出或旧制品回退；具体FMEA见fmea.csv,SDK 27用例及对应HTTP/Event/Console测试；正式执行环境阻塞,按用例记录；frozen/cancel局部可信，CORS/Wechat/retry存在缺口，正式执行环境阻塞,AU-008 summary、artifact/runtime/communications矩阵及全局01-09报告,以固定基线注册/加载代码为准；runtimegraph旧契约为STALE/CONFLICT,公开SDK/冻结Operation/生成格式或外部消费者兼容未排除,未证明有可安全等价替代；测试mock与生产差异不算替代,否；未满足G3十三项、可观察行为不变和第二次复核,package import、App构建、HTTP注册、事件发布、生成检查、候选制品或契约测试首先失败,[FACT] 自动生成物已核对来源、数量、消费者和制品边界；排除逐行风格评价
FILE-AU-008-057,01_core_hexin/packages/sdk/src/operations/observability.ts,@shop/sdk,TypeScript源码,32cc1f13355969e6708a89c9bd2b83521f66909b,42,自动生成；核对来源、集合、消费者与发布边界,Codex主审,2026-09-14,AU-008,CP-08,P2（F-0038）,否（若后续升级则重排）,E-AU-008-002/003/004/015,是,由契约定义生成客户端、服务路由、事件、数据库或Miniapp投影,contractgen或Miniapp生成脚本；运行消费者见artifact-runtime-matrix.csv,生成后由静态import/package export/候选复制或测试读取,生成Operation/Event/API/SQL投影；详见artifact-runtime-matrix.csv,Console/Storefront与SDK tests,Operation/Event定义、RequestContext、HTTP/微信响应、文件或上游配置，按文件适用,请求/响应、冻结对象、生成投影、路由/事件注册、检查或制品身份，按文件适用,主要为局部状态/冻结目录；共享状态见functions.csv,无直接数据库写；业务handler语义不在本AU,无直接网络，或仅在被调用的应用/发布流程中产生,无直接事件或本AU不适用,SDK通过App解析后的base URL/context；正式命令依赖本地node_modules；不记录敏感值,SDK只传上下文，不替代服务端授权；无则不适用,Node 22/浏览器/Web Crypto/wx requester/PostgreSQL/构建制品，按文件适用,无外部初始化写；CLI脚本仅在显式执行时运行,可能构建冻结descriptor/Map；不写外部状态,无或不适用,正式测试因依赖缺失未加载；已人工评估oracle,无持久资源或由调用者/进程管理,前置拒绝、Abort、事务rollback、脚本退出或旧制品回退；具体FMEA见fmea.csv,SDK 27用例及对应HTTP/Event/Console测试；正式执行环境阻塞,按用例记录；frozen/cancel局部可信，CORS/Wechat/retry存在缺口，正式执行环境阻塞,AU-008 summary、artifact/runtime/communications矩阵及全局01-09报告,以固定基线注册/加载代码为准；runtimegraph旧契约为STALE/CONFLICT,公开SDK/冻结Operation/生成格式或外部消费者兼容未排除,未证明有可安全等价替代；测试mock与生产差异不算替代,否；未满足G3十三项、可观察行为不变和第二次复核,package import、App构建、HTTP注册、事件发布、生成检查、候选制品或契约测试首先失败,[FACT] 自动生成物已核对来源、数量、消费者和制品边界；排除逐行风格评价
FILE-AU-008-058,01_core_hexin/packages/sdk/src/operations/order.ts,@shop/sdk,TypeScript源码,1915efb9cde14c34b1b173192f561c3fa0336015,119,自动生成；核对来源、集合、消费者与发布边界,Codex主审,2026-09-14,AU-008,CP-08,P2（F-0038）,否（若后续升级则重排）,E-AU-008-002/003/004/015,是,由契约定义生成客户端、服务路由、事件、数据库或Miniapp投影,contractgen或Miniapp生成脚本；运行消费者见artifact-runtime-matrix.csv,生成后由静态import/package export/候选复制或测试读取,生成Operation/Event/API/SQL投影；详见artifact-runtime-matrix.csv,Console/Storefront与SDK tests,Operation/Event定义、RequestContext、HTTP/微信响应、文件或上游配置，按文件适用,请求/响应、冻结对象、生成投影、路由/事件注册、检查或制品身份，按文件适用,主要为局部状态/冻结目录；共享状态见functions.csv,无直接数据库写；业务handler语义不在本AU,无直接网络，或仅在被调用的应用/发布流程中产生,无直接事件或本AU不适用,SDK通过App解析后的base URL/context；正式命令依赖本地node_modules；不记录敏感值,SDK只传上下文，不替代服务端授权；无则不适用,Node 22/浏览器/Web Crypto/wx requester/PostgreSQL/构建制品，按文件适用,无外部初始化写；CLI脚本仅在显式执行时运行,可能构建冻结descriptor/Map；不写外部状态,无或不适用,正式测试因依赖缺失未加载；已人工评估oracle,无持久资源或由调用者/进程管理,前置拒绝、Abort、事务rollback、脚本退出或旧制品回退；具体FMEA见fmea.csv,SDK 27用例及对应HTTP/Event/Console测试；正式执行环境阻塞,按用例记录；frozen/cancel局部可信，CORS/Wechat/retry存在缺口，正式执行环境阻塞,AU-008 summary、artifact/runtime/communications矩阵及全局01-09报告,以固定基线注册/加载代码为准；runtimegraph旧契约为STALE/CONFLICT,公开SDK/冻结Operation/生成格式或外部消费者兼容未排除,未证明有可安全等价替代；测试mock与生产差异不算替代,否；未满足G3十三项、可观察行为不变和第二次复核,package import、App构建、HTTP注册、事件发布、生成检查、候选制品或契约测试首先失败,[FACT] 自动生成物已核对来源、数量、消费者和制品边界；排除逐行风格评价
FILE-AU-008-059,01_core_hexin/packages/sdk/src/operations/organization.ts,@shop/sdk,TypeScript源码,e666d48d705118f293479d45305f290298704660,53,自动生成；核对来源、集合、消费者与发布边界,Codex主审,2026-09-14,AU-008,CP-08,P2（F-0038）,否（若后续升级则重排）,E-AU-008-002/003/004/015,是,由契约定义生成客户端、服务路由、事件、数据库或Miniapp投影,contractgen或Miniapp生成脚本；运行消费者见artifact-runtime-matrix.csv,生成后由静态import/package export/候选复制或测试读取,生成Operation/Event/API/SQL投影；详见artifact-runtime-matrix.csv,Console/Storefront与SDK tests,Operation/Event定义、RequestContext、HTTP/微信响应、文件或上游配置，按文件适用,请求/响应、冻结对象、生成投影、路由/事件注册、检查或制品身份，按文件适用,主要为局部状态/冻结目录；共享状态见functions.csv,无直接数据库写；业务handler语义不在本AU,无直接网络，或仅在被调用的应用/发布流程中产生,无直接事件或本AU不适用,SDK通过App解析后的base URL/context；正式命令依赖本地node_modules；不记录敏感值,SDK只传上下文，不替代服务端授权；无则不适用,Node 22/浏览器/Web Crypto/wx requester/PostgreSQL/构建制品，按文件适用,无外部初始化写；CLI脚本仅在显式执行时运行,可能构建冻结descriptor/Map；不写外部状态,无或不适用,正式测试因依赖缺失未加载；已人工评估oracle,无持久资源或由调用者/进程管理,前置拒绝、Abort、事务rollback、脚本退出或旧制品回退；具体FMEA见fmea.csv,SDK 27用例及对应HTTP/Event/Console测试；正式执行环境阻塞,按用例记录；frozen/cancel局部可信，CORS/Wechat/retry存在缺口，正式执行环境阻塞,AU-008 summary、artifact/runtime/communications矩阵及全局01-09报告,以固定基线注册/加载代码为准；runtimegraph旧契约为STALE/CONFLICT,公开SDK/冻结Operation/生成格式或外部消费者兼容未排除,未证明有可安全等价替代；测试mock与生产差异不算替代,否；未满足G3十三项、可观察行为不变和第二次复核,package import、App构建、HTTP注册、事件发布、生成检查、候选制品或契约测试首先失败,[FACT] 自动生成物已核对来源、数量、消费者和制品边界；排除逐行风格评价
FILE-AU-008-060,01_core_hexin/packages/sdk/src/operations/partner.ts,@shop/sdk,TypeScript源码,671c6b3717ff1fd2ef0e5236f518584a97aac3d5,119,自动生成；核对来源、集合、消费者与发布边界,Codex主审,2026-09-14,AU-008,CP-08,P2（F-0038）,否（若后续升级则重排）,E-AU-008-002/003/004/015,是,由契约定义生成客户端、服务路由、事件、数据库或Miniapp投影,contractgen或Miniapp生成脚本；运行消费者见artifact-runtime-matrix.csv,生成后由静态import/package export/候选复制或测试读取,生成Operation/Event/API/SQL投影；详见artifact-runtime-matrix.csv,Console/Storefront与SDK tests,Operation/Event定义、RequestContext、HTTP/微信响应、文件或上游配置，按文件适用,请求/响应、冻结对象、生成投影、路由/事件注册、检查或制品身份，按文件适用,主要为局部状态/冻结目录；共享状态见functions.csv,无直接数据库写；业务handler语义不在本AU,无直接网络，或仅在被调用的应用/发布流程中产生,无直接事件或本AU不适用,SDK通过App解析后的base URL/context；正式命令依赖本地node_modules；不记录敏感值,SDK只传上下文，不替代服务端授权；无则不适用,Node 22/浏览器/Web Crypto/wx requester/PostgreSQL/构建制品，按文件适用,无外部初始化写；CLI脚本仅在显式执行时运行,可能构建冻结descriptor/Map；不写外部状态,无或不适用,正式测试因依赖缺失未加载；已人工评估oracle,无持久资源或由调用者/进程管理,前置拒绝、Abort、事务rollback、脚本退出或旧制品回退；具体FMEA见fmea.csv,SDK 27用例及对应HTTP/Event/Console测试；正式执行环境阻塞,按用例记录；frozen/cancel局部可信，CORS/Wechat/retry存在缺口，正式执行环境阻塞,AU-008 summary、artifact/runtime/communications矩阵及全局01-09报告,以固定基线注册/加载代码为准；runtimegraph旧契约为STALE/CONFLICT,公开SDK/冻结Operation/生成格式或外部消费者兼容未排除,未证明有可安全等价替代；测试mock与生产差异不算替代,否；未满足G3十三项、可观察行为不变和第二次复核,package import、App构建、HTTP注册、事件发布、生成检查、候选制品或契约测试首先失败,[FACT] 自动生成物已核对来源、数量、消费者和制品边界；排除逐行风格评价
FILE-AU-008-061,01_core_hexin/packages/sdk/src/operations/payment.ts,@shop/sdk,TypeScript源码,96cf5538290cff55069eacdec865eb07a3dc54fc,86,自动生成；核对来源、集合、消费者与发布边界,Codex主审,2026-09-14,AU-008,CP-08,P2（F-0038）,否（若后续升级则重排）,E-AU-008-002/003/004/015,是,由契约定义生成客户端、服务路由、事件、数据库或Miniapp投影,contractgen或Miniapp生成脚本；运行消费者见artifact-runtime-matrix.csv,生成后由静态import/package export/候选复制或测试读取,生成Operation/Event/API/SQL投影；详见artifact-runtime-matrix.csv,Console/Storefront与SDK tests,Operation/Event定义、RequestContext、HTTP/微信响应、文件或上游配置，按文件适用,请求/响应、冻结对象、生成投影、路由/事件注册、检查或制品身份，按文件适用,主要为局部状态/冻结目录；共享状态见functions.csv,无直接数据库写；业务handler语义不在本AU,无直接网络，或仅在被调用的应用/发布流程中产生,无直接事件或本AU不适用,SDK通过App解析后的base URL/context；正式命令依赖本地node_modules；不记录敏感值,SDK只传上下文，不替代服务端授权；无则不适用,Node 22/浏览器/Web Crypto/wx requester/PostgreSQL/构建制品，按文件适用,无外部初始化写；CLI脚本仅在显式执行时运行,可能构建冻结descriptor/Map；不写外部状态,无或不适用,正式测试因依赖缺失未加载；已人工评估oracle,无持久资源或由调用者/进程管理,前置拒绝、Abort、事务rollback、脚本退出或旧制品回退；具体FMEA见fmea.csv,SDK 27用例及对应HTTP/Event/Console测试；正式执行环境阻塞,按用例记录；frozen/cancel局部可信，CORS/Wechat/retry存在缺口，正式执行环境阻塞,AU-008 summary、artifact/runtime/communications矩阵及全局01-09报告,以固定基线注册/加载代码为准；runtimegraph旧契约为STALE/CONFLICT,公开SDK/冻结Operation/生成格式或外部消费者兼容未排除,未证明有可安全等价替代；测试mock与生产差异不算替代,否；未满足G3十三项、可观察行为不变和第二次复核,package import、App构建、HTTP注册、事件发布、生成检查、候选制品或契约测试首先失败,[FACT] 自动生成物已核对来源、数量、消费者和制品边界；排除逐行风格评价
FILE-AU-008-062,01_core_hexin/packages/sdk/src/operations/pricing.ts,@shop/sdk,TypeScript源码,ef026720a0951685b27d511d0f3b4a72519eeff9,53,自动生成；核对来源、集合、消费者与发布边界,Codex主审,2026-09-14,AU-008,CP-08,P2（F-0038）,否（若后续升级则重排）,E-AU-008-002/003/004/015,是,由契约定义生成客户端、服务路由、事件、数据库或Miniapp投影,contractgen或Miniapp生成脚本；运行消费者见artifact-runtime-matrix.csv,生成后由静态import/package export/候选复制或测试读取,生成Operation/Event/API/SQL投影；详见artifact-runtime-matrix.csv,Console/Storefront与SDK tests,Operation/Event定义、RequestContext、HTTP/微信响应、文件或上游配置，按文件适用,请求/响应、冻结对象、生成投影、路由/事件注册、检查或制品身份，按文件适用,主要为局部状态/冻结目录；共享状态见functions.csv,无直接数据库写；业务handler语义不在本AU,无直接网络，或仅在被调用的应用/发布流程中产生,无直接事件或本AU不适用,SDK通过App解析后的base URL/context；正式命令依赖本地node_modules；不记录敏感值,SDK只传上下文，不替代服务端授权；无则不适用,Node 22/浏览器/Web Crypto/wx requester/PostgreSQL/构建制品，按文件适用,无外部初始化写；CLI脚本仅在显式执行时运行,可能构建冻结descriptor/Map；不写外部状态,无或不适用,正式测试因依赖缺失未加载；已人工评估oracle,无持久资源或由调用者/进程管理,前置拒绝、Abort、事务rollback、脚本退出或旧制品回退；具体FMEA见fmea.csv,SDK 27用例及对应HTTP/Event/Console测试；正式执行环境阻塞,按用例记录；frozen/cancel局部可信，CORS/Wechat/retry存在缺口，正式执行环境阻塞,AU-008 summary、artifact/runtime/communications矩阵及全局01-09报告,以固定基线注册/加载代码为准；runtimegraph旧契约为STALE/CONFLICT,公开SDK/冻结Operation/生成格式或外部消费者兼容未排除,未证明有可安全等价替代；测试mock与生产差异不算替代,否；未满足G3十三项、可观察行为不变和第二次复核,package import、App构建、HTTP注册、事件发布、生成检查、候选制品或契约测试首先失败,[FACT] 自动生成物已核对来源、数量、消费者和制品边界；排除逐行风格评价
FILE-AU-008-063,01_core_hexin/packages/sdk/src/operations/provisioning.ts,@shop/sdk,TypeScript源码,1753e009d47f6025839c7c060f45bef7fe411306,42,自动生成；核对来源、集合、消费者与发布边界,Codex主审,2026-09-14,AU-008,CP-08,P2（F-0038）,否（若后续升级则重排）,E-AU-008-002/003/004/015,是,由契约定义生成客户端、服务路由、事件、数据库或Miniapp投影,contractgen或Miniapp生成脚本；运行消费者见artifact-runtime-matrix.csv,生成后由静态import/package export/候选复制或测试读取,生成Operation/Event/API/SQL投影；详见artifact-runtime-matrix.csv,Console/Storefront与SDK tests,Operation/Event定义、RequestContext、HTTP/微信响应、文件或上游配置，按文件适用,请求/响应、冻结对象、生成投影、路由/事件注册、检查或制品身份，按文件适用,主要为局部状态/冻结目录；共享状态见functions.csv,无直接数据库写；业务handler语义不在本AU,无直接网络，或仅在被调用的应用/发布流程中产生,无直接事件或本AU不适用,SDK通过App解析后的base URL/context；正式命令依赖本地node_modules；不记录敏感值,SDK只传上下文，不替代服务端授权；无则不适用,Node 22/浏览器/Web Crypto/wx requester/PostgreSQL/构建制品，按文件适用,无外部初始化写；CLI脚本仅在显式执行时运行,可能构建冻结descriptor/Map；不写外部状态,无或不适用,正式测试因依赖缺失未加载；已人工评估oracle,无持久资源或由调用者/进程管理,前置拒绝、Abort、事务rollback、脚本退出或旧制品回退；具体FMEA见fmea.csv,SDK 27用例及对应HTTP/Event/Console测试；正式执行环境阻塞,按用例记录；frozen/cancel局部可信，CORS/Wechat/retry存在缺口，正式执行环境阻塞,AU-008 summary、artifact/runtime/communications矩阵及全局01-09报告,以固定基线注册/加载代码为准；runtimegraph旧契约为STALE/CONFLICT,公开SDK/冻结Operation/生成格式或外部消费者兼容未排除,未证明有可安全等价替代；测试mock与生产差异不算替代,否；未满足G3十三项、可观察行为不变和第二次复核,package import、App构建、HTTP注册、事件发布、生成检查、候选制品或契约测试首先失败,[FACT] 自动生成物已核对来源、数量、消费者和制品边界；排除逐行风格评价
FILE-AU-008-064,01_core_hexin/packages/sdk/src/operations/qualification.ts,@shop/sdk,TypeScript源码,b19c6d3f596ec7985bc6e3034b92aff0464c56b3,53,自动生成；核对来源、集合、消费者与发布边界,Codex主审,2026-09-14,AU-008,CP-08,P2（F-0038）,否（若后续升级则重排）,E-AU-008-002/003/004/015,是,由契约定义生成客户端、服务路由、事件、数据库或Miniapp投影,contractgen或Miniapp生成脚本；运行消费者见artifact-runtime-matrix.csv,生成后由静态import/package export/候选复制或测试读取,生成Operation/Event/API/SQL投影；详见artifact-runtime-matrix.csv,Console/Storefront与SDK tests,Operation/Event定义、RequestContext、HTTP/微信响应、文件或上游配置，按文件适用,请求/响应、冻结对象、生成投影、路由/事件注册、检查或制品身份，按文件适用,主要为局部状态/冻结目录；共享状态见functions.csv,无直接数据库写；业务handler语义不在本AU,无直接网络，或仅在被调用的应用/发布流程中产生,无直接事件或本AU不适用,SDK通过App解析后的base URL/context；正式命令依赖本地node_modules；不记录敏感值,SDK只传上下文，不替代服务端授权；无则不适用,Node 22/浏览器/Web Crypto/wx requester/PostgreSQL/构建制品，按文件适用,无外部初始化写；CLI脚本仅在显式执行时运行,可能构建冻结descriptor/Map；不写外部状态,无或不适用,正式测试因依赖缺失未加载；已人工评估oracle,无持久资源或由调用者/进程管理,前置拒绝、Abort、事务rollback、脚本退出或旧制品回退；具体FMEA见fmea.csv,SDK 27用例及对应HTTP/Event/Console测试；正式执行环境阻塞,按用例记录；frozen/cancel局部可信，CORS/Wechat/retry存在缺口，正式执行环境阻塞,AU-008 summary、artifact/runtime/communications矩阵及全局01-09报告,以固定基线注册/加载代码为准；runtimegraph旧契约为STALE/CONFLICT,公开SDK/冻结Operation/生成格式或外部消费者兼容未排除,未证明有可安全等价替代；测试mock与生产差异不算替代,否；未满足G3十三项、可观察行为不变和第二次复核,package import、App构建、HTTP注册、事件发布、生成检查、候选制品或契约测试首先失败,[FACT] 自动生成物已核对来源、数量、消费者和制品边界；排除逐行风格评价
FILE-AU-008-065,01_core_hexin/packages/sdk/src/operations/referral.ts,@shop/sdk,TypeScript源码,357df4b16da27dface55ff67f2fafd7d78f1ff8b,185,自动生成；核对来源、集合、消费者与发布边界,Codex主审,2026-09-14,AU-008,CP-08,P2（F-0038）,否（若后续升级则重排）,E-AU-008-002/003/004/015,是,由契约定义生成客户端、服务路由、事件、数据库或Miniapp投影,contractgen或Miniapp生成脚本；运行消费者见artifact-runtime-matrix.csv,生成后由静态import/package export/候选复制或测试读取,生成Operation/Event/API/SQL投影；详见artifact-runtime-matrix.csv,Console/Storefront与SDK tests,Operation/Event定义、RequestContext、HTTP/微信响应、文件或上游配置，按文件适用,请求/响应、冻结对象、生成投影、路由/事件注册、检查或制品身份，按文件适用,主要为局部状态/冻结目录；共享状态见functions.csv,无直接数据库写；业务handler语义不在本AU,无直接网络，或仅在被调用的应用/发布流程中产生,无直接事件或本AU不适用,SDK通过App解析后的base URL/context；正式命令依赖本地node_modules；不记录敏感值,SDK只传上下文，不替代服务端授权；无则不适用,Node 22/浏览器/Web Crypto/wx requester/PostgreSQL/构建制品，按文件适用,无外部初始化写；CLI脚本仅在显式执行时运行,可能构建冻结descriptor/Map；不写外部状态,无或不适用,正式测试因依赖缺失未加载；已人工评估oracle,无持久资源或由调用者/进程管理,前置拒绝、Abort、事务rollback、脚本退出或旧制品回退；具体FMEA见fmea.csv,SDK 27用例及对应HTTP/Event/Console测试；正式执行环境阻塞,按用例记录；frozen/cancel局部可信，CORS/Wechat/retry存在缺口，正式执行环境阻塞,AU-008 summary、artifact/runtime/communications矩阵及全局01-09报告,以固定基线注册/加载代码为准；runtimegraph旧契约为STALE/CONFLICT,公开SDK/冻结Operation/生成格式或外部消费者兼容未排除,未证明有可安全等价替代；测试mock与生产差异不算替代,否；未满足G3十三项、可观察行为不变和第二次复核,package import、App构建、HTTP注册、事件发布、生成检查、候选制品或契约测试首先失败,[FACT] 自动生成物已核对来源、数量、消费者和制品边界；排除逐行风格评价
FILE-AU-008-066,01_core_hexin/packages/sdk/src/operations/reporting.ts,@shop/sdk,TypeScript源码,73ff696c0b5238685b1be0c18d7187cbe19ca5a1,130,自动生成；核对来源、集合、消费者与发布边界,Codex主审,2026-09-14,AU-008,CP-08,P2（F-0038）,否（若后续升级则重排）,E-AU-008-002/003/004/015,是,由契约定义生成客户端、服务路由、事件、数据库或Miniapp投影,contractgen或Miniapp生成脚本；运行消费者见artifact-runtime-matrix.csv,生成后由静态import/package export/候选复制或测试读取,生成Operation/Event/API/SQL投影；详见artifact-runtime-matrix.csv,Console/Storefront与SDK tests,Operation/Event定义、RequestContext、HTTP/微信响应、文件或上游配置，按文件适用,请求/响应、冻结对象、生成投影、路由/事件注册、检查或制品身份，按文件适用,主要为局部状态/冻结目录；共享状态见functions.csv,无直接数据库写；业务handler语义不在本AU,无直接网络，或仅在被调用的应用/发布流程中产生,无直接事件或本AU不适用,SDK通过App解析后的base URL/context；正式命令依赖本地node_modules；不记录敏感值,SDK只传上下文，不替代服务端授权；无则不适用,Node 22/浏览器/Web Crypto/wx requester/PostgreSQL/构建制品，按文件适用,无外部初始化写；CLI脚本仅在显式执行时运行,可能构建冻结descriptor/Map；不写外部状态,无或不适用,正式测试因依赖缺失未加载；已人工评估oracle,无持久资源或由调用者/进程管理,前置拒绝、Abort、事务rollback、脚本退出或旧制品回退；具体FMEA见fmea.csv,SDK 27用例及对应HTTP/Event/Console测试；正式执行环境阻塞,按用例记录；frozen/cancel局部可信，CORS/Wechat/retry存在缺口，正式执行环境阻塞,AU-008 summary、artifact/runtime/communications矩阵及全局01-09报告,以固定基线注册/加载代码为准；runtimegraph旧契约为STALE/CONFLICT,公开SDK/冻结Operation/生成格式或外部消费者兼容未排除,未证明有可安全等价替代；测试mock与生产差异不算替代,否；未满足G3十三项、可观察行为不变和第二次复核,package import、App构建、HTTP注册、事件发布、生成检查、候选制品或契约测试首先失败,[FACT] 自动生成物已核对来源、数量、消费者和制品边界；排除逐行风格评价
FILE-AU-008-067,01_core_hexin/packages/sdk/src/operations/risk.ts,@shop/sdk,TypeScript源码,ccdcdfd4b2a7548e49601f9d9027b32e7a465c97,53,自动生成；核对来源、集合、消费者与发布边界,Codex主审,2026-09-14,AU-008,CP-08,P2（F-0038）,否（若后续升级则重排）,E-AU-008-002/003/004/015,是,由契约定义生成客户端、服务路由、事件、数据库或Miniapp投影,contractgen或Miniapp生成脚本；运行消费者见artifact-runtime-matrix.csv,生成后由静态import/package export/候选复制或测试读取,生成Operation/Event/API/SQL投影；详见artifact-runtime-matrix.csv,Console/Storefront与SDK tests,Operation/Event定义、RequestContext、HTTP/微信响应、文件或上游配置，按文件适用,请求/响应、冻结对象、生成投影、路由/事件注册、检查或制品身份，按文件适用,主要为局部状态/冻结目录；共享状态见functions.csv,无直接数据库写；业务handler语义不在本AU,无直接网络，或仅在被调用的应用/发布流程中产生,无直接事件或本AU不适用,SDK通过App解析后的base URL/context；正式命令依赖本地node_modules；不记录敏感值,SDK只传上下文，不替代服务端授权；无则不适用,Node 22/浏览器/Web Crypto/wx requester/PostgreSQL/构建制品，按文件适用,无外部初始化写；CLI脚本仅在显式执行时运行,可能构建冻结descriptor/Map；不写外部状态,无或不适用,正式测试因依赖缺失未加载；已人工评估oracle,无持久资源或由调用者/进程管理,前置拒绝、Abort、事务rollback、脚本退出或旧制品回退；具体FMEA见fmea.csv,SDK 27用例及对应HTTP/Event/Console测试；正式执行环境阻塞,按用例记录；frozen/cancel局部可信，CORS/Wechat/retry存在缺口，正式执行环境阻塞,AU-008 summary、artifact/runtime/communications矩阵及全局01-09报告,以固定基线注册/加载代码为准；runtimegraph旧契约为STALE/CONFLICT,公开SDK/冻结Operation/生成格式或外部消费者兼容未排除,未证明有可安全等价替代；测试mock与生产差异不算替代,否；未满足G3十三项、可观察行为不变和第二次复核,package import、App构建、HTTP注册、事件发布、生成检查、候选制品或契约测试首先失败,[FACT] 自动生成物已核对来源、数量、消费者和制品边界；排除逐行风格评价
FILE-AU-008-068,01_core_hexin/packages/sdk/src/operations/runtime.ts,@shop/sdk,TypeScript源码,0adee0fdbd6f9a78dfb536dc3e0ec3b572c1ca7d,64,自动生成；核对来源、集合、消费者与发布边界,Codex主审,2026-09-14,AU-008,CP-08,P2（F-0038）,否（若后续升级则重排）,E-AU-008-002/003/004/015,是,由契约定义生成客户端、服务路由、事件、数据库或Miniapp投影,contractgen或Miniapp生成脚本；运行消费者见artifact-runtime-matrix.csv,生成后由静态import/package export/候选复制或测试读取,生成Operation/Event/API/SQL投影；详见artifact-runtime-matrix.csv,Console/Storefront与SDK tests,Operation/Event定义、RequestContext、HTTP/微信响应、文件或上游配置，按文件适用,请求/响应、冻结对象、生成投影、路由/事件注册、检查或制品身份，按文件适用,主要为局部状态/冻结目录；共享状态见functions.csv,无直接数据库写；业务handler语义不在本AU,无直接网络，或仅在被调用的应用/发布流程中产生,无直接事件或本AU不适用,SDK通过App解析后的base URL/context；正式命令依赖本地node_modules；不记录敏感值,SDK只传上下文，不替代服务端授权；无则不适用,Node 22/浏览器/Web Crypto/wx requester/PostgreSQL/构建制品，按文件适用,无外部初始化写；CLI脚本仅在显式执行时运行,可能构建冻结descriptor/Map；不写外部状态,无或不适用,正式测试因依赖缺失未加载；已人工评估oracle,无持久资源或由调用者/进程管理,前置拒绝、Abort、事务rollback、脚本退出或旧制品回退；具体FMEA见fmea.csv,SDK 27用例及对应HTTP/Event/Console测试；正式执行环境阻塞,按用例记录；frozen/cancel局部可信，CORS/Wechat/retry存在缺口，正式执行环境阻塞,AU-008 summary、artifact/runtime/communications矩阵及全局01-09报告,以固定基线注册/加载代码为准；runtimegraph旧契约为STALE/CONFLICT,公开SDK/冻结Operation/生成格式或外部消费者兼容未排除,未证明有可安全等价替代；测试mock与生产差异不算替代,否；未满足G3十三项、可观察行为不变和第二次复核,package import、App构建、HTTP注册、事件发布、生成检查、候选制品或契约测试首先失败,[FACT] 自动生成物已核对来源、数量、消费者和制品边界；排除逐行风格评价
FILE-AU-008-069,01_core_hexin/packages/sdk/src/operations/support.ts,@shop/sdk,TypeScript源码,56732b74b5c64ac7468e7e8ff7d3de375767c401,218,自动生成；核对来源、集合、消费者与发布边界,Codex主审,2026-09-14,AU-008,CP-08,P2（F-0038）,否（若后续升级则重排）,E-AU-008-002/003/004/015,是,由契约定义生成客户端、服务路由、事件、数据库或Miniapp投影,contractgen或Miniapp生成脚本；运行消费者见artifact-runtime-matrix.csv,生成后由静态import/package export/候选复制或测试读取,生成Operation/Event/API/SQL投影；详见artifact-runtime-matrix.csv,Console/Storefront与SDK tests,Operation/Event定义、RequestContext、HTTP/微信响应、文件或上游配置，按文件适用,请求/响应、冻结对象、生成投影、路由/事件注册、检查或制品身份，按文件适用,主要为局部状态/冻结目录；共享状态见functions.csv,无直接数据库写；业务handler语义不在本AU,无直接网络，或仅在被调用的应用/发布流程中产生,无直接事件或本AU不适用,SDK通过App解析后的base URL/context；正式命令依赖本地node_modules；不记录敏感值,SDK只传上下文，不替代服务端授权；无则不适用,Node 22/浏览器/Web Crypto/wx requester/PostgreSQL/构建制品，按文件适用,无外部初始化写；CLI脚本仅在显式执行时运行,可能构建冻结descriptor/Map；不写外部状态,无或不适用,正式测试因依赖缺失未加载；已人工评估oracle,无持久资源或由调用者/进程管理,前置拒绝、Abort、事务rollback、脚本退出或旧制品回退；具体FMEA见fmea.csv,SDK 27用例及对应HTTP/Event/Console测试；正式执行环境阻塞,按用例记录；frozen/cancel局部可信，CORS/Wechat/retry存在缺口，正式执行环境阻塞,AU-008 summary、artifact/runtime/communications矩阵及全局01-09报告,以固定基线注册/加载代码为准；runtimegraph旧契约为STALE/CONFLICT,公开SDK/冻结Operation/生成格式或外部消费者兼容未排除,未证明有可安全等价替代；测试mock与生产差异不算替代,否；未满足G3十三项、可观察行为不变和第二次复核,package import、App构建、HTTP注册、事件发布、生成检查、候选制品或契约测试首先失败,[FACT] 自动生成物已核对来源、数量、消费者和制品边界；排除逐行风格评价
FILE-AU-008-070,01_core_hexin/packages/sdk/src/operations/verification.ts,@shop/sdk,TypeScript源码,291f597998a968abd617bf13e26e82baab31f518,86,自动生成；核对来源、集合、消费者与发布边界,Codex主审,2026-09-14,AU-008,CP-08,P2（F-0038）,否（若后续升级则重排）,E-AU-008-002/003/004/015,是,由契约定义生成客户端、服务路由、事件、数据库或Miniapp投影,contractgen或Miniapp生成脚本；运行消费者见artifact-runtime-matrix.csv,生成后由静态import/package export/候选复制或测试读取,生成Operation/Event/API/SQL投影；详见artifact-runtime-matrix.csv,Console/Storefront与SDK tests,Operation/Event定义、RequestContext、HTTP/微信响应、文件或上游配置，按文件适用,请求/响应、冻结对象、生成投影、路由/事件注册、检查或制品身份，按文件适用,主要为局部状态/冻结目录；共享状态见functions.csv,无直接数据库写；业务handler语义不在本AU,无直接网络，或仅在被调用的应用/发布流程中产生,无直接事件或本AU不适用,SDK通过App解析后的base URL/context；正式命令依赖本地node_modules；不记录敏感值,SDK只传上下文，不替代服务端授权；无则不适用,Node 22/浏览器/Web Crypto/wx requester/PostgreSQL/构建制品，按文件适用,无外部初始化写；CLI脚本仅在显式执行时运行,可能构建冻结descriptor/Map；不写外部状态,无或不适用,正式测试因依赖缺失未加载；已人工评估oracle,无持久资源或由调用者/进程管理,前置拒绝、Abort、事务rollback、脚本退出或旧制品回退；具体FMEA见fmea.csv,SDK 27用例及对应HTTP/Event/Console测试；正式执行环境阻塞,按用例记录；frozen/cancel局部可信，CORS/Wechat/retry存在缺口，正式执行环境阻塞,AU-008 summary、artifact/runtime/communications矩阵及全局01-09报告,以固定基线注册/加载代码为准；runtimegraph旧契约为STALE/CONFLICT,公开SDK/冻结Operation/生成格式或外部消费者兼容未排除,未证明有可安全等价替代；测试mock与生产差异不算替代,否；未满足G3十三项、可观察行为不变和第二次复核,package import、App构建、HTTP注册、事件发布、生成检查、候选制品或契约测试首先失败,[FACT] 自动生成物已核对来源、数量、消费者和制品边界；排除逐行风格评价
FILE-AU-008-071,01_core_hexin/packages/sdk/src/operations/voucher.ts,@shop/sdk,TypeScript源码,ff3e8786c0ed79689efcac23be939287a5992b42,856,自动生成；核对来源、集合、消费者与发布边界,Codex主审,2026-09-14,AU-008,CP-08,P2（F-0038）,否（若后续升级则重排）,E-AU-008-002/003/004/015,是,由契约定义生成客户端、服务路由、事件、数据库或Miniapp投影,contractgen或Miniapp生成脚本；运行消费者见artifact-runtime-matrix.csv,生成后由静态import/package export/候选复制或测试读取,生成Operation/Event/API/SQL投影；详见artifact-runtime-matrix.csv,Console/Storefront与SDK tests,Operation/Event定义、RequestContext、HTTP/微信响应、文件或上游配置，按文件适用,请求/响应、冻结对象、生成投影、路由/事件注册、检查或制品身份，按文件适用,主要为局部状态/冻结目录；共享状态见functions.csv,无直接数据库写；业务handler语义不在本AU,无直接网络，或仅在被调用的应用/发布流程中产生,无直接事件或本AU不适用,SDK通过App解析后的base URL/context；正式命令依赖本地node_modules；不记录敏感值,SDK只传上下文，不替代服务端授权；无则不适用,Node 22/浏览器/Web Crypto/wx requester/PostgreSQL/构建制品，按文件适用,无外部初始化写；CLI脚本仅在显式执行时运行,可能构建冻结descriptor/Map；不写外部状态,无或不适用,正式测试因依赖缺失未加载；已人工评估oracle,无持久资源或由调用者/进程管理,前置拒绝、Abort、事务rollback、脚本退出或旧制品回退；具体FMEA见fmea.csv,SDK 27用例及对应HTTP/Event/Console测试；正式执行环境阻塞,按用例记录；frozen/cancel局部可信，CORS/Wechat/retry存在缺口，正式执行环境阻塞,AU-008 summary、artifact/runtime/communications矩阵及全局01-09报告,以固定基线注册/加载代码为准；runtimegraph旧契约为STALE/CONFLICT,公开SDK/冻结Operation/生成格式或外部消费者兼容未排除,未证明有可安全等价替代；测试mock与生产差异不算替代,否；未满足G3十三项、可观察行为不变和第二次复核,package import、App构建、HTTP注册、事件发布、生成检查、候选制品或契约测试首先失败,[FACT] 自动生成物已核对来源、数量、消费者和制品边界；排除逐行风格评价
FILE-AU-008-072,01_core_hexin/services/commerce/src/app/events.ts,Commerce HTTP/runtime composition,TypeScript源码,7492aae8ff6e486281a6b2564ba54422dd0cf32b,150,自动生成；核对来源、集合、消费者与发布边界,Codex主审,2026-09-14,AU-008,CP-08,P2（F-0032/F-0039）,否（若后续升级则重排）,E-AU-008-011,是,由契约定义生成客户端、服务路由、事件、数据库或Miniapp投影,contractgen或Miniapp生成脚本；运行消费者见artifact-runtime-matrix.csv,生成后由静态import/package export/候选复制或测试读取,生成Operation/Event/API/SQL投影；详见artifact-runtime-matrix.csv,Commerce composition/HTTP/Event publisher,Operation/Event定义、RequestContext、HTTP/微信响应、文件或上游配置，按文件适用,请求/响应、冻结对象、生成投影、路由/事件注册、检查或制品身份，按文件适用,模块级可变Map；F-0032,无直接数据库写；业务handler语义不在本AU,无直接网络，或仅在被调用的应用/发布流程中产生,Event type/version/handler或runtime job链；见communications.csv,SDK通过App解析后的base URL/context；正式命令依赖本地node_modules；不记录敏感值,SDK只传上下文，不替代服务端授权；无则不适用,Node 22/浏览器/Web Crypto/wx requester/PostgreSQL/构建制品，按文件适用,无外部初始化写；CLI脚本仅在显式执行时运行,创建EVENT_HANDLERS与version Map,声明或消费事件handler registry,正式测试因依赖缺失未加载；已人工评估oracle,无持久资源或由调用者/进程管理,前置拒绝、Abort、事务rollback、脚本退出或旧制品回退；具体FMEA见fmea.csv,SDK 27用例及对应HTTP/Event/Console测试；正式执行环境阻塞,按用例记录；frozen/cancel局部可信，CORS/Wechat/retry存在缺口，正式执行环境阻塞,AU-008 summary、artifact/runtime/communications矩阵及全局01-09报告,以固定基线注册/加载代码为准；runtimegraph旧契约为STALE/CONFLICT,公开SDK/冻结Operation/生成格式或外部消费者兼容未排除,未证明有可安全等价替代；测试mock与生产差异不算替代,否；未满足G3十三项、可观察行为不变和第二次复核,package import、App构建、HTTP注册、事件发布、生成检查、候选制品或契约测试首先失败,[FACT] 自动生成物已核对来源、数量、消费者和制品边界；排除逐行风格评价
FILE-AU-008-073,01_core_hexin/services/commerce/src/foundation/application/OperationHandler.ts,Commerce HTTP/runtime composition,TypeScript源码,95513cef1373ae8053109ae07e073ec65cff87a4,319,自动生成；核对来源、集合、消费者与发布边界,Codex主审,2026-09-14,AU-008,CP-08,P2（F-0038）,否（若后续升级则重排）,E-AU-008-003/010,是,由契约定义生成客户端、服务路由、事件、数据库或Miniapp投影,contractgen或Miniapp生成脚本；运行消费者见artifact-runtime-matrix.csv,生成后由静态import/package export/候选复制或测试读取,生成Operation/Event/API/SQL投影；详见artifact-runtime-matrix.csv,Commerce composition/HTTP/Event publisher,Operation/Event定义、RequestContext、HTTP/微信响应、文件或上游配置，按文件适用,请求/响应、冻结对象、生成投影、路由/事件注册、检查或制品身份，按文件适用,主要为局部状态/冻结目录；共享状态见functions.csv,无直接数据库写；业务handler语义不在本AU,无直接网络，或仅在被调用的应用/发布流程中产生,无直接事件或本AU不适用,SDK通过App解析后的base URL/context；正式命令依赖本地node_modules；不记录敏感值,SDK只传上下文，不替代服务端授权；无则不适用,Node 22/浏览器/Web Crypto/wx requester/PostgreSQL/构建制品，按文件适用,无外部初始化写；CLI脚本仅在显式执行时运行,可能构建冻结descriptor/Map；不写外部状态,无或不适用,正式测试因依赖缺失未加载；已人工评估oracle,无持久资源或由调用者/进程管理,前置拒绝、Abort、事务rollback、脚本退出或旧制品回退；具体FMEA见fmea.csv,SDK 27用例及对应HTTP/Event/Console测试；正式执行环境阻塞,按用例记录；frozen/cancel局部可信，CORS/Wechat/retry存在缺口，正式执行环境阻塞,AU-008 summary、artifact/runtime/communications矩阵及全局01-09报告,以固定基线注册/加载代码为准；runtimegraph旧契约为STALE/CONFLICT,公开SDK/冻结Operation/生成格式或外部消费者兼容未排除,未证明有可安全等价替代；测试mock与生产差异不算替代,否；未满足G3十三项、可观察行为不变和第二次复核,package import、App构建、HTTP注册、事件发布、生成检查、候选制品或契约测试首先失败,[FACT] 自动生成物已核对来源、数量、消费者和制品边界；排除逐行风格评价
FILE-AU-008-074,01_core_hexin/services/commerce/src/foundation/interface/OperationController.ts,Commerce HTTP/runtime composition,TypeScript源码,02a81115cd57686ef4296b4615e3fe0129830779,364,自动生成；核对来源、集合、消费者与发布边界,Codex主审,2026-09-14,AU-008,CP-08,P1候选（F-0036）/P2（F-0038）,是（RV-0008，仅F-0036）,E-AU-008-003/010,是,由契约定义生成客户端、服务路由、事件、数据库或Miniapp投影,contractgen或Miniapp生成脚本；运行消费者见artifact-runtime-matrix.csv,生成后由静态import/package export/候选复制或测试读取,生成Operation/Event/API/SQL投影；详见artifact-runtime-matrix.csv,Commerce composition/HTTP/Event publisher,Operation/Event定义、RequestContext、HTTP/微信响应、文件或上游配置，按文件适用,请求/响应、冻结对象、生成投影、路由/事件注册、检查或制品身份，按文件适用,主要为局部状态/冻结目录；共享状态见functions.csv,无直接数据库写；业务handler语义不在本AU,无直接网络，或仅在被调用的应用/发布流程中产生,无直接事件或本AU不适用,SDK通过App解析后的base URL/context；正式命令依赖本地node_modules；不记录敏感值,Operation permission交authorizer；F-0036另行复核,Node 22/浏览器/Web Crypto/wx requester/PostgreSQL/构建制品，按文件适用,无外部初始化写；CLI脚本仅在显式执行时运行,可能构建冻结descriptor/Map；不写外部状态,注册/筛选/冻结HTTP Operation路由,正式测试因依赖缺失未加载；已人工评估oracle,无持久资源或由调用者/进程管理,前置拒绝、Abort、事务rollback、脚本退出或旧制品回退；具体FMEA见fmea.csv,SDK 27用例及对应HTTP/Event/Console测试；正式执行环境阻塞,按用例记录；frozen/cancel局部可信，CORS/Wechat/retry存在缺口，正式执行环境阻塞,AU-008 summary、artifact/runtime/communications矩阵及全局01-09报告,以固定基线注册/加载代码为准；runtimegraph旧契约为STALE/CONFLICT,公开SDK/冻结Operation/生成格式或外部消费者兼容未排除,未证明有可安全等价替代；测试mock与生产差异不算替代,否；未满足G3十三项、可观察行为不变和第二次复核,package import、App构建、HTTP注册、事件发布、生成检查、候选制品或契约测试首先失败,[FACT] 自动生成物已核对来源、数量、消费者和制品边界；排除逐行风格评价
FILE-AU-008-075,02_platform_pingtai/database/contracts/current.sql,Database contract snapshot,SQL模板/快照,e7ea24a208cb10eaa110d2d389f9cbe918418341,1409,自动生成；核对来源、集合、消费者与发布边界,Codex主审,2026-09-14,AU-008,CP-08,P2（F-0039）,否（若后续升级则重排）,E-AU-008-012,是,由契约定义生成客户端、服务路由、事件、数据库或Miniapp投影,contractgen或Miniapp生成脚本；运行消费者见artifact-runtime-matrix.csv,生成后由静态import/package export/候选复制或测试读取,生成Operation/Event/API/SQL投影；详见artifact-runtime-matrix.csv,生成器、正式检查、测试或候选制品；见communications.csv,Operation/Event定义、RequestContext、HTTP/微信响应、文件或上游配置，按文件适用,请求/响应、冻结对象、生成投影、路由/事件注册、检查或制品身份，按文件适用,主要为局部状态/冻结目录；共享状态见functions.csv,模板/生成SQL；固定仓库未执行current.sql,无直接网络，或仅在被调用的应用/发布流程中产生,无直接事件或本AU不适用,SDK通过App解析后的base URL/context；正式命令依赖本地node_modules；不记录敏感值,SDK只传上下文，不替代服务端授权；无则不适用,Node 22/浏览器/Web Crypto/wx requester/PostgreSQL/构建制品，按文件适用,无外部初始化写；CLI脚本仅在显式执行时运行,可能构建冻结descriptor/Map；不写外部状态,无或不适用,正式测试因依赖缺失未加载；已人工评估oracle,无持久资源或由调用者/进程管理,前置拒绝、Abort、事务rollback、脚本退出或旧制品回退；具体FMEA见fmea.csv,SDK 27用例及对应HTTP/Event/Console测试；正式执行环境阻塞,按用例记录；frozen/cancel局部可信，CORS/Wechat/retry存在缺口，正式执行环境阻塞,AU-008 summary、artifact/runtime/communications矩阵及全局01-09报告,以固定基线注册/加载代码为准；runtimegraph旧契约为STALE/CONFLICT,公开SDK/冻结Operation/生成格式或外部消费者兼容未排除,未证明有可安全等价替代；测试mock与生产差异不算替代,否；未满足G3十三项、可观察行为不变和第二次复核,package import、App构建、HTTP注册、事件发布、生成检查、候选制品或契约测试首先失败,[FACT] 自动生成物已核对来源、数量、消费者和制品边界；排除逐行风格评价
FILE-AU-008-076,01_core_hexin/apps/console/src/feature/access/OwnerTransferQuery.test.ts,Console generated SDK consumer,TypeScript测试,c5ce43591c7ff5ae568fd45209523bfe6ce15118,135,关键入口/调用/失败区间结构性审阅,Codex主审,2026-09-14,AU-008,CP-08,P2（F-0044）,否（若后续升级则重排）,E-AU-008-005/006,是,作为生成物的注册、调用、发布、测试或数据边界消费者,上游运行/构建/测试入口；详见communications.csv,对应App、Commerce workload、npm检查或release阶段,仅记录本AU相关公开符号、注册或脚本输出,生成器、正式检查、测试或候选制品；见communications.csv,Operation/Event定义、RequestContext、HTTP/微信响应、文件或上游配置，按文件适用,请求/响应、冻结对象、生成投影、路由/事件注册、检查或制品身份，按文件适用,主要为局部状态/冻结目录；共享状态见functions.csv,无直接数据库写；业务handler语义不在本AU,测试/mock或下游调用；本文件不直接建立线上连接,无直接事件或本AU不适用,SDK通过App解析后的base URL/context；正式命令依赖本地node_modules；不记录敏感值,SDK只传上下文，不替代服务端授权；无则不适用,Node 22/浏览器/Web Crypto/wx requester/PostgreSQL/构建制品，按文件适用,无外部初始化写；CLI脚本仅在显式执行时运行,见functions.csv；多数仅声明,无或不适用,Browser mock允许x-action-proof而生产preflight遗漏；F-0044,无持久资源或由调用者/进程管理,前置拒绝、Abort、事务rollback、脚本退出或旧制品回退；具体FMEA见fmea.csv,本文件自身为测试；用例见tests.csv,按用例记录；frozen/cancel局部可信，CORS/Wechat/retry存在缺口，正式执行环境阻塞,AU-008 summary、artifact/runtime/communications矩阵及全局01-09报告,以固定基线注册/加载代码为准；runtimegraph旧契约为STALE/CONFLICT,相关发布、迁移或运行兼容按矩阵保留,未证明有可安全等价替代；测试mock与生产差异不算替代,否；未满足G3十三项、可观察行为不变和第二次复核,package import、App构建、HTTP注册、事件发布、生成检查、候选制品或契约测试首先失败,[STRUCTURAL] 仅支撑本AU调用/发布边界，不冒充所属业务模块全面深审
FILE-AU-008-077,01_core_hexin/apps/console/src/feature/access/OwnerTransferQuery.ts,Console generated SDK consumer,TypeScript源码,d595fa46aa22dd969d70f2671c51a4a0cf4516f2,255,关键入口/调用/失败区间结构性审阅,Codex主审,2026-09-14,AU-008,CP-08,P2（F-0044）,否（若后续升级则重排）,E-AU-008-005/006,是,作为生成物的注册、调用、发布、测试或数据边界消费者,上游运行/构建/测试入口；详见communications.csv,对应App、Commerce workload、npm检查或release阶段,仅记录本AU相关公开符号、注册或脚本输出,生成器、正式检查、测试或候选制品；见communications.csv,Operation/Event定义、RequestContext、HTTP/微信响应、文件或上游配置，按文件适用,请求/响应、冻结对象、生成投影、路由/事件注册、检查或制品身份，按文件适用,主要为局部状态/冻结目录；共享状态见functions.csv,无直接数据库写；业务handler语义不在本AU,无直接网络，或仅在被调用的应用/发布流程中产生,无直接事件或本AU不适用,SDK通过App解析后的base URL/context；正式命令依赖本地node_modules；不记录敏感值,SDK只传上下文，不替代服务端授权；无则不适用,Node 22/浏览器/Web Crypto/wx requester/PostgreSQL/构建制品，按文件适用,无外部初始化写；CLI脚本仅在显式执行时运行,见functions.csv；多数仅声明,无或不适用,Browser mock允许x-action-proof而生产preflight遗漏；F-0044,无持久资源或由调用者/进程管理,前置拒绝、Abort、事务rollback、脚本退出或旧制品回退；具体FMEA见fmea.csv,SDK 27用例及对应HTTP/Event/Console测试；正式执行环境阻塞,按用例记录；frozen/cancel局部可信，CORS/Wechat/retry存在缺口，正式执行环境阻塞,AU-008 summary、artifact/runtime/communications矩阵及全局01-09报告,以固定基线注册/加载代码为准；runtimegraph旧契约为STALE/CONFLICT,相关发布、迁移或运行兼容按矩阵保留,未证明有可安全等价替代；测试mock与生产差异不算替代,否；未满足G3十三项、可观察行为不变和第二次复核,package import、App构建、HTTP注册、事件发布、生成检查、候选制品或契约测试首先失败,[STRUCTURAL] 仅支撑本AU调用/发布边界，不冒充所属业务模块全面深审
FILE-AU-008-078,01_core_hexin/apps/console/src/feature/finance/FinancePolicyCommand.test.ts,Console generated SDK consumer,TypeScript测试,ef4c7815b860d7c4c432c0bb05b45f7969fbf152,229,关键入口/调用/失败区间结构性审阅,Codex主审,2026-09-14,AU-008,CP-08,P2（F-0044）,否（若后续升级则重排）,E-AU-008-005/006,是,作为生成物的注册、调用、发布、测试或数据边界消费者,上游运行/构建/测试入口；详见communications.csv,对应App、Commerce workload、npm检查或release阶段,仅记录本AU相关公开符号、注册或脚本输出,生成器、正式检查、测试或候选制品；见communications.csv,Operation/Event定义、RequestContext、HTTP/微信响应、文件或上游配置，按文件适用,请求/响应、冻结对象、生成投影、路由/事件注册、检查或制品身份，按文件适用,主要为局部状态/冻结目录；共享状态见functions.csv,无直接数据库写；业务handler语义不在本AU,测试/mock或下游调用；本文件不直接建立线上连接,无直接事件或本AU不适用,SDK通过App解析后的base URL/context；正式命令依赖本地node_modules；不记录敏感值,SDK只传上下文，不替代服务端授权；无则不适用,Node 22/浏览器/Web Crypto/wx requester/PostgreSQL/构建制品，按文件适用,无外部初始化写；CLI脚本仅在显式执行时运行,见functions.csv；多数仅声明,无或不适用,Browser mock允许x-action-proof而生产preflight遗漏；F-0044,无持久资源或由调用者/进程管理,前置拒绝、Abort、事务rollback、脚本退出或旧制品回退；具体FMEA见fmea.csv,本文件自身为测试；用例见tests.csv,按用例记录；frozen/cancel局部可信，CORS/Wechat/retry存在缺口，正式执行环境阻塞,AU-008 summary、artifact/runtime/communications矩阵及全局01-09报告,以固定基线注册/加载代码为准；runtimegraph旧契约为STALE/CONFLICT,相关发布、迁移或运行兼容按矩阵保留,未证明有可安全等价替代；测试mock与生产差异不算替代,否；未满足G3十三项、可观察行为不变和第二次复核,package import、App构建、HTTP注册、事件发布、生成检查、候选制品或契约测试首先失败,[STRUCTURAL] 仅支撑本AU调用/发布边界，不冒充所属业务模块全面深审
FILE-AU-008-079,01_core_hexin/apps/console/src/feature/finance/FinancePolicyCommand.ts,Console generated SDK consumer,TypeScript源码,baf9f929912fb8a2175274ec22b91bcfbf243687,305,关键入口/调用/失败区间结构性审阅,Codex主审,2026-09-14,AU-008,CP-08,P2（F-0044）,否（若后续升级则重排）,E-AU-008-005/006,是,作为生成物的注册、调用、发布、测试或数据边界消费者,上游运行/构建/测试入口；详见communications.csv,对应App、Commerce workload、npm检查或release阶段,仅记录本AU相关公开符号、注册或脚本输出,生成器、正式检查、测试或候选制品；见communications.csv,Operation/Event定义、RequestContext、HTTP/微信响应、文件或上游配置，按文件适用,请求/响应、冻结对象、生成投影、路由/事件注册、检查或制品身份，按文件适用,主要为局部状态/冻结目录；共享状态见functions.csv,无直接数据库写；业务handler语义不在本AU,无直接网络，或仅在被调用的应用/发布流程中产生,无直接事件或本AU不适用,SDK通过App解析后的base URL/context；正式命令依赖本地node_modules；不记录敏感值,SDK只传上下文，不替代服务端授权；无则不适用,Node 22/浏览器/Web Crypto/wx requester/PostgreSQL/构建制品，按文件适用,无外部初始化写；CLI脚本仅在显式执行时运行,见functions.csv；多数仅声明,无或不适用,Browser mock允许x-action-proof而生产preflight遗漏；F-0044,无持久资源或由调用者/进程管理,前置拒绝、Abort、事务rollback、脚本退出或旧制品回退；具体FMEA见fmea.csv,SDK 27用例及对应HTTP/Event/Console测试；正式执行环境阻塞,按用例记录；frozen/cancel局部可信，CORS/Wechat/retry存在缺口，正式执行环境阻塞,AU-008 summary、artifact/runtime/communications矩阵及全局01-09报告,以固定基线注册/加载代码为准；runtimegraph旧契约为STALE/CONFLICT,相关发布、迁移或运行兼容按矩阵保留,未证明有可安全等价替代；测试mock与生产差异不算替代,否；未满足G3十三项、可观察行为不变和第二次复核,package import、App构建、HTTP注册、事件发布、生成检查、候选制品或契约测试首先失败,[STRUCTURAL] 仅支撑本AU调用/发布边界，不冒充所属业务模块全面深审
FILE-AU-008-080,01_core_hexin/apps/console/src/shared/config/RuntimeConfig.ts,Console generated SDK consumer,TypeScript源码,98418fd5d8449aa18314f6bc5462ecddabc3c0a3,138,关键入口/调用/失败区间结构性审阅,Codex主审,2026-09-14,AU-008,CP-08,未发现独立问题,否（若后续升级则重排）,E-AU-008-003/004,是,作为生成物的注册、调用、发布、测试或数据边界消费者,上游运行/构建/测试入口；详见communications.csv,对应App、Commerce workload、npm检查或release阶段,仅记录本AU相关公开符号、注册或脚本输出,生成器、正式检查、测试或候选制品；见communications.csv,Operation/Event定义、RequestContext、HTTP/微信响应、文件或上游配置，按文件适用,请求/响应、冻结对象、生成投影、路由/事件注册、检查或制品身份，按文件适用,主要为局部状态/冻结目录；共享状态见functions.csv,无直接数据库写；业务handler语义不在本AU,无直接网络，或仅在被调用的应用/发布流程中产生,无直接事件或本AU不适用,SDK通过App解析后的base URL/context；正式命令依赖本地node_modules；不记录敏感值,SDK只传上下文，不替代服务端授权；无则不适用,Node 22/浏览器/Web Crypto/wx requester/PostgreSQL/构建制品，按文件适用,无外部初始化写；CLI脚本仅在显式执行时运行,见functions.csv；多数仅声明,无或不适用,正式测试因依赖缺失未加载；已人工评估oracle,无持久资源或由调用者/进程管理,前置拒绝、Abort、事务rollback、脚本退出或旧制品回退；具体FMEA见fmea.csv,SDK 27用例及对应HTTP/Event/Console测试；正式执行环境阻塞,按用例记录；frozen/cancel局部可信，CORS/Wechat/retry存在缺口，正式执行环境阻塞,AU-008 summary、artifact/runtime/communications矩阵及全局01-09报告,以固定基线注册/加载代码为准；runtimegraph旧契约为STALE/CONFLICT,相关发布、迁移或运行兼容按矩阵保留,未证明有可安全等价替代；测试mock与生产差异不算替代,否；未满足G3十三项、可观察行为不变和第二次复核,package import、App构建、HTTP注册、事件发布、生成检查、候选制品或契约测试首先失败,[STRUCTURAL] 仅支撑本AU调用/发布边界，不冒充所属业务模块全面深审
FILE-AU-008-081,01_core_hexin/apps/miniapp/miniprogram/app.js,Miniapp generated surface,CommonJS JavaScript,93c9198823fb66ff057cf5ec551ce884469b1f1f,9,关键入口/调用/失败区间结构性审阅,Codex主审,2026-09-14,AU-008,CP-08,P2（F-0006）/P3（F-0043）,否（若后续升级则重排）,E-AU-008-014,是,作为生成物的注册、调用、发布、测试或数据边界消费者,上游运行/构建/测试入口；详见communications.csv,对应App、Commerce workload、npm检查或release阶段,仅记录本AU相关公开符号、注册或脚本输出,生成器、正式检查、测试或候选制品；见communications.csv,Operation/Event定义、RequestContext、HTTP/微信响应、文件或上游配置，按文件适用,请求/响应、冻结对象、生成投影、路由/事件注册、检查或制品身份，按文件适用,主要为局部状态/冻结目录；共享状态见functions.csv,无直接数据库写；业务handler语义不在本AU,无直接网络，或仅在被调用的应用/发布流程中产生,无直接事件或本AU不适用,SDK通过App解析后的base URL/context；正式命令依赖本地node_modules；不记录敏感值,SDK只传上下文，不替代服务端授权；无则不适用,Node 22/浏览器/Web Crypto/wx requester/PostgreSQL/构建制品，按文件适用,无外部初始化写；CLI脚本仅在显式执行时运行,见functions.csv；多数仅声明,无或不适用,正式测试因依赖缺失未加载；已人工评估oracle,无持久资源或由调用者/进程管理,前置拒绝、Abort、事务rollback、脚本退出或旧制品回退；具体FMEA见fmea.csv,SDK 27用例及对应HTTP/Event/Console测试；正式执行环境阻塞,按用例记录；frozen/cancel局部可信，CORS/Wechat/retry存在缺口，正式执行环境阻塞,AU-008 summary、artifact/runtime/communications矩阵及全局01-09报告,以固定基线注册/加载代码为准；runtimegraph旧契约为STALE/CONFLICT,相关发布、迁移或运行兼容按矩阵保留,未证明有可安全等价替代；测试mock与生产差异不算替代,否；未满足G3十三项、可观察行为不变和第二次复核,package import、App构建、HTTP注册、事件发布、生成检查、候选制品或契约测试首先失败,[STRUCTURAL] 仅支撑本AU调用/发布边界，不冒充所属业务模块全面深审
FILE-AU-008-082,01_core_hexin/apps/storefront-web/src/services/canonicalApiClient.ts,Storefront generated SDK consumer,TypeScript源码,84461d31063126cf20f635d026edc11030798f55,116,关键入口/调用/失败区间结构性审阅,Codex主审,2026-09-14,AU-008,CP-08,未发现独立问题,否（若后续升级则重排）,E-AU-008-003/004,是,作为生成物的注册、调用、发布、测试或数据边界消费者,上游运行/构建/测试入口；详见communications.csv,对应App、Commerce workload、npm检查或release阶段,仅记录本AU相关公开符号、注册或脚本输出,生成器、正式检查、测试或候选制品；见communications.csv,Operation/Event定义、RequestContext、HTTP/微信响应、文件或上游配置，按文件适用,请求/响应、冻结对象、生成投影、路由/事件注册、检查或制品身份，按文件适用,主要为局部状态/冻结目录；共享状态见functions.csv,无直接数据库写；业务handler语义不在本AU,browser fetch,无直接事件或本AU不适用,SDK通过App解析后的base URL/context；正式命令依赖本地node_modules；不记录敏感值,SDK只传上下文，不替代服务端授权；无则不适用,Node 22/浏览器/Web Crypto/wx requester/PostgreSQL/构建制品，按文件适用,无外部初始化写；CLI脚本仅在显式执行时运行,见functions.csv；多数仅声明,无或不适用,正式测试因依赖缺失未加载；已人工评估oracle,deadline finally dispose,前置拒绝、Abort、事务rollback、脚本退出或旧制品回退；具体FMEA见fmea.csv,SDK 27用例及对应HTTP/Event/Console测试；正式执行环境阻塞,按用例记录；frozen/cancel局部可信，CORS/Wechat/retry存在缺口，正式执行环境阻塞,AU-008 summary、artifact/runtime/communications矩阵及全局01-09报告,以固定基线注册/加载代码为准；runtimegraph旧契约为STALE/CONFLICT,相关发布、迁移或运行兼容按矩阵保留,未证明有可安全等价替代；测试mock与生产差异不算替代,否；未满足G3十三项、可观察行为不变和第二次复核,package import、App构建、HTTP注册、事件发布、生成检查、候选制品或契约测试首先失败,[STRUCTURAL] 仅支撑本AU调用/发布边界，不冒充所属业务模块全面深审
FILE-AU-008-083,01_core_hexin/packages/config/src/SflNodeRegistry.ts,SFL node declaration,TypeScript源码,47851a4e161efae1d1ac71e58d9b8de00a1f9ab9,181,关键入口/调用/失败区间结构性审阅,Codex主审,2026-09-14,AU-008,CP-08,P2（F-0032）,否（若后续升级则重排）,E-AU-008-003/004,是,作为生成物的注册、调用、发布、测试或数据边界消费者,上游运行/构建/测试入口；详见communications.csv,对应App、Commerce workload、npm检查或release阶段,仅记录本AU相关公开符号、注册或脚本输出,生成器、正式检查、测试或候选制品；见communications.csv,Operation/Event定义、RequestContext、HTTP/微信响应、文件或上游配置，按文件适用,请求/响应、冻结对象、生成投影、路由/事件注册、检查或制品身份，按文件适用,主要为局部状态/冻结目录；共享状态见functions.csv,无直接数据库写；业务handler语义不在本AU,无直接网络，或仅在被调用的应用/发布流程中产生,无直接事件或本AU不适用,SDK通过App解析后的base URL/context；正式命令依赖本地node_modules；不记录敏感值,SDK只传上下文，不替代服务端授权；无则不适用,Node 22/浏览器/Web Crypto/wx requester/PostgreSQL/构建制品，按文件适用,无外部初始化写；CLI脚本仅在显式执行时运行,见functions.csv；多数仅声明,无或不适用,正式测试因依赖缺失未加载；已人工评估oracle,无持久资源或由调用者/进程管理,前置拒绝、Abort、事务rollback、脚本退出或旧制品回退；具体FMEA见fmea.csv,SDK 27用例及对应HTTP/Event/Console测试；正式执行环境阻塞,按用例记录；frozen/cancel局部可信，CORS/Wechat/retry存在缺口，正式执行环境阻塞,AU-008 summary、artifact/runtime/communications矩阵及全局01-09报告,以固定基线注册/加载代码为准；runtimegraph旧契约为STALE/CONFLICT,相关发布、迁移或运行兼容按矩阵保留,未证明有可安全等价替代；测试mock与生产差异不算替代,否；未满足G3十三项、可观察行为不变和第二次复核,package import、App构建、HTTP注册、事件发布、生成检查、候选制品或契约测试首先失败,[STRUCTURAL] 仅支撑本AU调用/发布边界，不冒充所属业务模块全面深审
FILE-AU-008-084,01_core_hexin/packages/contract/package.json,Contract generated/public surface,JSON,5a601596a7c0a72fba3147aaa8208e35e1e9d567,31,关键入口/调用/失败区间结构性审阅,Codex主审,2026-09-14,AU-008,CP-08,未发现独立问题,否（若后续升级则重排）,E-AU-008-003/004,是,作为生成物的注册、调用、发布、测试或数据边界消费者,上游运行/构建/测试入口；详见communications.csv,对应App、Commerce workload、npm检查或release阶段,仅记录本AU相关公开符号、注册或脚本输出,生成器、正式检查、测试或候选制品；见communications.csv,Operation/Event定义、RequestContext、HTTP/微信响应、文件或上游配置，按文件适用,请求/响应、冻结对象、生成投影、路由/事件注册、检查或制品身份，按文件适用,主要为局部状态/冻结目录；共享状态见functions.csv,无直接数据库写；业务handler语义不在本AU,无直接网络，或仅在被调用的应用/发布流程中产生,无直接事件或本AU不适用,SDK通过App解析后的base URL/context；正式命令依赖本地node_modules；不记录敏感值,SDK只传上下文，不替代服务端授权；无则不适用,Node 22/浏览器/Web Crypto/wx requester/PostgreSQL/构建制品，按文件适用,无外部初始化写；CLI脚本仅在显式执行时运行,见functions.csv；多数仅声明,无或不适用,正式测试因依赖缺失未加载；已人工评估oracle,无持久资源或由调用者/进程管理,前置拒绝、Abort、事务rollback、脚本退出或旧制品回退；具体FMEA见fmea.csv,SDK 27用例及对应HTTP/Event/Console测试；正式执行环境阻塞,按用例记录；frozen/cancel局部可信，CORS/Wechat/retry存在缺口，正式执行环境阻塞,AU-008 summary、artifact/runtime/communications矩阵及全局01-09报告,以固定基线注册/加载代码为准；runtimegraph旧契约为STALE/CONFLICT,相关发布、迁移或运行兼容按矩阵保留,未证明有可安全等价替代；测试mock与生产差异不算替代,否；未满足G3十三项、可观察行为不变和第二次复核,package import、App构建、HTTP注册、事件发布、生成检查、候选制品或契约测试首先失败,[STRUCTURAL] 仅支撑本AU调用/发布边界，不冒充所属业务模块全面深审
FILE-AU-008-085,01_core_hexin/packages/contract/src/OperationCatalog.ts,Contract generated/public surface,TypeScript源码,e463a214088eb9e52e508b5720c50ae5a0c2980b,27,关键入口/调用/失败区间结构性审阅,Codex主审,2026-09-14,AU-008,CP-08,未发现独立问题,否（若后续升级则重排）,E-AU-008-003/010,是,作为生成物的注册、调用、发布、测试或数据边界消费者,上游运行/构建/测试入口；详见communications.csv,对应App、Commerce workload、npm检查或release阶段,仅记录本AU相关公开符号、注册或脚本输出,生成器、正式检查、测试或候选制品；见communications.csv,Operation/Event定义、RequestContext、HTTP/微信响应、文件或上游配置，按文件适用,请求/响应、冻结对象、生成投影、路由/事件注册、检查或制品身份，按文件适用,主要为局部状态/冻结目录；共享状态见functions.csv,无直接数据库写；业务handler语义不在本AU,无直接网络，或仅在被调用的应用/发布流程中产生,无直接事件或本AU不适用,SDK通过App解析后的base URL/context；正式命令依赖本地node_modules；不记录敏感值,SDK只传上下文，不替代服务端授权；无则不适用,Node 22/浏览器/Web Crypto/wx requester/PostgreSQL/构建制品，按文件适用,无外部初始化写；CLI脚本仅在显式执行时运行,见functions.csv；多数仅声明,无或不适用,正式测试因依赖缺失未加载；已人工评估oracle,无持久资源或由调用者/进程管理,前置拒绝、Abort、事务rollback、脚本退出或旧制品回退；具体FMEA见fmea.csv,SDK 27用例及对应HTTP/Event/Console测试；正式执行环境阻塞,按用例记录；frozen/cancel局部可信，CORS/Wechat/retry存在缺口，正式执行环境阻塞,AU-008 summary、artifact/runtime/communications矩阵及全局01-09报告,以固定基线注册/加载代码为准；runtimegraph旧契约为STALE/CONFLICT,相关发布、迁移或运行兼容按矩阵保留,未证明有可安全等价替代；测试mock与生产差异不算替代,否；未满足G3十三项、可观察行为不变和第二次复核,package import、App构建、HTTP注册、事件发布、生成检查、候选制品或契约测试首先失败,[STRUCTURAL] 仅支撑本AU调用/发布边界，不冒充所属业务模块全面深审
FILE-AU-008-086,01_core_hexin/packages/contract/src/VoucherTargetContract.test.ts,Contract generated/public surface,TypeScript测试,a7eb76eb324702316e70565aa768bcb19cec34fe,128,关键入口/调用/失败区间结构性审阅,Codex主审,2026-09-14,AU-008,CP-08,未发现独立问题,否（若后续升级则重排）,E-AU-008-003/004,是,作为生成物的注册、调用、发布、测试或数据边界消费者,上游运行/构建/测试入口；详见communications.csv,对应App、Commerce workload、npm检查或release阶段,仅记录本AU相关公开符号、注册或脚本输出,生成器、正式检查、测试或候选制品；见communications.csv,Operation/Event定义、RequestContext、HTTP/微信响应、文件或上游配置，按文件适用,请求/响应、冻结对象、生成投影、路由/事件注册、检查或制品身份，按文件适用,主要为局部状态/冻结目录；共享状态见functions.csv,无直接数据库写；业务handler语义不在本AU,测试/mock或下游调用；本文件不直接建立线上连接,无直接事件或本AU不适用,SDK通过App解析后的base URL/context；正式命令依赖本地node_modules；不记录敏感值,SDK只传上下文，不替代服务端授权；无则不适用,Node 22/浏览器/Web Crypto/wx requester/PostgreSQL/构建制品，按文件适用,无外部初始化写；CLI脚本仅在显式执行时运行,见functions.csv；多数仅声明,无或不适用,正式测试因依赖缺失未加载；已人工评估oracle,无持久资源或由调用者/进程管理,前置拒绝、Abort、事务rollback、脚本退出或旧制品回退；具体FMEA见fmea.csv,本文件自身为测试；用例见tests.csv,按用例记录；frozen/cancel局部可信，CORS/Wechat/retry存在缺口，正式执行环境阻塞,AU-008 summary、artifact/runtime/communications矩阵及全局01-09报告,以固定基线注册/加载代码为准；runtimegraph旧契约为STALE/CONFLICT,相关发布、迁移或运行兼容按矩阵保留,未证明有可安全等价替代；测试mock与生产差异不算替代,否；未满足G3十三项、可观察行为不变和第二次复核,package import、App构建、HTTP注册、事件发布、生成检查、候选制品或契约测试首先失败,[STRUCTURAL] 仅支撑本AU调用/发布边界，不冒充所属业务模块全面深审
FILE-AU-008-087,01_core_hexin/services/commerce/src/app/modules.ts,Commerce HTTP/runtime composition,TypeScript源码,d1d515f28fbc20fc09b89cc82449475037cbae1e,47,关键入口/调用/失败区间结构性审阅,Codex主审,2026-09-14,AU-008,CP-08,未发现独立问题,否（若后续升级则重排）,E-AU-008-011,是,作为生成物的注册、调用、发布、测试或数据边界消费者,上游运行/构建/测试入口；详见communications.csv,对应App、Commerce workload、npm检查或release阶段,仅记录本AU相关公开符号、注册或脚本输出,Commerce composition/HTTP/Event publisher,Operation/Event定义、RequestContext、HTTP/微信响应、文件或上游配置，按文件适用,请求/响应、冻结对象、生成投影、路由/事件注册、检查或制品身份，按文件适用,主要为局部状态/冻结目录；共享状态见functions.csv,无直接数据库写；业务handler语义不在本AU,无直接网络，或仅在被调用的应用/发布流程中产生,无直接事件或本AU不适用,SDK通过App解析后的base URL/context；正式命令依赖本地node_modules；不记录敏感值,SDK只传上下文，不替代服务端授权；无则不适用,Node 22/浏览器/Web Crypto/wx requester/PostgreSQL/构建制品，按文件适用,无外部初始化写；CLI脚本仅在显式执行时运行,见functions.csv；多数仅声明,无或不适用,正式测试因依赖缺失未加载；已人工评估oracle,无持久资源或由调用者/进程管理,前置拒绝、Abort、事务rollback、脚本退出或旧制品回退；具体FMEA见fmea.csv,SDK 27用例及对应HTTP/Event/Console测试；正式执行环境阻塞,按用例记录；frozen/cancel局部可信，CORS/Wechat/retry存在缺口，正式执行环境阻塞,AU-008 summary、artifact/runtime/communications矩阵及全局01-09报告,以固定基线注册/加载代码为准；runtimegraph旧契约为STALE/CONFLICT,相关发布、迁移或运行兼容按矩阵保留,未证明有可安全等价替代；测试mock与生产差异不算替代,否；未满足G3十三项、可观察行为不变和第二次复核,package import、App构建、HTTP注册、事件发布、生成检查、候选制品或契约测试首先失败,[STRUCTURAL] 仅支撑本AU调用/发布边界，不冒充所属业务模块全面深审
FILE-AU-008-088,01_core_hexin/services/commerce/src/bootstrap/ApiBootstrap.ts,Commerce HTTP/runtime composition,TypeScript源码,29e581723a32d88e46f688090e3de83054215ebc,100,关键入口/调用/失败区间结构性审阅,Codex主审,2026-09-14,AU-008,CP-08,未发现独立问题,否（若后续升级则重排）,E-AU-008-003/004,是,作为生成物的注册、调用、发布、测试或数据边界消费者,上游运行/构建/测试入口；详见communications.csv,对应App、Commerce workload、npm检查或release阶段,仅记录本AU相关公开符号、注册或脚本输出,Commerce composition/HTTP/Event publisher,Operation/Event定义、RequestContext、HTTP/微信响应、文件或上游配置，按文件适用,请求/响应、冻结对象、生成投影、路由/事件注册、检查或制品身份，按文件适用,主要为局部状态/冻结目录；共享状态见functions.csv,无直接数据库写；业务handler语义不在本AU,无直接网络，或仅在被调用的应用/发布流程中产生,无直接事件或本AU不适用,SDK通过App解析后的base URL/context；正式命令依赖本地node_modules；不记录敏感值,SDK只传上下文，不替代服务端授权；无则不适用,Node 22/浏览器/Web Crypto/wx requester/PostgreSQL/构建制品，按文件适用,无外部初始化写；CLI脚本仅在显式执行时运行,见functions.csv；多数仅声明,无或不适用,正式测试因依赖缺失未加载；已人工评估oracle,无持久资源或由调用者/进程管理,前置拒绝、Abort、事务rollback、脚本退出或旧制品回退；具体FMEA见fmea.csv,SDK 27用例及对应HTTP/Event/Console测试；正式执行环境阻塞,按用例记录；frozen/cancel局部可信，CORS/Wechat/retry存在缺口，正式执行环境阻塞,AU-008 summary、artifact/runtime/communications矩阵及全局01-09报告,以固定基线注册/加载代码为准；runtimegraph旧契约为STALE/CONFLICT,相关发布、迁移或运行兼容按矩阵保留,未证明有可安全等价替代；测试mock与生产差异不算替代,否；未满足G3十三项、可观察行为不变和第二次复核,package import、App构建、HTTP注册、事件发布、生成检查、候选制品或契约测试首先失败,[STRUCTURAL] 仅支撑本AU调用/发布边界，不冒充所属业务模块全面深审
FILE-AU-008-089,01_core_hexin/services/commerce/src/bootstrap/DefinedModule.ts,Commerce HTTP/runtime composition,TypeScript源码,42a887026f53765c5356df892ae52facbb7a7e3e,43,关键入口/调用/失败区间结构性审阅,Codex主审,2026-09-14,AU-008,CP-08,未发现独立问题,否（若后续升级则重排）,E-AU-008-003/010,是,作为生成物的注册、调用、发布、测试或数据边界消费者,上游运行/构建/测试入口；详见communications.csv,对应App、Commerce workload、npm检查或release阶段,仅记录本AU相关公开符号、注册或脚本输出,Commerce composition/HTTP/Event publisher,Operation/Event定义、RequestContext、HTTP/微信响应、文件或上游配置，按文件适用,请求/响应、冻结对象、生成投影、路由/事件注册、检查或制品身份，按文件适用,主要为局部状态/冻结目录；共享状态见functions.csv,无直接数据库写；业务handler语义不在本AU,无直接网络，或仅在被调用的应用/发布流程中产生,无直接事件或本AU不适用,SDK通过App解析后的base URL/context；正式命令依赖本地node_modules；不记录敏感值,SDK只传上下文，不替代服务端授权；无则不适用,Node 22/浏览器/Web Crypto/wx requester/PostgreSQL/构建制品，按文件适用,无外部初始化写；CLI脚本仅在显式执行时运行,见functions.csv；多数仅声明,注册/筛选/冻结HTTP Operation路由,正式测试因依赖缺失未加载；已人工评估oracle,无持久资源或由调用者/进程管理,前置拒绝、Abort、事务rollback、脚本退出或旧制品回退；具体FMEA见fmea.csv,SDK 27用例及对应HTTP/Event/Console测试；正式执行环境阻塞,按用例记录；frozen/cancel局部可信，CORS/Wechat/retry存在缺口，正式执行环境阻塞,AU-008 summary、artifact/runtime/communications矩阵及全局01-09报告,以固定基线注册/加载代码为准；runtimegraph旧契约为STALE/CONFLICT,相关发布、迁移或运行兼容按矩阵保留,未证明有可安全等价替代；测试mock与生产差异不算替代,否；未满足G3十三项、可观察行为不变和第二次复核,package import、App构建、HTTP注册、事件发布、生成检查、候选制品或契约测试首先失败,[STRUCTURAL] 仅支撑本AU调用/发布边界，不冒充所属业务模块全面深审
FILE-AU-008-090,01_core_hexin/services/commerce/src/bootstrap/RouteRegistry.test.ts,Commerce HTTP/runtime composition,TypeScript测试,1ae1ff6b6c94bd72fa94754883126f18758aff40,16,关键入口/调用/失败区间结构性审阅,Codex主审,2026-09-14,AU-008,CP-08,未发现独立问题,否（若后续升级则重排）,E-AU-008-003/010,是,作为生成物的注册、调用、发布、测试或数据边界消费者,上游运行/构建/测试入口；详见communications.csv,对应App、Commerce workload、npm检查或release阶段,仅记录本AU相关公开符号、注册或脚本输出,Commerce composition/HTTP/Event publisher,Operation/Event定义、RequestContext、HTTP/微信响应、文件或上游配置，按文件适用,请求/响应、冻结对象、生成投影、路由/事件注册、检查或制品身份，按文件适用,主要为局部状态/冻结目录；共享状态见functions.csv,无直接数据库写；业务handler语义不在本AU,测试/mock或下游调用；本文件不直接建立线上连接,无直接事件或本AU不适用,SDK通过App解析后的base URL/context；正式命令依赖本地node_modules；不记录敏感值,SDK只传上下文，不替代服务端授权；无则不适用,Node 22/浏览器/Web Crypto/wx requester/PostgreSQL/构建制品，按文件适用,无外部初始化写；CLI脚本仅在显式执行时运行,见functions.csv；多数仅声明,注册/筛选/冻结HTTP Operation路由,正式测试因依赖缺失未加载；已人工评估oracle,无持久资源或由调用者/进程管理,前置拒绝、Abort、事务rollback、脚本退出或旧制品回退；具体FMEA见fmea.csv,本文件自身为测试；用例见tests.csv,按用例记录；frozen/cancel局部可信，CORS/Wechat/retry存在缺口，正式执行环境阻塞,AU-008 summary、artifact/runtime/communications矩阵及全局01-09报告,以固定基线注册/加载代码为准；runtimegraph旧契约为STALE/CONFLICT,相关发布、迁移或运行兼容按矩阵保留,未证明有可安全等价替代；测试mock与生产差异不算替代,否；未满足G3十三项、可观察行为不变和第二次复核,package import、App构建、HTTP注册、事件发布、生成检查、候选制品或契约测试首先失败,[STRUCTURAL] 仅支撑本AU调用/发布边界，不冒充所属业务模块全面深审
FILE-AU-008-091,01_core_hexin/services/commerce/src/bootstrap/RouteRegistry.ts,Commerce HTTP/runtime composition,TypeScript源码,e4aa1d95c5a049d4f5099688c418c5e227b98101,70,关键入口/调用/失败区间结构性审阅,Codex主审,2026-09-14,AU-008,CP-08,未发现独立问题,否（若后续升级则重排）,E-AU-008-003/010,是,作为生成物的注册、调用、发布、测试或数据边界消费者,上游运行/构建/测试入口；详见communications.csv,对应App、Commerce workload、npm检查或release阶段,仅记录本AU相关公开符号、注册或脚本输出,Commerce composition/HTTP/Event publisher,Operation/Event定义、RequestContext、HTTP/微信响应、文件或上游配置，按文件适用,请求/响应、冻结对象、生成投影、路由/事件注册、检查或制品身份，按文件适用,主要为局部状态/冻结目录；共享状态见functions.csv,无直接数据库写；业务handler语义不在本AU,无直接网络，或仅在被调用的应用/发布流程中产生,无直接事件或本AU不适用,SDK通过App解析后的base URL/context；正式命令依赖本地node_modules；不记录敏感值,SDK只传上下文，不替代服务端授权；无则不适用,Node 22/浏览器/Web Crypto/wx requester/PostgreSQL/构建制品，按文件适用,无外部初始化写；CLI脚本仅在显式执行时运行,见functions.csv；多数仅声明,注册/筛选/冻结HTTP Operation路由,正式测试因依赖缺失未加载；已人工评估oracle,无持久资源或由调用者/进程管理,前置拒绝、Abort、事务rollback、脚本退出或旧制品回退；具体FMEA见fmea.csv,SDK 27用例及对应HTTP/Event/Console测试；正式执行环境阻塞,按用例记录；frozen/cancel局部可信，CORS/Wechat/retry存在缺口，正式执行环境阻塞,AU-008 summary、artifact/runtime/communications矩阵及全局01-09报告,以固定基线注册/加载代码为准；runtimegraph旧契约为STALE/CONFLICT,相关发布、迁移或运行兼容按矩阵保留,未证明有可安全等价替代；测试mock与生产差异不算替代,否；未满足G3十三项、可观察行为不变和第二次复核,package import、App构建、HTTP注册、事件发布、生成检查、候选制品或契约测试首先失败,[STRUCTURAL] 仅支撑本AU调用/发布边界，不冒充所属业务模块全面深审
FILE-AU-008-092,01_core_hexin/services/commerce/src/foundation/infrastructure/RuntimeEventPublisher.ts,Commerce HTTP/runtime composition,TypeScript源码,8cb857f288f2ac42cbed40f3449adccb6ce83251,28,关键入口/调用/失败区间结构性审阅,Codex主审,2026-09-14,AU-008,CP-08,P2（F-0032/F-0039）,否（若后续升级则重排）,E-AU-008-011,是,作为生成物的注册、调用、发布、测试或数据边界消费者,上游运行/构建/测试入口；详见communications.csv,对应App、Commerce workload、npm检查或release阶段,仅记录本AU相关公开符号、注册或脚本输出,Commerce composition/HTTP/Event publisher,Operation/Event定义、RequestContext、HTTP/微信响应、文件或上游配置，按文件适用,请求/响应、冻结对象、生成投影、路由/事件注册、检查或制品身份，按文件适用,主要为局部状态/冻结目录；共享状态见functions.csv,runtime.inbox/job事务,无直接网络，或仅在被调用的应用/发布流程中产生,Event type/version/handler或runtime job链；见communications.csv,SDK通过App解析后的base URL/context；正式命令依赖本地node_modules；不记录敏感值,SDK只传上下文，不替代服务端授权；无则不适用,Node 22/浏览器/Web Crypto/wx requester/PostgreSQL/构建制品，按文件适用,无外部初始化写；CLI脚本仅在显式执行时运行,见functions.csv；多数仅声明,声明或消费事件handler registry,正式测试因依赖缺失未加载；已人工评估oracle,rollback/finally release DB client,前置拒绝、Abort、事务rollback、脚本退出或旧制品回退；具体FMEA见fmea.csv,SDK 27用例及对应HTTP/Event/Console测试；正式执行环境阻塞,按用例记录；frozen/cancel局部可信，CORS/Wechat/retry存在缺口，正式执行环境阻塞,AU-008 summary、artifact/runtime/communications矩阵及全局01-09报告,以固定基线注册/加载代码为准；runtimegraph旧契约为STALE/CONFLICT,相关发布、迁移或运行兼容按矩阵保留,未证明有可安全等价替代；测试mock与生产差异不算替代,否；未满足G3十三项、可观察行为不变和第二次复核,package import、App构建、HTTP注册、事件发布、生成检查、候选制品或契约测试首先失败,[STRUCTURAL] 仅支撑本AU调用/发布边界，不冒充所属业务模块全面深审
FILE-AU-008-093,01_core_hexin/services/commerce/src/foundation/security/GovernanceResolver.test.ts,Commerce HTTP/runtime composition,TypeScript测试,83be86414cb9e611bd08a5e1287f3f21103a6e7b,145,关键入口/调用/失败区间结构性审阅,Codex主审,2026-09-14,AU-008,CP-08,未发现独立问题,否（若后续升级则重排）,E-AU-008-012,是,作为生成物的注册、调用、发布、测试或数据边界消费者,上游运行/构建/测试入口；详见communications.csv,对应App、Commerce workload、npm检查或release阶段,仅记录本AU相关公开符号、注册或脚本输出,Commerce composition/HTTP/Event publisher,Operation/Event定义、RequestContext、HTTP/微信响应、文件或上游配置，按文件适用,请求/响应、冻结对象、生成投影、路由/事件注册、检查或制品身份，按文件适用,主要为局部状态/冻结目录；共享状态见functions.csv,无直接数据库写；业务handler语义不在本AU,测试/mock或下游调用；本文件不直接建立线上连接,无直接事件或本AU不适用,SDK通过App解析后的base URL/context；正式命令依赖本地node_modules；不记录敏感值,SDK只传上下文，不替代服务端授权；无则不适用,Node 22/浏览器/Web Crypto/wx requester/PostgreSQL/构建制品，按文件适用,无外部初始化写；CLI脚本仅在显式执行时运行,见functions.csv；多数仅声明,无或不适用,正式测试因依赖缺失未加载；已人工评估oracle,无持久资源或由调用者/进程管理,前置拒绝、Abort、事务rollback、脚本退出或旧制品回退；具体FMEA见fmea.csv,本文件自身为测试；用例见tests.csv,按用例记录；frozen/cancel局部可信，CORS/Wechat/retry存在缺口，正式执行环境阻塞,AU-008 summary、artifact/runtime/communications矩阵及全局01-09报告,以固定基线注册/加载代码为准；runtimegraph旧契约为STALE/CONFLICT,相关发布、迁移或运行兼容按矩阵保留,未证明有可安全等价替代；测试mock与生产差异不算替代,否；未满足G3十三项、可观察行为不变和第二次复核,package import、App构建、HTTP注册、事件发布、生成检查、候选制品或契约测试首先失败,[STRUCTURAL] 仅支撑本AU调用/发布边界，不冒充所属业务模块全面深审
FILE-AU-008-094,01_core_hexin/services/commerce/tests/event/Event.test.ts,Commerce HTTP/runtime composition,TypeScript测试,0507c1a67096b3d1436436d4dcc3d6c95c67b56a,62,关键入口/调用/失败区间结构性审阅,Codex主审,2026-09-14,AU-008,CP-08,P2（F-0032/F-0039）,否（若后续升级则重排）,E-AU-008-011,是,作为生成物的注册、调用、发布、测试或数据边界消费者,上游运行/构建/测试入口；详见communications.csv,对应App、Commerce workload、npm检查或release阶段,仅记录本AU相关公开符号、注册或脚本输出,Commerce composition/HTTP/Event publisher,Operation/Event定义、RequestContext、HTTP/微信响应、文件或上游配置，按文件适用,请求/响应、冻结对象、生成投影、路由/事件注册、检查或制品身份，按文件适用,主要为局部状态/冻结目录；共享状态见functions.csv,无直接数据库写；业务handler语义不在本AU,测试/mock或下游调用；本文件不直接建立线上连接,Event type/version/handler或runtime job链；见communications.csv,SDK通过App解析后的base URL/context；正式命令依赖本地node_modules；不记录敏感值,SDK只传上下文，不替代服务端授权；无则不适用,Node 22/浏览器/Web Crypto/wx requester/PostgreSQL/构建制品，按文件适用,无外部初始化写；CLI脚本仅在显式执行时运行,见functions.csv；多数仅声明,无或不适用,正式测试因依赖缺失未加载；已人工评估oracle,无持久资源或由调用者/进程管理,前置拒绝、Abort、事务rollback、脚本退出或旧制品回退；具体FMEA见fmea.csv,本文件自身为测试；用例见tests.csv,按用例记录；frozen/cancel局部可信，CORS/Wechat/retry存在缺口，正式执行环境阻塞,AU-008 summary、artifact/runtime/communications矩阵及全局01-09报告,以固定基线注册/加载代码为准；runtimegraph旧契约为STALE/CONFLICT,相关发布、迁移或运行兼容按矩阵保留,未证明有可安全等价替代；测试mock与生产差异不算替代,否；未满足G3十三项、可观察行为不变和第二次复核,package import、App构建、HTTP注册、事件发布、生成检查、候选制品或契约测试首先失败,[STRUCTURAL] 仅支撑本AU调用/发布边界，不冒充所属业务模块全面深审
FILE-AU-008-095,02_platform_pingtai/config/sfl-node-registry.declaration.json,SFL node declaration,JSON,dd4bd68a834959d44629017ed50fccee38759d2a,314,关键入口/调用/失败区间结构性审阅,Codex主审,2026-09-14,AU-008,CP-08,未发现独立问题,否（若后续升级则重排）,E-AU-008-003/004,是,作为生成物的注册、调用、发布、测试或数据边界消费者,上游运行/构建/测试入口；详见communications.csv,对应App、Commerce workload、npm检查或release阶段,仅记录本AU相关公开符号、注册或脚本输出,生成器、正式检查、测试或候选制品；见communications.csv,Operation/Event定义、RequestContext、HTTP/微信响应、文件或上游配置，按文件适用,请求/响应、冻结对象、生成投影、路由/事件注册、检查或制品身份，按文件适用,主要为局部状态/冻结目录；共享状态见functions.csv,无直接数据库写；业务handler语义不在本AU,无直接网络，或仅在被调用的应用/发布流程中产生,无直接事件或本AU不适用,SDK通过App解析后的base URL/context；正式命令依赖本地node_modules；不记录敏感值,SDK只传上下文，不替代服务端授权；无则不适用,Node 22/浏览器/Web Crypto/wx requester/PostgreSQL/构建制品，按文件适用,无外部初始化写；CLI脚本仅在显式执行时运行,见functions.csv；多数仅声明,无或不适用,正式测试因依赖缺失未加载；已人工评估oracle,无持久资源或由调用者/进程管理,前置拒绝、Abort、事务rollback、脚本退出或旧制品回退；具体FMEA见fmea.csv,SDK 27用例及对应HTTP/Event/Console测试；正式执行环境阻塞,按用例记录；frozen/cancel局部可信，CORS/Wechat/retry存在缺口，正式执行环境阻塞,AU-008 summary、artifact/runtime/communications矩阵及全局01-09报告,以固定基线注册/加载代码为准；runtimegraph旧契约为STALE/CONFLICT,相关发布、迁移或运行兼容按矩阵保留,未证明有可安全等价替代；测试mock与生产差异不算替代,否；未满足G3十三项、可观察行为不变和第二次复核,package import、App构建、HTTP注册、事件发布、生成检查、候选制品或契约测试首先失败,[STRUCTURAL] 仅支撑本AU调用/发布边界，不冒充所属业务模块全面深审
FILE-AU-008-096,02_platform_pingtai/database/contracts/publish.template.sql,Database contract snapshot,SQL模板/快照,449b1701031ed6611b3b995154c1f24fed959081,353,关键入口/调用/失败区间结构性审阅,Codex主审,2026-09-14,AU-008,CP-08,P3（F-0042）,否（若后续升级则重排）,E-AU-008-012,是,作为生成物的注册、调用、发布、测试或数据边界消费者,上游运行/构建/测试入口；详见communications.csv,对应App、Commerce workload、npm检查或release阶段,仅记录本AU相关公开符号、注册或脚本输出,生成器、正式检查、测试或候选制品；见communications.csv,Operation/Event定义、RequestContext、HTTP/微信响应、文件或上游配置，按文件适用,请求/响应、冻结对象、生成投影、路由/事件注册、检查或制品身份，按文件适用,主要为局部状态/冻结目录；共享状态见functions.csv,模板/生成SQL；固定仓库未执行current.sql,无直接网络，或仅在被调用的应用/发布流程中产生,无直接事件或本AU不适用,SDK通过App解析后的base URL/context；正式命令依赖本地node_modules；不记录敏感值,SDK只传上下文，不替代服务端授权；无则不适用,Node 22/浏览器/Web Crypto/wx requester/PostgreSQL/构建制品，按文件适用,无外部初始化写；CLI脚本仅在显式执行时运行,见functions.csv；多数仅声明,无或不适用,正式测试因依赖缺失未加载；已人工评估oracle,无持久资源或由调用者/进程管理,前置拒绝、Abort、事务rollback、脚本退出或旧制品回退；具体FMEA见fmea.csv,SDK 27用例及对应HTTP/Event/Console测试；正式执行环境阻塞,按用例记录；frozen/cancel局部可信，CORS/Wechat/retry存在缺口，正式执行环境阻塞,AU-008 summary、artifact/runtime/communications矩阵及全局01-09报告,以固定基线注册/加载代码为准；runtimegraph旧契约为STALE/CONFLICT,相关发布、迁移或运行兼容按矩阵保留,未证明有可安全等价替代；测试mock与生产差异不算替代,否；未满足G3十三项、可观察行为不变和第二次复核,package import、App构建、HTTP注册、事件发布、生成检查、候选制品或契约测试首先失败,[STRUCTURAL] 仅支撑本AU调用/发布边界，不冒充所属业务模块全面深审
FILE-AU-008-097,03_quality_ceshi/tests/browser/OperationMock.ts,Browser integration test support,TypeScript源码,6ffd413ebf47b89dd8c0a335ee5f802346fec72e,137,关键入口/调用/失败区间结构性审阅,Codex主审,2026-09-14,AU-008,CP-08,P2（F-0044）,否（若后续升级则重排）,E-AU-008-005/006,是,作为生成物的注册、调用、发布、测试或数据边界消费者,上游运行/构建/测试入口；详见communications.csv,对应App、Commerce workload、npm检查或release阶段,仅记录本AU相关公开符号、注册或脚本输出,生成器、正式检查、测试或候选制品；见communications.csv,Operation/Event定义、RequestContext、HTTP/微信响应、文件或上游配置，按文件适用,请求/响应、冻结对象、生成投影、路由/事件注册、检查或制品身份，按文件适用,主要为局部状态/冻结目录；共享状态见functions.csv,无直接数据库写；业务handler语义不在本AU,测试/mock或下游调用；本文件不直接建立线上连接,无直接事件或本AU不适用,SDK通过App解析后的base URL/context；正式命令依赖本地node_modules；不记录敏感值,SDK只传上下文，不替代服务端授权；无则不适用,Node 22/浏览器/Web Crypto/wx requester/PostgreSQL/构建制品，按文件适用,无外部初始化写；CLI脚本仅在显式执行时运行,见functions.csv；多数仅声明,无或不适用,Browser mock允许x-action-proof而生产preflight遗漏；F-0044,无持久资源或由调用者/进程管理,前置拒绝、Abort、事务rollback、脚本退出或旧制品回退；具体FMEA见fmea.csv,SDK 27用例及对应HTTP/Event/Console测试；正式执行环境阻塞,按用例记录；frozen/cancel局部可信，CORS/Wechat/retry存在缺口，正式执行环境阻塞,AU-008 summary、artifact/runtime/communications矩阵及全局01-09报告,以固定基线注册/加载代码为准；runtimegraph旧契约为STALE/CONFLICT,相关发布、迁移或运行兼容按矩阵保留,未证明有可安全等价替代；测试mock与生产差异不算替代,否；未满足G3十三项、可观察行为不变和第二次复核,package import、App构建、HTTP注册、事件发布、生成检查、候选制品或契约测试首先失败,[STRUCTURAL] 仅支撑本AU调用/发布边界，不冒充所属业务模块全面深审
FILE-AU-008-098,04_tools/scripts/check/generated.mjs,Generated/runtime quality checks,ESM JavaScript,6e051917bbeff013e8e16920e2f41dd25dd07c01,21,关键入口/调用/失败区间结构性审阅,Codex主审,2026-09-14,AU-008,CP-08,未发现独立问题,否（若后续升级则重排）,E-AU-008-003/004,是,作为生成物的注册、调用、发布、测试或数据边界消费者,上游运行/构建/测试入口；详见communications.csv,对应App、Commerce workload、npm检查或release阶段,仅记录本AU相关公开符号、注册或脚本输出,生成器、正式检查、测试或候选制品；见communications.csv,Operation/Event定义、RequestContext、HTTP/微信响应、文件或上游配置，按文件适用,请求/响应、冻结对象、生成投影、路由/事件注册、检查或制品身份，按文件适用,主要为局部状态/冻结目录；共享状态见functions.csv,无直接数据库写；业务handler语义不在本AU,无直接网络，或仅在被调用的应用/发布流程中产生,无直接事件或本AU不适用,SDK通过App解析后的base URL/context；正式命令依赖本地node_modules；不记录敏感值,SDK只传上下文，不替代服务端授权；无则不适用,Node 22/浏览器/Web Crypto/wx requester/PostgreSQL/构建制品，按文件适用,无外部初始化写；CLI脚本仅在显式执行时运行,见functions.csv；多数仅声明,无或不适用,正式测试因依赖缺失未加载；已人工评估oracle,无持久资源或由调用者/进程管理,前置拒绝、Abort、事务rollback、脚本退出或旧制品回退；具体FMEA见fmea.csv,SDK 27用例及对应HTTP/Event/Console测试；正式执行环境阻塞,按用例记录；frozen/cancel局部可信，CORS/Wechat/retry存在缺口，正式执行环境阻塞,AU-008 summary、artifact/runtime/communications矩阵及全局01-09报告,以固定基线注册/加载代码为准；runtimegraph旧契约为STALE/CONFLICT,相关发布、迁移或运行兼容按矩阵保留,未证明有可安全等价替代；测试mock与生产差异不算替代,否；未满足G3十三项、可观察行为不变和第二次复核,package import、App构建、HTTP注册、事件发布、生成检查、候选制品或契约测试首先失败,[STRUCTURAL] 仅支撑本AU调用/发布边界，不冒充所属业务模块全面深审
FILE-AU-008-099,04_tools/scripts/check/infer-operation-contract-fields.mjs,Generated/runtime quality checks,ESM JavaScript,259817b95a013875415902e211e3fcde21251681,200,关键入口/调用/失败区间结构性审阅,Codex主审,2026-09-14,AU-008,CP-08,未发现独立问题,否（若后续升级则重排）,E-AU-008-003/004,是,作为生成物的注册、调用、发布、测试或数据边界消费者,上游运行/构建/测试入口；详见communications.csv,对应App、Commerce workload、npm检查或release阶段,仅记录本AU相关公开符号、注册或脚本输出,生成器、正式检查、测试或候选制品；见communications.csv,Operation/Event定义、RequestContext、HTTP/微信响应、文件或上游配置，按文件适用,请求/响应、冻结对象、生成投影、路由/事件注册、检查或制品身份，按文件适用,主要为局部状态/冻结目录；共享状态见functions.csv,无直接数据库写；业务handler语义不在本AU,无直接网络，或仅在被调用的应用/发布流程中产生,无直接事件或本AU不适用,SDK通过App解析后的base URL/context；正式命令依赖本地node_modules；不记录敏感值,SDK只传上下文，不替代服务端授权；无则不适用,Node 22/浏览器/Web Crypto/wx requester/PostgreSQL/构建制品，按文件适用,无外部初始化写；CLI脚本仅在显式执行时运行,见functions.csv；多数仅声明,无或不适用,正式测试因依赖缺失未加载；已人工评估oracle,无持久资源或由调用者/进程管理,前置拒绝、Abort、事务rollback、脚本退出或旧制品回退；具体FMEA见fmea.csv,SDK 27用例及对应HTTP/Event/Console测试；正式执行环境阻塞,按用例记录；frozen/cancel局部可信，CORS/Wechat/retry存在缺口，正式执行环境阻塞,AU-008 summary、artifact/runtime/communications矩阵及全局01-09报告,以固定基线注册/加载代码为准；runtimegraph旧契约为STALE/CONFLICT,相关发布、迁移或运行兼容按矩阵保留,未证明有可安全等价替代；测试mock与生产差异不算替代,否；未满足G3十三项、可观察行为不变和第二次复核,package import、App构建、HTTP注册、事件发布、生成检查、候选制品或契约测试首先失败,[STRUCTURAL] 仅支撑本AU调用/发布边界，不冒充所属业务模块全面深审
FILE-AU-008-100,04_tools/scripts/check/sfl-execution-contract-kernel.mjs,Generated/runtime quality checks,ESM JavaScript,7dd1d9b52a1a8259a266bed1ab96b5ab92db0f14,108,关键入口/调用/失败区间结构性审阅,Codex主审,2026-09-14,AU-008,CP-08,未发现独立问题,否（若后续升级则重排）,E-AU-008-003/004,是,作为生成物的注册、调用、发布、测试或数据边界消费者,上游运行/构建/测试入口；详见communications.csv,对应App、Commerce workload、npm检查或release阶段,仅记录本AU相关公开符号、注册或脚本输出,生成器、正式检查、测试或候选制品；见communications.csv,Operation/Event定义、RequestContext、HTTP/微信响应、文件或上游配置，按文件适用,请求/响应、冻结对象、生成投影、路由/事件注册、检查或制品身份，按文件适用,主要为局部状态/冻结目录；共享状态见functions.csv,无直接数据库写；业务handler语义不在本AU,无直接网络，或仅在被调用的应用/发布流程中产生,无直接事件或本AU不适用,SDK通过App解析后的base URL/context；正式命令依赖本地node_modules；不记录敏感值,SDK只传上下文，不替代服务端授权；无则不适用,Node 22/浏览器/Web Crypto/wx requester/PostgreSQL/构建制品，按文件适用,无外部初始化写；CLI脚本仅在显式执行时运行,见functions.csv；多数仅声明,无或不适用,正式测试因依赖缺失未加载；已人工评估oracle,无持久资源或由调用者/进程管理,前置拒绝、Abort、事务rollback、脚本退出或旧制品回退；具体FMEA见fmea.csv,SDK 27用例及对应HTTP/Event/Console测试；正式执行环境阻塞,按用例记录；frozen/cancel局部可信，CORS/Wechat/retry存在缺口，正式执行环境阻塞,AU-008 summary、artifact/runtime/communications矩阵及全局01-09报告,以固定基线注册/加载代码为准；runtimegraph旧契约为STALE/CONFLICT,相关发布、迁移或运行兼容按矩阵保留,未证明有可安全等价替代；测试mock与生产差异不算替代,否；未满足G3十三项、可观察行为不变和第二次复核,package import、App构建、HTTP注册、事件发布、生成检查、候选制品或契约测试首先失败,[STRUCTURAL] 仅支撑本AU调用/发布边界，不冒充所属业务模块全面深审
FILE-AU-008-101,04_tools/scripts/release/promote.mjs,Release artifact identity,ESM JavaScript,965bc7bdd1783c4e7a9845964e934b859592880a,58,关键入口/调用/失败区间结构性审阅,Codex主审,2026-09-14,AU-008,CP-08,未发现独立问题,否（若后续升级则重排）,E-AU-008-013,是,作为生成物的注册、调用、发布、测试或数据边界消费者,上游运行/构建/测试入口；详见communications.csv,对应App、Commerce workload、npm检查或release阶段,仅记录本AU相关公开符号、注册或脚本输出,release candidate/stage/promote/validate,Operation/Event定义、RequestContext、HTTP/微信响应、文件或上游配置，按文件适用,请求/响应、冻结对象、生成投影、路由/事件注册、检查或制品身份，按文件适用,主要为局部状态/冻结目录；共享状态见functions.csv,无直接数据库写；业务handler语义不在本AU,无直接网络，或仅在被调用的应用/发布流程中产生,无直接事件或本AU不适用,SDK通过App解析后的base URL/context；正式命令依赖本地node_modules；不记录敏感值,SDK只传上下文，不替代服务端授权；无则不适用,Node 22/浏览器/Web Crypto/wx requester/PostgreSQL/构建制品，按文件适用,无外部初始化写；CLI脚本仅在显式执行时运行,见functions.csv；多数仅声明,无或不适用,正式测试因依赖缺失未加载；已人工评估oracle,无持久资源或由调用者/进程管理,前置拒绝、Abort、事务rollback、脚本退出或旧制品回退；具体FMEA见fmea.csv,SDK 27用例及对应HTTP/Event/Console测试；正式执行环境阻塞,按用例记录；frozen/cancel局部可信，CORS/Wechat/retry存在缺口，正式执行环境阻塞,AU-008 summary、artifact/runtime/communications矩阵及全局01-09报告,以固定基线注册/加载代码为准；runtimegraph旧契约为STALE/CONFLICT,相关发布、迁移或运行兼容按矩阵保留,未证明有可安全等价替代；测试mock与生产差异不算替代,否；未满足G3十三项、可观察行为不变和第二次复核,package import、App构建、HTTP注册、事件发布、生成检查、候选制品或契约测试首先失败,[STRUCTURAL] 仅支撑本AU调用/发布边界，不冒充所属业务模块全面深审
FILE-AU-008-102,04_tools/scripts/release/stage.mjs,Release artifact identity,ESM JavaScript,0320036fc5f0e888b9514fa4b553889d72d4eeb1,60,关键入口/调用/失败区间结构性审阅,Codex主审,2026-09-14,AU-008,CP-08,未发现独立问题,否（若后续升级则重排）,E-AU-008-013,是,作为生成物的注册、调用、发布、测试或数据边界消费者,上游运行/构建/测试入口；详见communications.csv,对应App、Commerce workload、npm检查或release阶段,仅记录本AU相关公开符号、注册或脚本输出,release candidate/stage/promote/validate,Operation/Event定义、RequestContext、HTTP/微信响应、文件或上游配置，按文件适用,请求/响应、冻结对象、生成投影、路由/事件注册、检查或制品身份，按文件适用,主要为局部状态/冻结目录；共享状态见functions.csv,无直接数据库写；业务handler语义不在本AU,无直接网络，或仅在被调用的应用/发布流程中产生,无直接事件或本AU不适用,SDK通过App解析后的base URL/context；正式命令依赖本地node_modules；不记录敏感值,SDK只传上下文，不替代服务端授权；无则不适用,Node 22/浏览器/Web Crypto/wx requester/PostgreSQL/构建制品，按文件适用,无外部初始化写；CLI脚本仅在显式执行时运行,见functions.csv；多数仅声明,无或不适用,正式测试因依赖缺失未加载；已人工评估oracle,无持久资源或由调用者/进程管理,前置拒绝、Abort、事务rollback、脚本退出或旧制品回退；具体FMEA见fmea.csv,SDK 27用例及对应HTTP/Event/Console测试；正式执行环境阻塞,按用例记录；frozen/cancel局部可信，CORS/Wechat/retry存在缺口，正式执行环境阻塞,AU-008 summary、artifact/runtime/communications矩阵及全局01-09报告,以固定基线注册/加载代码为准；runtimegraph旧契约为STALE/CONFLICT,相关发布、迁移或运行兼容按矩阵保留,未证明有可安全等价替代；测试mock与生产差异不算替代,否；未满足G3十三项、可观察行为不变和第二次复核,package import、App构建、HTTP注册、事件发布、生成检查、候选制品或契约测试首先失败,[STRUCTURAL] 仅支撑本AU调用/发布边界，不冒充所属业务模块全面深审
FILE-AU-008-103,04_tools/scripts/release/validate.mjs,Release artifact identity,ESM JavaScript,a364d87dbd88cfabaa5bfadf900003264226145f,30,关键入口/调用/失败区间结构性审阅,Codex主审,2026-09-14,AU-008,CP-08,未发现独立问题,否（若后续升级则重排）,E-AU-008-013,是,作为生成物的注册、调用、发布、测试或数据边界消费者,上游运行/构建/测试入口；详见communications.csv,对应App、Commerce workload、npm检查或release阶段,仅记录本AU相关公开符号、注册或脚本输出,release candidate/stage/promote/validate,Operation/Event定义、RequestContext、HTTP/微信响应、文件或上游配置，按文件适用,请求/响应、冻结对象、生成投影、路由/事件注册、检查或制品身份，按文件适用,主要为局部状态/冻结目录；共享状态见functions.csv,无直接数据库写；业务handler语义不在本AU,无直接网络，或仅在被调用的应用/发布流程中产生,无直接事件或本AU不适用,SDK通过App解析后的base URL/context；正式命令依赖本地node_modules；不记录敏感值,SDK只传上下文，不替代服务端授权；无则不适用,Node 22/浏览器/Web Crypto/wx requester/PostgreSQL/构建制品，按文件适用,无外部初始化写；CLI脚本仅在显式执行时运行,见functions.csv；多数仅声明,无或不适用,正式测试因依赖缺失未加载；已人工评估oracle,无持久资源或由调用者/进程管理,前置拒绝、Abort、事务rollback、脚本退出或旧制品回退；具体FMEA见fmea.csv,SDK 27用例及对应HTTP/Event/Console测试；正式执行环境阻塞,按用例记录；frozen/cancel局部可信，CORS/Wechat/retry存在缺口，正式执行环境阻塞,AU-008 summary、artifact/runtime/communications矩阵及全局01-09报告,以固定基线注册/加载代码为准；runtimegraph旧契约为STALE/CONFLICT,相关发布、迁移或运行兼容按矩阵保留,未证明有可安全等价替代；测试mock与生产差异不算替代,否；未满足G3十三项、可观察行为不变和第二次复核,package import、App构建、HTTP注册、事件发布、生成检查、候选制品或契约测试首先失败,[STRUCTURAL] 仅支撑本AU调用/发布边界，不冒充所属业务模块全面深审
FILE-AU-008-104,04_tools/scripts/release/validatebundle.mjs,Release artifact identity,ESM JavaScript,f402afafb501ad0f1001a96533bb21301a4b71c5,38,关键入口/调用/失败区间结构性审阅,Codex主审,2026-09-14,AU-008,CP-08,未发现独立问题,否（若后续升级则重排）,E-AU-008-013,是,作为生成物的注册、调用、发布、测试或数据边界消费者,上游运行/构建/测试入口；详见communications.csv,对应App、Commerce workload、npm检查或release阶段,仅记录本AU相关公开符号、注册或脚本输出,release candidate/stage/promote/validate,Operation/Event定义、RequestContext、HTTP/微信响应、文件或上游配置，按文件适用,请求/响应、冻结对象、生成投影、路由/事件注册、检查或制品身份，按文件适用,主要为局部状态/冻结目录；共享状态见functions.csv,无直接数据库写；业务handler语义不在本AU,无直接网络，或仅在被调用的应用/发布流程中产生,无直接事件或本AU不适用,SDK通过App解析后的base URL/context；正式命令依赖本地node_modules；不记录敏感值,SDK只传上下文，不替代服务端授权；无则不适用,Node 22/浏览器/Web Crypto/wx requester/PostgreSQL/构建制品，按文件适用,无外部初始化写；CLI脚本仅在显式执行时运行,见functions.csv；多数仅声明,无或不适用,正式测试因依赖缺失未加载；已人工评估oracle,无持久资源或由调用者/进程管理,前置拒绝、Abort、事务rollback、脚本退出或旧制品回退；具体FMEA见fmea.csv,SDK 27用例及对应HTTP/Event/Console测试；正式执行环境阻塞,按用例记录；frozen/cancel局部可信，CORS/Wechat/retry存在缺口，正式执行环境阻塞,AU-008 summary、artifact/runtime/communications矩阵及全局01-09报告,以固定基线注册/加载代码为准；runtimegraph旧契约为STALE/CONFLICT,相关发布、迁移或运行兼容按矩阵保留,未证明有可安全等价替代；测试mock与生产差异不算替代,否；未满足G3十三项、可观察行为不变和第二次复核,package import、App构建、HTTP注册、事件发布、生成检查、候选制品或契约测试首先失败,[STRUCTURAL] 仅支撑本AU调用/发布边界，不冒充所属业务模块全面深审
FILE-AU-008-105,04_tools/tools/contractgen/src/ContractGenerator.ts,Generated/runtime quality checks,TypeScript源码,650a653348a4463bf1e69f142d70145dc738f8a0,505,关键入口/调用/失败区间结构性审阅,Codex主审,2026-09-14,AU-008,CP-08,未发现独立问题,否（若后续升级则重排）,E-AU-008-003/004,是,作为生成物的注册、调用、发布、测试或数据边界消费者,上游运行/构建/测试入口；详见communications.csv,对应App、Commerce workload、npm检查或release阶段,仅记录本AU相关公开符号、注册或脚本输出,生成器、正式检查、测试或候选制品；见communications.csv,Operation/Event定义、RequestContext、HTTP/微信响应、文件或上游配置，按文件适用,请求/响应、冻结对象、生成投影、路由/事件注册、检查或制品身份，按文件适用,主要为局部状态/冻结目录；共享状态见functions.csv,无直接数据库写；业务handler语义不在本AU,无直接网络，或仅在被调用的应用/发布流程中产生,无直接事件或本AU不适用,SDK通过App解析后的base URL/context；正式命令依赖本地node_modules；不记录敏感值,SDK只传上下文，不替代服务端授权；无则不适用,Node 22/浏览器/Web Crypto/wx requester/PostgreSQL/构建制品，按文件适用,无外部初始化写；CLI脚本仅在显式执行时运行,见functions.csv；多数仅声明,无或不适用,正式测试因依赖缺失未加载；已人工评估oracle,无持久资源或由调用者/进程管理,前置拒绝、Abort、事务rollback、脚本退出或旧制品回退；具体FMEA见fmea.csv,SDK 27用例及对应HTTP/Event/Console测试；正式执行环境阻塞,按用例记录；frozen/cancel局部可信，CORS/Wechat/retry存在缺口，正式执行环境阻塞,AU-008 summary、artifact/runtime/communications矩阵及全局01-09报告,以固定基线注册/加载代码为准；runtimegraph旧契约为STALE/CONFLICT,相关发布、迁移或运行兼容按矩阵保留,未证明有可安全等价替代；测试mock与生产差异不算替代,否；未满足G3十三项、可观察行为不变和第二次复核,package import、App构建、HTTP注册、事件发布、生成检查、候选制品或契约测试首先失败,[STRUCTURAL] 仅支撑本AU调用/发布边界，不冒充所属业务模块全面深审
FILE-AU-008-106,package.json,Workspace formal entry,JSON,b91935135b224fee76fcd554b4fe968d508b981e,158,关键入口/调用/失败区间结构性审阅,Codex主审,2026-09-14,AU-008,CP-08,未发现独立问题,否（若后续升级则重排）,E-AU-008-003/004,是,作为生成物的注册、调用、发布、测试或数据边界消费者,上游运行/构建/测试入口；详见communications.csv,对应App、Commerce workload、npm检查或release阶段,仅记录本AU相关公开符号、注册或脚本输出,生成器、正式检查、测试或候选制品；见communications.csv,Operation/Event定义、RequestContext、HTTP/微信响应、文件或上游配置，按文件适用,请求/响应、冻结对象、生成投影、路由/事件注册、检查或制品身份，按文件适用,主要为局部状态/冻结目录；共享状态见functions.csv,无直接数据库写；业务handler语义不在本AU,无直接网络，或仅在被调用的应用/发布流程中产生,无直接事件或本AU不适用,SDK通过App解析后的base URL/context；正式命令依赖本地node_modules；不记录敏感值,SDK只传上下文，不替代服务端授权；无则不适用,Node 22/浏览器/Web Crypto/wx requester/PostgreSQL/构建制品，按文件适用,无外部初始化写；CLI脚本仅在显式执行时运行,见functions.csv；多数仅声明,无或不适用,正式测试因依赖缺失未加载；已人工评估oracle,无持久资源或由调用者/进程管理,前置拒绝、Abort、事务rollback、脚本退出或旧制品回退；具体FMEA见fmea.csv,SDK 27用例及对应HTTP/Event/Console测试；正式执行环境阻塞,按用例记录；frozen/cancel局部可信，CORS/Wechat/retry存在缺口，正式执行环境阻塞,AU-008 summary、artifact/runtime/communications矩阵及全局01-09报告,以固定基线注册/加载代码为准；runtimegraph旧契约为STALE/CONFLICT,相关发布、迁移或运行兼容按矩阵保留,未证明有可安全等价替代；测试mock与生产差异不算替代,否；未满足G3十三项、可观察行为不变和第二次复核,package import、App构建、HTTP注册、事件发布、生成检查、候选制品或契约测试首先失败,[STRUCTURAL] 仅支撑本AU调用/发布边界，不冒充所属业务模块全面深审
