编号,定义位置,code,HTTP状态,排序有效,唯一,生成映射,当前精确字面量次数,首个精确字面量位置,审阅结论
ERR-AU-007-0001,01_core_hexin/packages/contract/definitions/errors.yml:3,ACCESS_CHANGE_REASON_REQUIRED,400,true,true,ErrorContract.generated.ts/errorStatus,0,,[FACT] 定义合法；零精确字面量不是删除证据
ERR-AU-007-0002,01_core_hexin/packages/contract/definitions/errors.yml:5,ACCESS_MEMBERSHIP_MISSING,400,true,true,ErrorContract.generated.ts/errorStatus,0,,[FACT] 定义合法；零精确字面量不是删除证据
ERR-AU-007-0003,01_core_hexin/packages/contract/definitions/errors.yml:7,ACCESS_RESOURCE_SCOPE_NOTIFICATION_FALLBACK_REWRITE_FAILED,500,true,true,ErrorContract.generated.ts/errorStatus,0,,[FACT] 定义合法；零精确字面量不是删除证据
ERR-AU-007-0004,01_core_hexin/packages/contract/definitions/errors.yml:9,ACCESS_RESOURCE_SCOPE_NOTIFICATION_REWRITE_FAILED,500,true,true,ErrorContract.generated.ts/errorStatus,0,,[FACT] 定义合法；零精确字面量不是删除证据
ERR-AU-007-0005,01_core_hexin/packages/contract/definitions/errors.yml:11,ACCESS_RESOURCE_SCOPE_REPORTING_FALLBACK_REWRITE_FAILED,500,true,true,ErrorContract.generated.ts/errorStatus,0,,[FACT] 定义合法；零精确字面量不是删除证据
ERR-AU-007-0006,01_core_hexin/packages/contract/definitions/errors.yml:13,ACCESS_RESOURCE_SCOPE_REPORTING_REWRITE_FAILED,500,true,true,ErrorContract.generated.ts/errorStatus,0,,[FACT] 定义合法；零精确字面量不是删除证据
ERR-AU-007-0007,01_core_hexin/packages/contract/definitions/errors.yml:15,ACCESS_RESOURCE_SCOPE_RISK_REWRITE_FAILED,500,true,true,ErrorContract.generated.ts/errorStatus,0,,[FACT] 定义合法；零精确字面量不是删除证据
ERR-AU-007-0008,01_core_hexin/packages/contract/definitions/errors.yml:17,ACCESS_RESOURCE_SCOPE_SUPPORT_REWRITE_FAILED,500,true,true,ErrorContract.generated.ts/errorStatus,0,,[FACT] 定义合法；零精确字面量不是删除证据
ERR-AU-007-0009,01_core_hexin/packages/contract/definitions/errors.yml:19,ACCESS_VERSION_INVALID,409,true,true,ErrorContract.generated.ts/errorStatus,0,,[FACT] 定义合法；零精确字面量不是删除证据
ERR-AU-007-0010,01_core_hexin/packages/contract/definitions/errors.yml:21,ACCOUNT_NOT_ACTIVE,409,true,true,ErrorContract.generated.ts/errorStatus,0,,[FACT] 定义合法；零精确字面量不是删除证据
ERR-AU-007-0011,01_core_hexin/packages/contract/definitions/errors.yml:23,ACTION_PROOF_REQUIRED,403,true,true,ErrorContract.generated.ts/errorStatus,9,01_core_hexin/services/commerce/src/foundation/security/AccessPipeline.ts:95,[FACT] 定义合法；当前精确字面量消费者已记录
ERR-AU-007-0012,01_core_hexin/packages/contract/definitions/errors.yml:25,ACTIVE_MALL_APPLICATION_MISSING,400,true,true,ErrorContract.generated.ts/errorStatus,1,01_core_hexin/services/commerce/src/modules/cart/03_application_yingyong/CartOperations.ts:33,[FACT] 定义合法；当前精确字面量消费者已记录
ERR-AU-007-0013,01_core_hexin/packages/contract/definitions/errors.yml:27,ACTIVE_PLATFORM_OWNER_NOT_UNIQUE,500,true,true,ErrorContract.generated.ts/errorStatus,0,,[FACT] 定义合法；零精确字面量不是删除证据
ERR-AU-007-0014,01_core_hexin/packages/contract/definitions/errors.yml:29,ADAPTER_TEST_ENDPOINTS_REQUIRED,400,true,true,ErrorContract.generated.ts/errorStatus,1,04_tools/scripts/check/adapters.mjs:8,[FACT] 定义合法；当前精确字面量消费者已记录
ERR-AU-007-0015,01_core_hexin/packages/contract/definitions/errors.yml:31,ADDRESS_ENVELOPE_MISSING,400,true,true,ErrorContract.generated.ts/errorStatus,2,01_core_hexin/services/commerce/src/modules/member/03_application_yingyong/MemberOperations.ts:65,[FACT] 定义合法；当前精确字面量消费者已记录
ERR-AU-007-0016,01_core_hexin/packages/contract/definitions/errors.yml:33,ADDRESS_NOT_FOUND,404,true,true,ErrorContract.generated.ts/errorStatus,1,01_core_hexin/apps/storefront-web/src/context/addressDefaultState.ts:25,[FACT] 定义合法；当前精确字面量消费者已记录
ERR-AU-007-0017,01_core_hexin/packages/contract/definitions/errors.yml:35,ADDRESS_REQUIRED,400,true,true,ErrorContract.generated.ts/errorStatus,0,,[FACT] 定义合法；零精确字面量不是删除证据
ERR-AU-007-0018,01_core_hexin/packages/contract/definitions/errors.yml:37,ADDRESS_RESPONSE_INVALID,502,true,true,ErrorContract.generated.ts/errorStatus,0,,[FACT] 定义合法；零精确字面量不是删除证据
ERR-AU-007-0019,01_core_hexin/packages/contract/definitions/errors.yml:39,ADMIN_CATALOG_NOT_AUTHORIZED,500,true,true,ErrorContract.generated.ts/errorStatus,0,,[FACT] 定义合法；零精确字面量不是删除证据
ERR-AU-007-0020,01_core_hexin/packages/contract/definitions/errors.yml:41,ADMIN_ORDER_EXPORT_NOT_AUTHORIZED,500,true,true,ErrorContract.generated.ts/errorStatus,0,,[FACT] 定义合法；零精确字面量不是删除证据
ERR-AU-007-0021,01_core_hexin/packages/contract/definitions/errors.yml:43,ADMIN_ORDER_EXPORT_RESULT_INVALID,400,true,true,ErrorContract.generated.ts/errorStatus,0,,[FACT] 定义合法；零精确字面量不是删除证据
ERR-AU-007-0022,01_core_hexin/packages/contract/definitions/errors.yml:45,ADMIN_ORDER_EXPORT_SCOPE_FORBIDDEN,403,true,true,ErrorContract.generated.ts/errorStatus,0,,[FACT] 定义合法；零精确字面量不是删除证据
ERR-AU-007-0023,01_core_hexin/packages/contract/definitions/errors.yml:47,ADMIN_ORDER_QUERY_NOT_AUTHORIZED,500,true,true,ErrorContract.generated.ts/errorStatus,0,,[FACT] 定义合法；零精确字面量不是删除证据
ERR-AU-007-0024,01_core_hexin/packages/contract/definitions/errors.yml:49,ADMIN_ORDER_QUERY_SCOPE_FORBIDDEN,403,true,true,ErrorContract.generated.ts/errorStatus,0,,[FACT] 定义合法；零精确字面量不是删除证据
ERR-AU-007-0025,01_core_hexin/packages/contract/definitions/errors.yml:51,AFTER_SALE_ALREADY_EXISTS,500,true,true,ErrorContract.generated.ts/errorStatus,0,,[FACT] 定义合法；零精确字面量不是删除证据
ERR-AU-007-0026,01_core_hexin/packages/contract/definitions/errors.yml:53,AFTER_SALE_AMOUNT_EXCEEDED,500,true,true,ErrorContract.generated.ts/errorStatus,0,,[FACT] 定义合法；零精确字面量不是删除证据
ERR-AU-007-0027,01_core_hexin/packages/contract/definitions/errors.yml:55,AFTER_SALE_HISTORY_REQUIRES_REVIEW,500,true,true,ErrorContract.generated.ts/errorStatus,0,,[FACT] 定义合法；零精确字面量不是删除证据
ERR-AU-007-0028,01_core_hexin/packages/contract/definitions/errors.yml:57,AFTER_SALE_NOT_APPROVED,500,true,true,ErrorContract.generated.ts/errorStatus,0,,[FACT] 定义合法；零精确字面量不是删除证据
ERR-AU-007-0029,01_core_hexin/packages/contract/definitions/errors.yml:59,AFTER_SALE_NOT_FOUND,404,true,true,ErrorContract.generated.ts/errorStatus,0,,[FACT] 定义合法；零精确字面量不是删除证据
ERR-AU-007-0030,01_core_hexin/packages/contract/definitions/errors.yml:61,AFTER_SALE_NOT_REFUNDABLE,500,true,true,ErrorContract.generated.ts/errorStatus,0,,[FACT] 定义合法；零精确字面量不是删除证据
ERR-AU-007-0031,01_core_hexin/packages/contract/definitions/errors.yml:63,AFTER_SALE_ORDER_STATE_CONFLICT,409,true,true,ErrorContract.generated.ts/errorStatus,0,,[FACT] 定义合法；零精确字面量不是删除证据
ERR-AU-007-0032,01_core_hexin/packages/contract/definitions/errors.yml:65,AFTER_SALE_REVIEW_TRANSITION_INVALID,409,true,true,ErrorContract.generated.ts/errorStatus,0,,[FACT] 定义合法；零精确字面量不是删除证据
ERR-AU-007-0033,01_core_hexin/packages/contract/definitions/errors.yml:67,AFTER_SALE_REVIEWER_NOT_AUTHORIZED,500,false,true,ErrorContract.generated.ts/errorStatus,0,,[FACT] 定义合法；零精确字面量不是删除证据
ERR-AU-007-0034,01_core_hexin/packages/contract/definitions/errors.yml:69,AFTER_SALE_SELF_APPROVAL_FORBIDDEN,403,true,true,ErrorContract.generated.ts/errorStatus,0,,[FACT] 定义合法；零精确字面量不是删除证据
ERR-AU-007-0035,01_core_hexin/packages/contract/definitions/errors.yml:71,AFTER_SALE_SUBMITTER_NOT_AUTHORIZED,500,true,true,ErrorContract.generated.ts/errorStatus,0,,[FACT] 定义合法；零精确字面量不是删除证据
ERR-AU-007-0036,01_core_hexin/packages/contract/definitions/errors.yml:73,AFTERSALE_PREVIEW_OPERATION_REQUIRED,501,false,true,ErrorContract.generated.ts/errorStatus,0,,[FACT] 定义合法；零精确字面量不是删除证据
ERR-AU-007-0037,01_core_hexin/packages/contract/definitions/errors.yml:75,AFTERSALE_REFUND_NOT_RUNNABLE,409,true,true,ErrorContract.generated.ts/errorStatus,1,01_core_hexin/services/commerce/src/modules/payment_zhifu/05_interface_jieru/jobs_renwu/PaymentJobs.ts:238,[FACT] 定义合法；当前精确字面量消费者已记录
ERR-AU-007-0038,01_core_hexin/packages/contract/definitions/errors.yml:77,AFTERSALE_RESPONSE_INVALID,502,true,true,ErrorContract.generated.ts/errorStatus,0,,[FACT] 定义合法；零精确字面量不是删除证据
ERR-AU-007-0039,01_core_hexin/packages/contract/definitions/errors.yml:79,AFTERSALE_REVIEW_CONFLICT_OR_SEPARATION,409,true,true,ErrorContract.generated.ts/errorStatus,1,01_core_hexin/services/commerce/src/modules/order_dingdan/03_application_yingyong/services_fuwu/OrderOperations.ts:117,[FACT] 定义合法；当前精确字面量消费者已记录
ERR-AU-007-0040,01_core_hexin/packages/contract/definitions/errors.yml:81,AFTERSALE_STATE_CONFLICT,409,true,true,ErrorContract.generated.ts/errorStatus,1,01_core_hexin/services/commerce/src/modules/order_dingdan/01_public_gongkai/ports_jiekou/OrderPort.ts:46,[FACT] 定义合法；当前精确字面量消费者已记录
ERR-AU-007-0041,01_core_hexin/packages/contract/definitions/errors.yml:83,ALIYUN_SMS_CONFIGURATION_INVALID,500,true,true,ErrorContract.generated.ts/errorStatus,1,01_core_hexin/services/commerce/src/modules/notification/04_adapters_shixian/adapter/AliyunSmsChannel.ts:61,[FACT] 定义合法；当前精确字面量消费者已记录
ERR-AU-007-0042,01_core_hexin/packages/contract/definitions/errors.yml:85,ALIYUN_SMS_REJECTED,502,true,true,ErrorContract.generated.ts/errorStatus,0,,[FACT] 定义合法；零精确字面量不是删除证据
ERR-AU-007-0043,01_core_hexin/packages/contract/definitions/errors.yml:87,ALIYUN_SMS_UNAVAILABLE,503,true,true,ErrorContract.generated.ts/errorStatus,1,01_core_hexin/services/commerce/src/modules/notification/04_adapters_shixian/adapter/AliyunSmsChannel.ts:56,[FACT] 定义合法；当前精确字面量消费者已记录
ERR-AU-007-0044,01_core_hexin/packages/contract/definitions/errors.yml:89,API_ALLOWED_ORIGINS_INVALID,500,true,true,ErrorContract.generated.ts/errorStatus,1,01_core_hexin/packages/config/src/ApiEnvironment.ts:52,[FACT] 定义合法；当前精确字面量消费者已记录
ERR-AU-007-0045,01_core_hexin/packages/contract/definitions/errors.yml:91,APP_ROOT_MISSING,500,true,true,ErrorContract.generated.ts/errorStatus,1,01_core_hexin/apps/console/src/main.tsx:16,[FACT] 定义合法；当前精确字面量消费者已记录
ERR-AU-007-0046,01_core_hexin/packages/contract/definitions/errors.yml:93,APPLICATION_ROLE_BYPASSES_RLS,500,false,true,ErrorContract.generated.ts/errorStatus,0,,[FACT] 定义合法；零精确字面量不是删除证据
ERR-AU-007-0047,01_core_hexin/packages/contract/definitions/errors.yml:95,APPLICATION_ROLE_BYPASSRLS,500,true,true,ErrorContract.generated.ts/errorStatus,0,,[FACT] 定义合法；零精确字面量不是删除证据
ERR-AU-007-0048,01_core_hexin/packages/contract/definitions/errors.yml:97,APPROVAL_ALREADY_DECIDED,409,true,true,ErrorContract.generated.ts/errorStatus,0,,[FACT] 定义合法；零精确字面量不是删除证据
ERR-AU-007-0049,01_core_hexin/packages/contract/definitions/errors.yml:99,APPROVAL_NOT_ASSIGNED,403,true,true,ErrorContract.generated.ts/errorStatus,0,,[FACT] 定义合法；零精确字面量不是删除证据
ERR-AU-007-0050,01_core_hexin/packages/contract/definitions/errors.yml:101,AUDIT_ACCESS_ID_INVALID,400,true,true,ErrorContract.generated.ts/errorStatus,1,01_core_hexin/services/commerce/src/modules/audit/02_domain_yewu/model/AccessRecord.ts:9,[FACT] 定义合法；当前精确字面量消费者已记录
ERR-AU-007-0051,01_core_hexin/packages/contract/definitions/errors.yml:103,AUDIT_ACCESS_INVALID,400,true,true,ErrorContract.generated.ts/errorStatus,1,01_core_hexin/services/commerce/src/modules/audit/02_domain_yewu/model/AccessRecord.ts:8,[FACT] 定义合法；当前精确字面量消费者已记录
ERR-AU-007-0052,01_core_hexin/packages/contract/definitions/errors.yml:105,AUDIT_APP_MUTATION_POLICY_PRESENT,500,true,true,ErrorContract.generated.ts/errorStatus,0,,[FACT] 定义合法；零精确字面量不是删除证据
ERR-AU-007-0053,01_core_hexin/packages/contract/definitions/errors.yml:107,AUDIT_ARCHIVE_DELETE_INVALID,400,true,true,ErrorContract.generated.ts/errorStatus,1,04_tools/scripts/audit/database-contracts.mjs:578,[FACT] 定义合法；当前精确字面量消费者已记录
ERR-AU-007-0054,01_core_hexin/packages/contract/definitions/errors.yml:109,AUDIT_ARCHIVE_OBJECT_HASH_MISMATCH,409,true,true,ErrorContract.generated.ts/errorStatus,1,01_core_hexin/services/commerce/src/modules/audit/05_interface_jieru/job/AuditArchiveJob.ts:62,[FACT] 定义合法；当前精确字面量消费者已记录
ERR-AU-007-0055,01_core_hexin/packages/contract/definitions/errors.yml:111,AUDIT_ARCHIVE_OBJECT_INVALID,400,true,true,ErrorContract.generated.ts/errorStatus,1,01_core_hexin/services/commerce/src/modules/audit/05_interface_jieru/job/AuditArchiveJob.ts:60,[FACT] 定义合法；当前精确字面量消费者已记录
ERR-AU-007-0056,01_core_hexin/packages/contract/definitions/errors.yml:113,AUDIT_ARCHIVE_OBJECT_MISMATCH,409,true,true,ErrorContract.generated.ts/errorStatus,1,01_core_hexin/services/commerce/src/modules/audit/05_interface_jieru/job/AuditArchiveJob.ts:67,[FACT] 定义合法；当前精确字面量消费者已记录
ERR-AU-007-0057,01_core_hexin/packages/contract/definitions/errors.yml:115,AUDIT_ARCHIVE_OBJECT_TOO_LARGE,413,true,true,ErrorContract.generated.ts/errorStatus,1,01_core_hexin/services/commerce/src/modules/audit/05_interface_jieru/job/AuditArchiveJob.ts:47,[FACT] 定义合法；当前精确字面量消费者已记录
ERR-AU-007-0058,01_core_hexin/packages/contract/definitions/errors.yml:117,AUDIT_ARCHIVE_REFERENCE_CONFLICT,409,true,true,ErrorContract.generated.ts/errorStatus,1,01_core_hexin/services/commerce/src/modules/audit/04_adapters_shixian/persistence/PgAuditRepository.ts:93,[FACT] 定义合法；当前精确字面量消费者已记录
ERR-AU-007-0059,01_core_hexin/packages/contract/definitions/errors.yml:119,AUDIT_ARCHIVE_SOURCE_CHANGED,409,true,true,ErrorContract.generated.ts/errorStatus,1,01_core_hexin/services/commerce/src/modules/audit/04_adapters_shixian/persistence/PgAuditRepository.ts:97,[FACT] 定义合法；当前精确字面量消费者已记录
ERR-AU-007-0060,01_core_hexin/packages/contract/definitions/errors.yml:121,AUDIT_ID_INVALID,400,true,true,ErrorContract.generated.ts/errorStatus,1,01_core_hexin/services/commerce/src/modules/audit/02_domain_yewu/model/AuditRecord.ts:11,[FACT] 定义合法；当前精确字面量消费者已记录
ERR-AU-007-0061,01_core_hexin/packages/contract/definitions/errors.yml:123,AUDIT_IMMUTABILITY_TRIGGER_MISSING,400,true,true,ErrorContract.generated.ts/errorStatus,0,,[FACT] 定义合法；零精确字面量不是删除证据
ERR-AU-007-0062,01_core_hexin/packages/contract/definitions/errors.yml:125,AUDIT_IMMUTABLE,500,true,true,ErrorContract.generated.ts/errorStatus,0,,[FACT] 定义合法；零精确字面量不是删除证据
ERR-AU-007-0063,01_core_hexin/packages/contract/definitions/errors.yml:127,AUDIT_RECORD_INVALID,400,true,true,ErrorContract.generated.ts/errorStatus,1,01_core_hexin/services/commerce/src/modules/audit/02_domain_yewu/model/AuditRecord.ts:9,[FACT] 定义合法；当前精确字面量消费者已记录
ERR-AU-007-0064,01_core_hexin/packages/contract/definitions/errors.yml:129,AUDIT_UPDATE_IMMUTABILITY_INVALID,400,true,true,ErrorContract.generated.ts/errorStatus,1,04_tools/scripts/audit/database-contracts.mjs:574,[FACT] 定义合法；当前精确字面量消费者已记录
ERR-AU-007-0065,01_core_hexin/packages/contract/definitions/errors.yml:131,AUDIT_UPDATE_WAS_NOT_REJECTED,400,true,true,ErrorContract.generated.ts/errorStatus,1,04_tools/scripts/audit/database-contracts.mjs:572,[FACT] 定义合法；当前精确字面量消费者已记录
ERR-AU-007-0066,01_core_hexin/packages/contract/definitions/errors.yml:133,AUTH_RETURN_TARGET_INVALID,400,true,true,ErrorContract.generated.ts/errorStatus,7,01_core_hexin/services/commerce/src/modules/identity/04_adapters_shixian/providers_waibu/ReturnTargetSigner.ts:12,[FACT] 定义合法；当前精确字面量消费者已记录
ERR-AU-007-0067,01_core_hexin/packages/contract/definitions/errors.yml:135,AUTH_RETURN_TARGETS_INVALID,400,false,true,ErrorContract.generated.ts/errorStatus,0,,[FACT] 定义合法；零精确字面量不是删除证据
ERR-AU-007-0068,01_core_hexin/packages/contract/definitions/errors.yml:137,AUTH_SESSION_STORAGE_UNAVAILABLE,503,true,true,ErrorContract.generated.ts/errorStatus,0,,[FACT] 定义合法；零精确字面量不是删除证据
ERR-AU-007-0069,01_core_hexin/packages/contract/definitions/errors.yml:139,AUTH_STATE_EXPIRED,500,true,true,ErrorContract.generated.ts/errorStatus,0,,[FACT] 定义合法；零精确字面量不是删除证据
ERR-AU-007-0070,01_core_hexin/packages/contract/definitions/errors.yml:141,AUTH_STATE_INVALID,409,true,true,ErrorContract.generated.ts/errorStatus,0,,[FACT] 定义合法；零精确字面量不是删除证据
ERR-AU-007-0071,01_core_hexin/packages/contract/definitions/errors.yml:143,AUTH_STATE_MISSING,400,true,true,ErrorContract.generated.ts/errorStatus,0,,[FACT] 定义合法；零精确字面量不是删除证据
ERR-AU-007-0072,01_core_hexin/packages/contract/definitions/errors.yml:145,AUTH_TICKET_CAPABILITY_MISSING,400,true,true,ErrorContract.generated.ts/errorStatus,0,,[FACT] 定义合法；零精确字面量不是删除证据
ERR-AU-007-0073,01_core_hexin/packages/contract/definitions/errors.yml:147,AUTH_TICKET_EXCHANGE_REJECTED,401,true,true,ErrorContract.generated.ts/errorStatus,1,01_core_hexin/services/commerce/src/modules/identity/04_adapters_shixian/persistence_cunchu/PgAuthTicket.ts:43,[FACT] 定义合法；当前精确字面量消费者已记录
ERR-AU-007-0074,01_core_hexin/packages/contract/definitions/errors.yml:149,AUTH_TICKET_TABLE_MISSING,400,true,true,ErrorContract.generated.ts/errorStatus,0,,[FACT] 定义合法；零精确字面量不是删除证据
ERR-AU-007-0075,01_core_hexin/packages/contract/definitions/errors.yml:151,AUTH_TRANSACTION_REQUIRED,400,true,true,ErrorContract.generated.ts/errorStatus,1,01_core_hexin/services/commerce/src/modules/identity/05_interface_jieru/http/WechatOperations.ts:143,[FACT] 定义合法；当前精确字面量消费者已记录
ERR-AU-007-0076,01_core_hexin/packages/contract/definitions/errors.yml:153,AUTHENTICATION_REQUIRED,401,false,true,ErrorContract.generated.ts/errorStatus,7,01_core_hexin/services/commerce/src/foundation/application/ModuleOperations.ts:230,[FACT] 定义合法；当前精确字面量消费者已记录
ERR-AU-007-0077,01_core_hexin/packages/contract/definitions/errors.yml:155,AUTHORIZATION_DENIED,403,true,true,ErrorContract.generated.ts/errorStatus,0,,[FACT] 定义合法；零精确字面量不是删除证据
ERR-AU-007-0078,01_core_hexin/packages/contract/definitions/errors.yml:157,BENEFIT_ACCOUNT_CREATE_FAILED,500,true,true,ErrorContract.generated.ts/errorStatus,1,01_core_hexin/services/commerce/src/modules/benefit/05_interface_jieru/job/BenefitJobs.ts:73,[FACT] 定义合法；当前精确字面量消费者已记录
ERR-AU-007-0079,01_core_hexin/packages/contract/definitions/errors.yml:159,BENEFIT_ACCOUNT_NOT_USABLE,409,true,true,ErrorContract.generated.ts/errorStatus,2,01_core_hexin/services/commerce/src/modules/benefit/04_adapters_shixian/BenefitPort.ts:32,[FACT] 定义合法；当前精确字面量消费者已记录
ERR-AU-007-0080,01_core_hexin/packages/contract/definitions/errors.yml:161,BENEFIT_ACCOUNT_REQUIRED,400,true,true,ErrorContract.generated.ts/errorStatus,2,01_core_hexin/services/commerce/src/modules/payment_zhifu/03_application_yingyong/services_fuwu/PaymentSettlement.ts:86,[FACT] 定义合法；当前精确字面量消费者已记录
ERR-AU-007-0081,01_core_hexin/packages/contract/definitions/errors.yml:163,BENEFIT_BALANCE_DIFFERENCE,500,true,true,ErrorContract.generated.ts/errorStatus,0,,[FACT] 定义合法；零精确字面量不是删除证据
ERR-AU-007-0082,01_core_hexin/packages/contract/definitions/errors.yml:165,BENEFIT_BALANCE_INSUFFICIENT,409,true,true,ErrorContract.generated.ts/errorStatus,3,01_core_hexin/services/commerce/src/modules/benefit/04_adapters_shixian/BenefitPort.ts:35,[FACT] 定义合法；当前精确字面量消费者已记录
ERR-AU-007-0083,01_core_hexin/packages/contract/definitions/errors.yml:167,BENEFIT_BATCH_NOT_APPROVED,409,true,true,ErrorContract.generated.ts/errorStatus,1,01_core_hexin/services/commerce/src/modules/benefit/05_interface_jieru/job/BenefitJobs.ts:44,[FACT] 定义合法；当前精确字面量消费者已记录
ERR-AU-007-0084,01_core_hexin/packages/contract/definitions/errors.yml:169,BENEFIT_BATCH_NOT_REVOKING,409,true,true,ErrorContract.generated.ts/errorStatus,1,01_core_hexin/services/commerce/src/modules/benefit/05_interface_jieru/job/BenefitJobs.ts:105,[FACT] 定义合法；当前精确字面量消费者已记录
ERR-AU-007-0085,01_core_hexin/packages/contract/definitions/errors.yml:171,BENEFIT_BUDGET_CONFLICT,409,true,true,ErrorContract.generated.ts/errorStatus,1,01_core_hexin/services/commerce/src/modules/benefit/03_application_yingyong/BenefitOperations.ts:109,[FACT] 定义合法；当前精确字面量消费者已记录
ERR-AU-007-0086,01_core_hexin/packages/contract/definitions/errors.yml:173,BENEFIT_BUDGET_INSUFFICIENT,409,true,true,ErrorContract.generated.ts/errorStatus,1,01_core_hexin/services/commerce/src/modules/benefit/03_application_yingyong/BenefitOperations.ts:153,[FACT] 定义合法；当前精确字面量消费者已记录
ERR-AU-007-0087,01_core_hexin/packages/contract/definitions/errors.yml:175,BENEFIT_BUDGET_PERIOD_INVALID,400,true,true,ErrorContract.generated.ts/errorStatus,1,01_core_hexin/services/commerce/src/modules/benefit/03_application_yingyong/BenefitOperations.ts:101,[FACT] 定义合法；当前精确字面量消费者已记录
ERR-AU-007-0088,01_core_hexin/packages/contract/definitions/errors.yml:177,BENEFIT_BUDGET_TRANSITION_FAILED,409,true,true,ErrorContract.generated.ts/errorStatus,1,01_core_hexin/services/commerce/src/modules/benefit/05_interface_jieru/job/BenefitJobs.ts:241,[FACT] 定义合法；当前精确字面量消费者已记录
ERR-AU-007-0089,01_core_hexin/packages/contract/definitions/errors.yml:179,BENEFIT_CONTROL_ACTION_INVALID,400,true,true,ErrorContract.generated.ts/errorStatus,2,01_core_hexin/services/commerce/src/modules/benefit/03_application_yingyong/BenefitOperations.ts:188,[FACT] 定义合法；当前精确字面量消费者已记录
ERR-AU-007-0090,01_core_hexin/packages/contract/definitions/errors.yml:181,BENEFIT_CONTROL_STATE_CONFLICT,409,true,true,ErrorContract.generated.ts/errorStatus,2,01_core_hexin/services/commerce/src/modules/benefit/02_domain_yewu/policy/GrantPolicy.ts:31,[FACT] 定义合法；当前精确字面量消费者已记录
ERR-AU-007-0091,01_core_hexin/packages/contract/definitions/errors.yml:183,BENEFIT_CURRENCY_INVALID,400,true,true,ErrorContract.generated.ts/errorStatus,1,01_core_hexin/services/commerce/src/modules/benefit/03_application_yingyong/BenefitOperations.ts:70,[FACT] 定义合法；当前精确字面量消费者已记录
ERR-AU-007-0092,01_core_hexin/packages/contract/definitions/errors.yml:185,BENEFIT_DECISION_CONFLICT_OR_SEPARATION,409,true,true,ErrorContract.generated.ts/errorStatus,1,01_core_hexin/services/commerce/src/modules/benefit/03_application_yingyong/BenefitOperations.ts:147,[FACT] 定义合法；当前精确字面量消费者已记录
ERR-AU-007-0093,01_core_hexin/packages/contract/definitions/errors.yml:187,BENEFIT_DECISION_INVALID,400,true,true,ErrorContract.generated.ts/errorStatus,1,01_core_hexin/services/commerce/src/modules/benefit/03_application_yingyong/BenefitOperations.ts:141,[FACT] 定义合法；当前精确字面量消费者已记录
ERR-AU-007-0094,01_core_hexin/packages/contract/definitions/errors.yml:189,BENEFIT_FINANCE_PROJECTION_MISSING,400,true,true,ErrorContract.generated.ts/errorStatus,0,,[FACT] 定义合法；零精确字面量不是删除证据
ERR-AU-007-0095,01_core_hexin/packages/contract/definitions/errors.yml:191,BENEFIT_FOUR_EYES_REQUIRED,403,true,true,ErrorContract.generated.ts/errorStatus,1,01_core_hexin/services/commerce/src/modules/benefit/02_domain_yewu/policy/GrantPolicy.ts:35,[FACT] 定义合法；当前精确字面量消费者已记录
ERR-AU-007-0096,01_core_hexin/packages/contract/definitions/errors.yml:193,BENEFIT_HOLD_MISSING,400,true,true,ErrorContract.generated.ts/errorStatus,1,01_core_hexin/services/commerce/src/modules/benefit/04_adapters_shixian/BenefitPort.ts:49,[FACT] 定义合法；当前精确字面量消费者已记录
ERR-AU-007-0097,01_core_hexin/packages/contract/definitions/errors.yml:195,BENEFIT_JOB_SUBTYPE_INVALID,400,true,true,ErrorContract.generated.ts/errorStatus,2,01_core_hexin/services/commerce/src/modules/benefit/05_interface_jieru/job/BenefitDeadletter.ts:12,[FACT] 定义合法；当前精确字面量消费者已记录
ERR-AU-007-0098,01_core_hexin/packages/contract/definitions/errors.yml:197,BENEFIT_MEMBER_DUPLICATE,409,true,true,ErrorContract.generated.ts/errorStatus,1,01_core_hexin/services/commerce/src/modules/benefit/03_application_yingyong/BenefitOperations.ts:265,[FACT] 定义合法；当前精确字面量消费者已记录
ERR-AU-007-0099,01_core_hexin/packages/contract/definitions/errors.yml:199,BENEFIT_PLAN_KIND_INVALID,400,true,true,ErrorContract.generated.ts/errorStatus,1,01_core_hexin/services/commerce/src/modules/benefit/03_application_yingyong/BenefitOperations.ts:68,[FACT] 定义合法；当前精确字面量消费者已记录
ERR-AU-007-0100,01_core_hexin/packages/contract/definitions/errors.yml:201,BENEFIT_PLAN_MUST_START_DRAFT,409,true,true,ErrorContract.generated.ts/errorStatus,1,01_core_hexin/services/commerce/src/modules/benefit/02_domain_yewu/policy/GrantPolicy.ts:20,[FACT] 定义合法；当前精确字面量消费者已记录
ERR-AU-007-0101,01_core_hexin/packages/contract/definitions/errors.yml:203,BENEFIT_PLAN_OR_BUDGET_UNAVAILABLE,503,true,true,ErrorContract.generated.ts/errorStatus,1,01_core_hexin/services/commerce/src/modules/benefit/03_application_yingyong/BenefitOperations.ts:125,[FACT] 定义合法；当前精确字面量消费者已记录
ERR-AU-007-0102,01_core_hexin/packages/contract/definitions/errors.yml:205,BENEFIT_PLAN_STATE_INVALID,409,true,true,ErrorContract.generated.ts/errorStatus,2,01_core_hexin/services/commerce/src/modules/benefit/02_domain_yewu/policy/GrantPolicy.ts:40,[FACT] 定义合法；当前精确字面量消费者已记录
ERR-AU-007-0103,01_core_hexin/packages/contract/definitions/errors.yml:207,BENEFIT_PLAN_TRANSITION_INVALID,409,true,true,ErrorContract.generated.ts/errorStatus,1,01_core_hexin/services/commerce/src/modules/benefit/02_domain_yewu/policy/GrantPolicy.ts:21,[FACT] 定义合法；当前精确字面量消费者已记录
ERR-AU-007-0104,01_core_hexin/packages/contract/definitions/errors.yml:209,BENEFIT_REFUND_ACCOUNT_MISSING,400,true,true,ErrorContract.generated.ts/errorStatus,2,01_core_hexin/services/commerce/src/modules/benefit/04_adapters_shixian/BenefitPort.ts:75,[FACT] 定义合法；当前精确字面量消费者已记录
ERR-AU-007-0105,01_core_hexin/packages/contract/definitions/errors.yml:211,BENEFIT_REFUND_EXCEEDS_CONSUMPTION,409,true,true,ErrorContract.generated.ts/errorStatus,1,01_core_hexin/services/commerce/src/modules/benefit/04_adapters_shixian/BenefitPort.ts:81,[FACT] 定义合法；当前精确字面量消费者已记录
ERR-AU-007-0106,01_core_hexin/packages/contract/definitions/errors.yml:213,BENEFIT_RESERVED_BUDGET_INTEGRITY_FAILED,409,true,true,ErrorContract.generated.ts/errorStatus,1,01_core_hexin/services/commerce/src/modules/benefit/05_interface_jieru/job/BenefitJobs.ts:235,[FACT] 定义合法；当前精确字面量消费者已记录
ERR-AU-007-0107,01_core_hexin/packages/contract/definitions/errors.yml:215,BENEFIT_REVOKE_CONFLICT_OR_SEPARATION,409,true,true,ErrorContract.generated.ts/errorStatus,1,01_core_hexin/services/commerce/src/modules/benefit/03_application_yingyong/BenefitOperations.ts:217,[FACT] 定义合法；当前精确字面量消费者已记录
ERR-AU-007-0108,01_core_hexin/packages/contract/definitions/errors.yml:217,BENEFIT_TIMEZONE_INVALID,400,true,true,ErrorContract.generated.ts/errorStatus,1,01_core_hexin/services/commerce/src/modules/benefit/02_domain_yewu/policy/GrantPolicy.ts:27,[FACT] 定义合法；当前精确字面量消费者已记录
ERR-AU-007-0109,01_core_hexin/packages/contract/definitions/errors.yml:219,BENEFIT_VALIDITY_INVALID,400,true,true,ErrorContract.generated.ts/errorStatus,1,01_core_hexin/services/commerce/src/modules/benefit/02_domain_yewu/policy/GrantPolicy.ts:25,[FACT] 定义合法；当前精确字面量消费者已记录
ERR-AU-007-0110,01_core_hexin/packages/contract/definitions/errors.yml:221,BINDING_SCOPE_INVALID,400,true,true,ErrorContract.generated.ts/errorStatus,1,01_core_hexin/services/commerce/src/modules/channel/05_interface_jieru/http/ChannelRoutes.ts:107,[FACT] 定义合法；当前精确字面量消费者已记录
ERR-AU-007-0111,01_core_hexin/packages/contract/definitions/errors.yml:223,BOOK_MANIFEST_SIGNATURE_MISSING,400,true,true,ErrorContract.generated.ts/errorStatus,1,01_core_hexin/extensions/providers/book/manifest.ts:22,[FACT] 定义合法；当前精确字面量消费者已记录
ERR-AU-007-0112,01_core_hexin/packages/contract/definitions/errors.yml:225,BOOLEAN_REQUIRED,400,true,true,ErrorContract.generated.ts/errorStatus,1,01_core_hexin/services/commerce/src/modules/notification/03_application_yingyong/command/ChangePreference.ts:65,[FACT] 定义合法；当前精确字面量消费者已记录
ERR-AU-007-0113,01_core_hexin/packages/contract/definitions/errors.yml:227,BROAD_FUNCTION_GRANT_REMAINS,500,true,true,ErrorContract.generated.ts/errorStatus,0,,[FACT] 定义合法；零精确字面量不是删除证据
ERR-AU-007-0114,01_core_hexin/packages/contract/definitions/errors.yml:229,BROAD_TABLE_GRANT_REMAINS,500,true,true,ErrorContract.generated.ts/errorStatus,0,,[FACT] 定义合法；零精确字面量不是删除证据
ERR-AU-007-0115,01_core_hexin/packages/contract/definitions/errors.yml:231,BROWSER_ENVIRONMENT_UNAVAILABLE,500,true,true,ErrorContract.generated.ts/errorStatus,1,01_core_hexin/packages/config/src/Environment.ts:12,[FACT] 定义合法；当前精确字面量消费者已记录
ERR-AU-007-0116,01_core_hexin/packages/contract/definitions/errors.yml:233,BULKHEAD_REJECTED,429,true,true,ErrorContract.generated.ts/errorStatus,1,01_core_hexin/packages/kernel/src/Bulkhead.ts:14,[FACT] 定义合法；当前精确字面量消费者已记录
ERR-AU-007-0117,01_core_hexin/packages/contract/definitions/errors.yml:235,BUNDLE_ENTRY_MISSING,400,true,true,ErrorContract.generated.ts/errorStatus,0,,[FACT] 定义合法；零精确字面量不是删除证据
ERR-AU-007-0118,01_core_hexin/packages/contract/definitions/errors.yml:237,BUSINESS_MODULE_CATALOG_INVALID,500,true,true,ErrorContract.generated.ts/errorStatus,1,01_core_hexin/services/commerce/src/app/modules.ts:46,[FACT] 定义合法；当前精确字面量消费者已记录
ERR-AU-007-0119,01_core_hexin/packages/contract/definitions/errors.yml:239,BUSINESS_NUMBER_CONFLICT,409,true,true,ErrorContract.generated.ts/errorStatus,0,,[FACT] 定义合法；零精确字面量不是删除证据
ERR-AU-007-0120,01_core_hexin/packages/contract/definitions/errors.yml:241,CACHE_CATALOG_INVALID,500,true,true,ErrorContract.generated.ts/errorStatus,1,04_tools/scripts/build-runtime-config.mjs:25,[FACT] 定义合法；当前精确字面量消费者已记录
ERR-AU-007-0121,01_core_hexin/packages/contract/definitions/errors.yml:243,CACHE_ENTRY_INVALID,500,true,true,ErrorContract.generated.ts/errorStatus,0,,[FACT] 定义合法；零精确字面量不是删除证据
ERR-AU-007-0122,01_core_hexin/packages/contract/definitions/errors.yml:245,CACHE_KEY_FIELDS_INVALID,500,true,true,ErrorContract.generated.ts/errorStatus,0,,[FACT] 定义合法；零精确字面量不是删除证据
ERR-AU-007-0123,01_core_hexin/packages/contract/definitions/errors.yml:247,CACHE_KEY_INVALID,500,true,true,ErrorContract.generated.ts/errorStatus,0,,[FACT] 定义合法；零精确字面量不是删除证据
ERR-AU-007-0124,01_core_hexin/packages/contract/definitions/errors.yml:249,CACHE_KEY_VALUE_INVALID,500,true,true,ErrorContract.generated.ts/errorStatus,1,01_core_hexin/services/commerce/src/foundation/cache/VersionedKey.ts:15,[FACT] 定义合法；当前精确字面量消费者已记录
ERR-AU-007-0125,01_core_hexin/packages/contract/definitions/errors.yml:251,CACHE_POLICY_INVALID,500,true,true,ErrorContract.generated.ts/errorStatus,0,,[FACT] 定义合法；零精确字面量不是删除证据
ERR-AU-007-0126,01_core_hexin/packages/contract/definitions/errors.yml:253,CACHE_TTL_INVALID,500,true,true,ErrorContract.generated.ts/errorStatus,1,01_core_hexin/services/commerce/src/foundation/cache/RedisCache.ts:44,[FACT] 定义合法；当前精确字面量消费者已记录
ERR-AU-007-0127,01_core_hexin/packages/contract/definitions/errors.yml:255,CAKE_MANIFEST_SIGNATURE_MISSING,400,true,true,ErrorContract.generated.ts/errorStatus,1,01_core_hexin/extensions/providers/cake/manifest.ts:21,[FACT] 定义合法；当前精确字面量消费者已记录
ERR-AU-007-0128,01_core_hexin/packages/contract/definitions/errors.yml:257,CANDIDATE_CLIENT_MISSING,400,true,true,ErrorContract.generated.ts/errorStatus,0,,[FACT] 定义合法；零精确字面量不是删除证据
ERR-AU-007-0129,01_core_hexin/packages/contract/definitions/errors.yml:259,CANDIDATE_COMMIT_INVALID,400,true,true,ErrorContract.generated.ts/errorStatus,1,04_tools/scripts/release/candidate.mjs:15,[FACT] 定义合法；当前精确字面量消费者已记录
ERR-AU-007-0130,01_core_hexin/packages/contract/definitions/errors.yml:261,CANDIDATE_EVIDENCE_SOURCE_MISSING,400,true,true,ErrorContract.generated.ts/errorStatus,1,04_tools/scripts/release/candidate.mjs:17,[FACT] 定义合法；当前精确字面量消费者已记录
ERR-AU-007-0131,01_core_hexin/packages/contract/definitions/errors.yml:263,CANDIDATE_IMAGE_INVALID,400,true,true,ErrorContract.generated.ts/errorStatus,1,04_tools/scripts/release/candidate.mjs:16,[FACT] 定义合法；当前精确字面量消费者已记录
ERR-AU-007-0132,01_core_hexin/packages/contract/definitions/errors.yml:265,CANDIDATE_OUTPUT_MUST_NOT_EXIST,500,true,true,ErrorContract.generated.ts/errorStatus,1,04_tools/scripts/release/candidate.mjs:14,[FACT] 定义合法；当前精确字面量消费者已记录
ERR-AU-007-0133,01_core_hexin/packages/contract/definitions/errors.yml:267,CANDIDATE_SCHEMA_INVALID,400,true,true,ErrorContract.generated.ts/errorStatus,1,04_tools/scripts/release/stage.mjs:25,[FACT] 定义合法；当前精确字面量消费者已记录
ERR-AU-007-0134,01_core_hexin/packages/contract/definitions/errors.yml:269,CANNOT_GRANT_UNOWNED_SCOPE,403,true,true,ErrorContract.generated.ts/errorStatus,2,01_core_hexin/services/commerce/src/modules/access/03_application_yingyong/AccessOperations.ts:107,[FACT] 定义合法；当前精确字面量消费者已记录
ERR-AU-007-0135,01_core_hexin/packages/contract/definitions/errors.yml:271,CANONICAL_PLATFORM_ORG_UNIT_NOT_FOUND,404,true,true,ErrorContract.generated.ts/errorStatus,0,,[FACT] 定义合法；零精确字面量不是删除证据
ERR-AU-007-0136,01_core_hexin/packages/contract/definitions/errors.yml:273,CANONICAL_PLATFORM_OWNER_NOT_FOUND,404,true,true,ErrorContract.generated.ts/errorStatus,0,,[FACT] 定义合法；零精确字面量不是删除证据
ERR-AU-007-0137,01_core_hexin/packages/contract/definitions/errors.yml:275,CAPABILITY_DENIED,403,true,true,ErrorContract.generated.ts/errorStatus,1,01_core_hexin/services/commerce/src/foundation/security/AccessPipeline.ts:81,[FACT] 定义合法；当前精确字面量消费者已记录
ERR-AU-007-0138,01_core_hexin/packages/contract/definitions/errors.yml:277,CAPABILITY_OPERATION_DRIFT,500,true,true,ErrorContract.generated.ts/errorStatus,0,,[FACT] 定义合法；零精确字面量不是删除证据
ERR-AU-007-0139,01_core_hexin/packages/contract/definitions/errors.yml:279,CAPACITY_CATALOG_INVALID,400,true,true,ErrorContract.generated.ts/errorStatus,1,04_tools/scripts/build-runtime-config.mjs:35,[FACT] 定义合法；当前精确字面量消费者已记录
ERR-AU-007-0140,01_core_hexin/packages/contract/definitions/errors.yml:281,CARD_LIBRARY_ALLOCATION_CONFLICT,409,true,true,ErrorContract.generated.ts/errorStatus,1,01_core_hexin/services/commerce/src/modules/voucher/03_application_yingyong/VoucherOperations.ts:41,[FACT] 定义合法；当前精确字面量消费者已记录
ERR-AU-007-0141,01_core_hexin/packages/contract/definitions/errors.yml:283,CARD_LIBRARY_ALLOCATION_INSUFFICIENT,409,true,true,ErrorContract.generated.ts/errorStatus,1,01_core_hexin/services/commerce/src/modules/voucher/03_application_yingyong/VoucherOperations.ts:43,[FACT] 定义合法；当前精确字面量消费者已记录
ERR-AU-007-0142,01_core_hexin/packages/contract/definitions/errors.yml:285,CARD_LIBRARY_ALLOCATION_SCOPE_INVALID,400,true,true,ErrorContract.generated.ts/errorStatus,1,01_core_hexin/services/commerce/src/modules/voucher/03_application_yingyong/VoucherOperations.ts:35,[FACT] 定义合法；当前精确字面量消费者已记录
ERR-AU-007-0143,01_core_hexin/packages/contract/definitions/errors.yml:287,CART_BATCH_INVALID,400,true,true,ErrorContract.generated.ts/errorStatus,0,,[FACT] 定义合法；零精确字面量不是删除证据
ERR-AU-007-0144,01_core_hexin/packages/contract/definitions/errors.yml:289,CART_CONVERSION_CONFLICT,409,true,true,ErrorContract.generated.ts/errorStatus,1,01_core_hexin/services/commerce/src/modules/cart/05_interface_jieru/CartPort.ts:7,[FACT] 定义合法；当前精确字面量消费者已记录
ERR-AU-007-0145,01_core_hexin/packages/contract/definitions/errors.yml:291,CART_EMPTY,409,true,true,ErrorContract.generated.ts/errorStatus,3,01_core_hexin/services/commerce/src/modules/checkout_jiesuan/03_application_yingyong/queries_duqu/QuoteReader.ts:59,[FACT] 定义合法；当前精确字面量消费者已记录
ERR-AU-007-0146,01_core_hexin/packages/contract/definitions/errors.yml:293,CART_ITEM_INVALID,400,true,true,ErrorContract.generated.ts/errorStatus,0,,[FACT] 定义合法；零精确字面量不是删除证据
ERR-AU-007-0147,01_core_hexin/packages/contract/definitions/errors.yml:295,CATALOG_ATTRIBUTES_INVALID,400,true,true,ErrorContract.generated.ts/errorStatus,0,,[FACT] 定义合法；零精确字面量不是删除证据
ERR-AU-007-0148,01_core_hexin/packages/contract/definitions/errors.yml:297,CATALOG_CATEGORY_UNKNOWN,404,true,true,ErrorContract.generated.ts/errorStatus,0,,[FACT] 定义合法；零精确字面量不是删除证据
ERR-AU-007-0149,01_core_hexin/packages/contract/definitions/errors.yml:299,CATALOG_IMPORT_NOT_AUTHORIZED,500,true,true,ErrorContract.generated.ts/errorStatus,0,,[FACT] 定义合法；零精确字面量不是删除证据
ERR-AU-007-0150,01_core_hexin/packages/contract/definitions/errors.yml:301,CATALOG_IMPORT_PROGRESS_INVALID,400,true,true,ErrorContract.generated.ts/errorStatus,0,,[FACT] 定义合法；零精确字面量不是删除证据
ERR-AU-007-0151,01_core_hexin/packages/contract/definitions/errors.yml:303,CATALOG_IMPORT_STAGE_INCOMPLETE,409,true,true,ErrorContract.generated.ts/errorStatus,1,01_core_hexin/services/commerce/src/modules/catalog/04_adapters_shixian/persistence/PgCatalogImport.ts:81,[FACT] 定义合法；当前精确字面量消费者已记录
ERR-AU-007-0152,01_core_hexin/packages/contract/definitions/errors.yml:305,CATALOG_KEYSET_INDEX_MISSING,400,true,true,ErrorContract.generated.ts/errorStatus,0,,[FACT] 定义合法；零精确字面量不是删除证据
ERR-AU-007-0153,01_core_hexin/packages/contract/definitions/errors.yml:307,CATALOG_PRODUCT_TYPE_INVALID,400,true,true,ErrorContract.generated.ts/errorStatus,0,,[FACT] 定义合法；零精确字面量不是删除证据
ERR-AU-007-0154,01_core_hexin/packages/contract/definitions/errors.yml:309,CATALOG_RISK_COMMAND_INVALID,400,true,true,ErrorContract.generated.ts/errorStatus,1,01_core_hexin/services/commerce/src/modules/catalog/03_application_yingyong/command/ApplyRiskDecision.ts:5,[FACT] 定义合法；当前精确字面量消费者已记录
ERR-AU-007-0155,01_core_hexin/packages/contract/definitions/errors.yml:311,CHALLENGE_INVALID,400,true,true,ErrorContract.generated.ts/errorStatus,1,01_core_hexin/services/commerce/src/modules/identity/05_interface_jieru/http/IdentitySecurity.ts:54,[FACT] 定义合法；当前精确字面量消费者已记录
ERR-AU-007-0156,01_core_hexin/packages/contract/definitions/errors.yml:313,CHALLENGE_PRINCIPAL_MISSING,400,true,true,ErrorContract.generated.ts/errorStatus,1,01_core_hexin/services/commerce/src/modules/identity/05_interface_jieru/http/CredentialOperations.ts:215,[FACT] 定义合法；当前精确字面量消费者已记录
ERR-AU-007-0157,01_core_hexin/packages/contract/definitions/errors.yml:315,CHALLENGE_PURPOSE_INVALID,400,true,true,ErrorContract.generated.ts/errorStatus,2,01_core_hexin/services/commerce/src/modules/identity/05_interface_jieru/http/RegistrationOperations.ts:36,[FACT] 定义合法；当前精确字面量消费者已记录
ERR-AU-007-0158,01_core_hexin/packages/contract/definitions/errors.yml:317,CHALLENGE_RESPONSE_INVALID,400,true,true,ErrorContract.generated.ts/errorStatus,0,,[FACT] 定义合法；零精确字面量不是删除证据
ERR-AU-007-0159,01_core_hexin/packages/contract/definitions/errors.yml:319,CHANGE_REASON_REQUIRED,400,true,true,ErrorContract.generated.ts/errorStatus,3,01_core_hexin/services/commerce/src/modules/identity/05_interface_jieru/http/CredentialOperations.ts:25,[FACT] 定义合法；当前精确字面量消费者已记录
ERR-AU-007-0160,01_core_hexin/packages/contract/definitions/errors.yml:321,CHANNEL_CONNECTION_INVALID,400,true,true,ErrorContract.generated.ts/errorStatus,1,01_core_hexin/services/commerce/src/modules/channel/02_domain_yewu/model/Connection.ts:22,[FACT] 定义合法；当前精确字面量消费者已记录
ERR-AU-007-0161,01_core_hexin/packages/contract/definitions/errors.yml:323,CHANNEL_EXTERNAL_MAPPING_INVALID,400,true,true,ErrorContract.generated.ts/errorStatus,1,01_core_hexin/services/commerce/src/modules/channel/02_domain_yewu/model/ExternalMapping.ts:5,[FACT] 定义合法；当前精确字面量消费者已记录
ERR-AU-007-0162,01_core_hexin/packages/contract/definitions/errors.yml:325,CHANNEL_SYNC_JOB_KIND_MISMATCH,409,true,true,ErrorContract.generated.ts/errorStatus,1,01_core_hexin/services/commerce/src/modules/channel/05_interface_jieru/job/ChannelSyncJob.ts:42,[FACT] 定义合法；当前精确字面量消费者已记录
ERR-AU-007-0163,01_core_hexin/packages/contract/definitions/errors.yml:327,CHANNEL_SYNC_PROGRESS_INVALID,400,true,true,ErrorContract.generated.ts/errorStatus,1,01_core_hexin/services/commerce/src/modules/channel/02_domain_yewu/model/SyncRun.ts:17,[FACT] 定义合法；当前精确字面量消费者已记录
ERR-AU-007-0164,01_core_hexin/packages/contract/definitions/errors.yml:329,CHANNEL_SYNC_RUN_INVALID,400,true,true,ErrorContract.generated.ts/errorStatus,1,01_core_hexin/services/commerce/src/modules/channel/02_domain_yewu/model/SyncRun.ts:15,[FACT] 定义合法；当前精确字面量消费者已记录
ERR-AU-007-0165,01_core_hexin/packages/contract/definitions/errors.yml:331,CHANNEL_SYNC_RUN_NOT_RUNNABLE,409,true,true,ErrorContract.generated.ts/errorStatus,1,01_core_hexin/services/commerce/src/modules/channel/05_interface_jieru/job/ChannelSyncJob.ts:50,[FACT] 定义合法；当前精确字面量消费者已记录
ERR-AU-007-0166,01_core_hexin/packages/contract/definitions/errors.yml:333,CHANNEL_VIEW_UNKNOWN,404,true,true,ErrorContract.generated.ts/errorStatus,0,,[FACT] 定义合法；零精确字面量不是删除证据
ERR-AU-007-0167,01_core_hexin/packages/contract/definitions/errors.yml:335,CHANNEL_WEBHOOK_ACCEPT_FAILED,500,true,true,ErrorContract.generated.ts/errorStatus,1,01_core_hexin/services/commerce/src/modules/channel/03_application_yingyong/command/ApplyWebhook.ts:41,[FACT] 定义合法；当前精确字面量消费者已记录
ERR-AU-007-0168,01_core_hexin/packages/contract/definitions/errors.yml:337,CHANNEL_WEBHOOK_CONNECTION_UNAVAILABLE,503,true,true,ErrorContract.generated.ts/errorStatus,1,01_core_hexin/services/commerce/src/modules/channel/03_application_yingyong/command/ApplyWebhook.ts:17,[FACT] 定义合法；当前精确字面量消费者已记录
ERR-AU-007-0169,01_core_hexin/packages/contract/definitions/errors.yml:339,CHANNEL_WEBHOOK_INBOX_INVALID,400,true,true,ErrorContract.generated.ts/errorStatus,1,01_core_hexin/services/commerce/src/modules/channel/02_domain_yewu/model/WebhookInbox.ts:7,[FACT] 定义合法；当前精确字面量消费者已记录
ERR-AU-007-0170,01_core_hexin/packages/contract/definitions/errors.yml:341,CHANNEL_WEBHOOK_NOT_RUNNABLE,409,true,true,ErrorContract.generated.ts/errorStatus,1,01_core_hexin/services/commerce/src/modules/channel/05_interface_jieru/job/ChannelWebhookJob.ts:21,[FACT] 定义合法；当前精确字面量消费者已记录
ERR-AU-007-0171,01_core_hexin/packages/contract/definitions/errors.yml:343,CHANNEL_WEBHOOK_REFERENCE_INVALID,400,true,true,ErrorContract.generated.ts/errorStatus,1,01_core_hexin/services/commerce/src/modules/channel/03_application_yingyong/command/ApplyWebhook.ts:59,[FACT] 定义合法；当前精确字面量消费者已记录
ERR-AU-007-0172,01_core_hexin/packages/contract/definitions/errors.yml:345,CHECKOUT_ACTOR_NOT_AUTHORIZED,500,true,true,ErrorContract.generated.ts/errorStatus,0,,[FACT] 定义合法；零精确字面量不是删除证据
ERR-AU-007-0173,01_core_hexin/packages/contract/definitions/errors.yml:347,CHECKOUT_ADDRESS_INVALID,400,true,true,ErrorContract.generated.ts/errorStatus,3,01_core_hexin/services/commerce/src/modules/checkout_jiesuan/03_application_yingyong/queries_duqu/QuoteReader.ts:98,[FACT] 定义合法；当前精确字面量消费者已记录
ERR-AU-007-0174,01_core_hexin/packages/contract/definitions/errors.yml:349,CHECKOUT_AUTHORIZATION_EVIDENCE_INVALID,400,true,true,ErrorContract.generated.ts/errorStatus,0,,[FACT] 定义合法；零精确字面量不是删除证据
ERR-AU-007-0175,01_core_hexin/packages/contract/definitions/errors.yml:351,CHECKOUT_CART_CHANGED,500,true,true,ErrorContract.generated.ts/errorStatus,0,,[FACT] 定义合法；零精确字面量不是删除证据
ERR-AU-007-0176,01_core_hexin/packages/contract/definitions/errors.yml:353,CHECKOUT_CART_MISMATCH,409,true,true,ErrorContract.generated.ts/errorStatus,0,,[FACT] 定义合法；零精确字面量不是删除证据
ERR-AU-007-0177,01_core_hexin/packages/contract/definitions/errors.yml:355,CHECKOUT_CONFIRMATION_CONFLICT,409,true,true,ErrorContract.generated.ts/errorStatus,1,01_core_hexin/services/commerce/src/modules/checkout_jiesuan/04_adapters_shixian/persistence_cunchu/CheckoutSessionPort.ts:7,[FACT] 定义合法；当前精确字面量消费者已记录
ERR-AU-007-0178,01_core_hexin/packages/contract/definitions/errors.yml:357,CHECKOUT_CONTEXT_OPERATION_REQUIRED,501,true,true,ErrorContract.generated.ts/errorStatus,0,,[FACT] 定义合法；零精确字面量不是删除证据
ERR-AU-007-0179,01_core_hexin/packages/contract/definitions/errors.yml:359,CHECKOUT_DISCOUNT_ALLOCATION_FAILED,422,true,true,ErrorContract.generated.ts/errorStatus,2,01_core_hexin/services/commerce/src/modules/checkout_jiesuan/03_application_yingyong/queries_duqu/QuoteReader.ts:298,[FACT] 定义合法；当前精确字面量消费者已记录
ERR-AU-007-0180,01_core_hexin/packages/contract/definitions/errors.yml:361,CHECKOUT_DISCOUNT_INVALID,400,true,true,ErrorContract.generated.ts/errorStatus,1,01_core_hexin/services/commerce/src/modules/checkout_jiesuan/03_application_yingyong/queries_duqu/QuoteReader.ts:287,[FACT] 定义合法；当前精确字面量消费者已记录
ERR-AU-007-0181,01_core_hexin/packages/contract/definitions/errors.yml:363,CHECKOUT_EXPIRY_ORDER_CHANGED,500,true,true,ErrorContract.generated.ts/errorStatus,0,,[FACT] 定义合法；零精确字面量不是删除证据
ERR-AU-007-0182,01_core_hexin/packages/contract/definitions/errors.yml:365,CHECKOUT_EXPIRY_WORKER_INPUT_INVALID,400,true,true,ErrorContract.generated.ts/errorStatus,0,,[FACT] 定义合法；零精确字面量不是删除证据
ERR-AU-007-0183,01_core_hexin/packages/contract/definitions/errors.yml:367,CHECKOUT_INVOICE_INVALID,400,true,true,ErrorContract.generated.ts/errorStatus,3,01_core_hexin/services/commerce/src/modules/checkout_jiesuan/03_application_yingyong/queries_duqu/QuoteReader.ts:99,[FACT] 定义合法；当前精确字面量消费者已记录
ERR-AU-007-0184,01_core_hexin/packages/contract/definitions/errors.yml:369,CHECKOUT_QUOTE_REQUIRED,400,true,true,ErrorContract.generated.ts/errorStatus,0,,[FACT] 定义合法；零精确字面量不是删除证据
ERR-AU-007-0185,01_core_hexin/packages/contract/definitions/errors.yml:371,CHECKOUT_REJECTED,422,true,true,ErrorContract.generated.ts/errorStatus,2,01_core_hexin/services/commerce/src/modules/purchase/PurchasePolicy.ts:26,[FACT] 定义合法；当前精确字面量消费者已记录
ERR-AU-007-0186,01_core_hexin/packages/contract/definitions/errors.yml:373,CHECKOUT_SCOPE_MISMATCH,409,true,true,ErrorContract.generated.ts/errorStatus,0,,[FACT] 定义合法；零精确字面量不是删除证据
ERR-AU-007-0187,01_core_hexin/packages/contract/definitions/errors.yml:375,CHECKOUT_SELF_SCOPE_REQUIRED,400,true,true,ErrorContract.generated.ts/errorStatus,0,,[FACT] 定义合法；零精确字面量不是删除证据
ERR-AU-007-0188,01_core_hexin/packages/contract/definitions/errors.yml:377,CHECKOUT_VERSION_CONFLICT,409,true,true,ErrorContract.generated.ts/errorStatus,0,,[FACT] 定义合法；零精确字面量不是删除证据
ERR-AU-007-0189,01_core_hexin/packages/contract/definitions/errors.yml:379,CI_STAGE_MISSING,400,true,true,ErrorContract.generated.ts/errorStatus,0,,[FACT] 定义合法；零精确字面量不是删除证据
ERR-AU-007-0190,01_core_hexin/packages/contract/definitions/errors.yml:381,CIRCUIT_BREAKER_INVALID,400,false,true,ErrorContract.generated.ts/errorStatus,1,01_core_hexin/packages/kernel/src/CircuitBreaker.ts:11,[FACT] 定义合法；当前精确字面量消费者已记录
ERR-AU-007-0191,01_core_hexin/packages/contract/definitions/errors.yml:383,CIRCUIT_OPEN,503,true,true,ErrorContract.generated.ts/errorStatus,1,01_core_hexin/packages/kernel/src/CircuitBreaker.ts:35,[FACT] 定义合法；当前精确字面量消费者已记录
ERR-AU-007-0192,01_core_hexin/packages/contract/definitions/errors.yml:385,CITY_NOT_ELIGIBLE,500,true,true,ErrorContract.generated.ts/errorStatus,0,,[FACT] 定义合法；零精确字面量不是删除证据
ERR-AU-007-0193,01_core_hexin/packages/contract/definitions/errors.yml:387,CLIENT_API_BASE_URL_INVALID,500,true,true,ErrorContract.generated.ts/errorStatus,2,01_core_hexin/apps/console/vite.config.ts:115,[FACT] 定义合法；当前精确字面量消费者已记录
ERR-AU-007-0194,01_core_hexin/packages/contract/definitions/errors.yml:389,CLIENT_API_BASE_URL_MISSING,500,true,true,ErrorContract.generated.ts/errorStatus,0,,[FACT] 定义合法；零精确字面量不是删除证据
ERR-AU-007-0195,01_core_hexin/packages/contract/definitions/errors.yml:391,CLIENT_ARTIFACT_MISSING,400,true,true,ErrorContract.generated.ts/errorStatus,0,,[FACT] 定义合法；零精确字面量不是删除证据
ERR-AU-007-0196,01_core_hexin/packages/contract/definitions/errors.yml:393,CLIENT_AUTH_BASE_URL_INVALID,500,true,true,ErrorContract.generated.ts/errorStatus,2,01_core_hexin/apps/console/vite.config.ts:118,[FACT] 定义合法；当前精确字面量消费者已记录
ERR-AU-007-0197,01_core_hexin/packages/contract/definitions/errors.yml:395,CLIENT_DELIVERY_MISSING,400,true,true,ErrorContract.generated.ts/errorStatus,0,,[FACT] 定义合法；零精确字面量不是删除证据
ERR-AU-007-0198,01_core_hexin/packages/contract/definitions/errors.yml:397,CLIENT_ERROR_SURFACE_INVALID,400,true,true,ErrorContract.generated.ts/errorStatus,1,01_core_hexin/services/commerce/src/foundation/telemetry/ClientErrorOperations.ts:16,[FACT] 定义合法；当前精确字面量消费者已记录
ERR-AU-007-0199,01_core_hexin/packages/contract/definitions/errors.yml:399,CLIENT_VERSION_INVALID,500,true,true,ErrorContract.generated.ts/errorStatus,2,01_core_hexin/apps/console/vite.config.ts:120,[FACT] 定义合法；当前精确字面量消费者已记录
ERR-AU-007-0200,01_core_hexin/packages/contract/definitions/errors.yml:401,COMMAND_BUS_FROZEN,500,true,true,ErrorContract.generated.ts/errorStatus,1,01_core_hexin/services/commerce/src/foundation/application/CommandBus.ts:9,[FACT] 定义合法；当前精确字面量消费者已记录
ERR-AU-007-0201,01_core_hexin/packages/contract/definitions/errors.yml:403,COMMAND_HANDLER_DUPLICATE,500,true,true,ErrorContract.generated.ts/errorStatus,0,,[FACT] 定义合法；零精确字面量不是删除证据
ERR-AU-007-0202,01_core_hexin/packages/contract/definitions/errors.yml:405,COMMAND_HANDLER_MISSING,500,true,true,ErrorContract.generated.ts/errorStatus,0,,[FACT] 定义合法；零精确字面量不是删除证据
ERR-AU-007-0203,01_core_hexin/packages/contract/definitions/errors.yml:407,COMMERCIAL_RESOURCE_TENANT_MISMATCH,409,true,true,ErrorContract.generated.ts/errorStatus,0,,[FACT] 定义合法；零精确字面量不是删除证据
ERR-AU-007-0204,01_core_hexin/packages/contract/definitions/errors.yml:409,CONNECTION_TRANSITION_INVALID,409,true,true,ErrorContract.generated.ts/errorStatus,0,,[FACT] 定义合法；零精确字面量不是删除证据
ERR-AU-007-0205,01_core_hexin/packages/contract/definitions/errors.yml:411,CONSOLE_CONTEXT_MISSING,500,true,true,ErrorContract.generated.ts/errorStatus,1,01_core_hexin/apps/console/src/entity/session/ConsoleContext.tsx:12,[FACT] 定义合法；当前精确字面量消费者已记录
ERR-AU-007-0206,01_core_hexin/packages/contract/definitions/errors.yml:413,CONSOLE_SCOPE_MISSING,400,true,true,ErrorContract.generated.ts/errorStatus,0,,[FACT] 定义合法；零精确字面量不是删除证据
ERR-AU-007-0207,01_core_hexin/packages/contract/definitions/errors.yml:415,CONSOLE_SESSION_READ_FAILED,503,true,true,ErrorContract.generated.ts/errorStatus,1,01_core_hexin/apps/console/src/route/SessionLoader.ts:156,[FACT] 定义合法；当前精确字面量消费者已记录
ERR-AU-007-0208,01_core_hexin/packages/contract/definitions/errors.yml:417,CONTAINER_BINDING_DUPLICATE,500,true,true,ErrorContract.generated.ts/errorStatus,0,,[FACT] 定义合法；零精确字面量不是删除证据
ERR-AU-007-0209,01_core_hexin/packages/contract/definitions/errors.yml:419,CONTAINER_BINDING_MISSING,500,true,true,ErrorContract.generated.ts/errorStatus,0,,[FACT] 定义合法；零精确字面量不是删除证据
ERR-AU-007-0210,01_core_hexin/packages/contract/definitions/errors.yml:421,CONTAINER_FROZEN,500,true,true,ErrorContract.generated.ts/errorStatus,1,01_core_hexin/services/commerce/src/bootstrap/Container.ts:12,[FACT] 定义合法；当前精确字面量消费者已记录
ERR-AU-007-0211,01_core_hexin/packages/contract/definitions/errors.yml:423,CONTENT_TYPE_UNSUPPORTED,415,true,true,ErrorContract.generated.ts/errorStatus,1,01_core_hexin/services/commerce/src/foundation/interface/HttpApp.ts:145,[FACT] 定义合法；当前精确字面量消费者已记录
ERR-AU-007-0212,01_core_hexin/packages/contract/definitions/errors.yml:425,CONTRACT_DEFINITION_INVALID,500,true,true,ErrorContract.generated.ts/errorStatus,0,,[FACT] 定义合法；零精确字面量不是删除证据
ERR-AU-007-0213,01_core_hexin/packages/contract/definitions/errors.yml:427,CONTRACT_REQUEST_INVALID,400,true,true,ErrorContract.generated.ts/errorStatus,0,,[FACT] 定义合法；零精确字面量不是删除证据
ERR-AU-007-0214,01_core_hexin/packages/contract/definitions/errors.yml:429,CONTRACT_RESPONSE_INVALID,502,true,true,ErrorContract.generated.ts/errorStatus,0,,[FACT] 定义合法；零精确字面量不是删除证据
ERR-AU-007-0215,01_core_hexin/packages/contract/definitions/errors.yml:431,CONTRACT_VERSION_UNSUPPORTED,426,true,true,ErrorContract.generated.ts/errorStatus,0,,[FACT] 定义合法；零精确字面量不是删除证据
ERR-AU-007-0216,01_core_hexin/packages/contract/definitions/errors.yml:433,CREDENTIAL_INVALID,401,true,true,ErrorContract.generated.ts/errorStatus,7,01_core_hexin/services/commerce/src/modules/identity/05_interface_jieru/http/CredentialOperations.ts:158,[FACT] 定义合法；当前精确字面量消费者已记录
ERR-AU-007-0217,01_core_hexin/packages/contract/definitions/errors.yml:435,CREDENTIAL_NOT_FOUND,404,true,true,ErrorContract.generated.ts/errorStatus,1,01_core_hexin/services/commerce/src/modules/identity/05_interface_jieru/http/MobileWechatOperations.ts:100,[FACT] 定义合法；当前精确字面量消费者已记录
ERR-AU-007-0218,01_core_hexin/packages/contract/definitions/errors.yml:437,CREDENTIAL_SHORTAGE,409,true,true,ErrorContract.generated.ts/errorStatus,0,,[FACT] 定义合法；零精确字面量不是删除证据
ERR-AU-007-0219,01_core_hexin/packages/contract/definitions/errors.yml:439,CSRF_TOKEN_INVALID,403,true,true,ErrorContract.generated.ts/errorStatus,1,01_core_hexin/services/commerce/src/foundation/interface/HttpApp.ts:183,[FACT] 定义合法；当前精确字面量消费者已记录
ERR-AU-007-0220,01_core_hexin/packages/contract/definitions/errors.yml:441,CSV_COLUMN_COUNT_INVALID,400,true,true,ErrorContract.generated.ts/errorStatus,1,01_core_hexin/services/commerce/src/foundation/infrastructure/Csv.ts:24,[FACT] 定义合法；当前精确字面量消费者已记录
ERR-AU-007-0221,01_core_hexin/packages/contract/definitions/errors.yml:443,CSV_HEADER_INVALID,400,true,true,ErrorContract.generated.ts/errorStatus,1,01_core_hexin/services/commerce/src/foundation/infrastructure/Csv.ts:22,[FACT] 定义合法；当前精确字面量消费者已记录
ERR-AU-007-0222,01_core_hexin/packages/contract/definitions/errors.yml:445,CSV_QUOTE_UNTERMINATED,400,true,true,ErrorContract.generated.ts/errorStatus,1,01_core_hexin/services/commerce/src/foundation/infrastructure/Csv.ts:19,[FACT] 定义合法；当前精确字面量消费者已记录
ERR-AU-007-0223,01_core_hexin/packages/contract/definitions/errors.yml:447,CSV_ROW_LIMIT_EXCEEDED,413,true,true,ErrorContract.generated.ts/errorStatus,1,01_core_hexin/services/commerce/src/foundation/infrastructure/Csv.ts:17,[FACT] 定义合法；当前精确字面量消费者已记录
ERR-AU-007-0224,01_core_hexin/packages/contract/definitions/errors.yml:449,CURRENCY_UNSUPPORTED,400,true,true,ErrorContract.generated.ts/errorStatus,1,01_core_hexin/packages/kernel/src/Currency.ts:8,[FACT] 定义合法；当前精确字面量消费者已记录
ERR-AU-007-0225,01_core_hexin/packages/contract/definitions/errors.yml:451,CURSOR_INVALID,400,true,true,ErrorContract.generated.ts/errorStatus,2,01_core_hexin/packages/kernel/src/Cursor.ts:9,[FACT] 定义合法；当前精确字面量消费者已记录
ERR-AU-007-0226,01_core_hexin/packages/contract/definitions/errors.yml:453,CURSOR_NOT_CANONICAL,400,true,true,ErrorContract.generated.ts/errorStatus,1,01_core_hexin/services/commerce/src/foundation/interface/CursorCodec.ts:21,[FACT] 定义合法；当前精确字面量消费者已记录
ERR-AU-007-0227,01_core_hexin/packages/contract/definitions/errors.yml:455,CURSOR_POSITION_INVALID,400,true,true,ErrorContract.generated.ts/errorStatus,1,01_core_hexin/services/commerce/src/foundation/interface/CursorCodec.ts:31,[FACT] 定义合法；当前精确字面量消费者已记录
ERR-AU-007-0228,01_core_hexin/packages/contract/definitions/errors.yml:457,CURSOR_RESULT_POSITION_INVALID,400,true,true,ErrorContract.generated.ts/errorStatus,2,01_core_hexin/services/commerce/src/foundation/interface/Validation.ts:86,[FACT] 定义合法；当前精确字面量消费者已记录
ERR-AU-007-0229,01_core_hexin/packages/contract/definitions/errors.yml:459,CURSOR_VERSION_UNSUPPORTED,400,true,true,ErrorContract.generated.ts/errorStatus,1,01_core_hexin/services/commerce/src/foundation/interface/CursorCodec.ts:18,[FACT] 定义合法；当前精确字面量消费者已记录
ERR-AU-007-0230,01_core_hexin/packages/contract/definitions/errors.yml:461,CUSTOM_ROLE_INPUT_INVALID,400,true,true,ErrorContract.generated.ts/errorStatus,0,,[FACT] 定义合法；零精确字面量不是删除证据
ERR-AU-007-0231,01_core_hexin/packages/contract/definitions/errors.yml:463,CUSTOM_ROLE_STATUS_INVALID,400,true,true,ErrorContract.generated.ts/errorStatus,0,,[FACT] 定义合法；零精确字面量不是删除证据
ERR-AU-007-0232,01_core_hexin/packages/contract/definitions/errors.yml:465,CUSTOMER_NOT_FOUND,404,false,true,ErrorContract.generated.ts/errorStatus,0,,[FACT] 定义合法；零精确字面量不是删除证据
ERR-AU-007-0233,01_core_hexin/packages/contract/definitions/errors.yml:467,CUTOVER_CHECK_INVALID,400,true,true,ErrorContract.generated.ts/errorStatus,0,,[FACT] 定义合法；零精确字面量不是删除证据
ERR-AU-007-0234,01_core_hexin/packages/contract/definitions/errors.yml:469,CUTOVER_EVIDENCE_AND_RELEASE_REQUIRED,400,true,true,ErrorContract.generated.ts/errorStatus,1,04_tools/scripts/release/cutover.mjs:28,[FACT] 定义合法；当前精确字面量消费者已记录
ERR-AU-007-0235,01_core_hexin/packages/contract/definitions/errors.yml:471,CUTOVER_EVIDENCE_STALE,409,true,true,ErrorContract.generated.ts/errorStatus,1,04_tools/scripts/release/cutover.mjs:14,[FACT] 定义合法；当前精确字面量消费者已记录
ERR-AU-007-0236,01_core_hexin/packages/contract/definitions/errors.yml:473,CUTOVER_INVARIANT_INVALID,400,true,true,ErrorContract.generated.ts/errorStatus,1,04_tools/scripts/release/cutover.mjs:22,[FACT] 定义合法；当前精确字面量消费者已记录
ERR-AU-007-0237,01_core_hexin/packages/contract/definitions/errors.yml:475,CUTOVER_MANIFEST_MISMATCH,409,true,true,ErrorContract.generated.ts/errorStatus,1,04_tools/scripts/release/cutover.mjs:12,[FACT] 定义合法；当前精确字面量消费者已记录
ERR-AU-007-0238,01_core_hexin/packages/contract/definitions/errors.yml:477,CUTOVER_RELEASE_MISMATCH,409,true,true,ErrorContract.generated.ts/errorStatus,1,04_tools/scripts/release/cutover.mjs:11,[FACT] 定义合法；当前精确字面量消费者已记录
ERR-AU-007-0239,01_core_hexin/packages/contract/definitions/errors.yml:479,CUTOVER_SCHEMA_INVALID,400,true,true,ErrorContract.generated.ts/errorStatus,1,04_tools/scripts/release/cutover.mjs:10,[FACT] 定义合法；当前精确字面量消费者已记录
ERR-AU-007-0240,01_core_hexin/packages/contract/definitions/errors.yml:481,CUTOVER_TRAFFIC_INVALID,400,true,true,ErrorContract.generated.ts/errorStatus,1,04_tools/scripts/release/cutover.mjs:15,[FACT] 定义合法；当前精确字面量消费者已记录
ERR-AU-007-0241,01_core_hexin/packages/contract/definitions/errors.yml:483,DATABASE_CONNECTION_INVALID,500,true,true,ErrorContract.generated.ts/errorStatus,1,01_core_hexin/services/commerce/src/foundation/persistence/Pool.ts:18,[FACT] 定义合法；当前精确字面量消费者已记录
ERR-AU-007-0242,01_core_hexin/packages/contract/definitions/errors.yml:485,DATABASE_MUST_NOT_BE_REACHED,500,true,true,ErrorContract.generated.ts/errorStatus,0,,[FACT] 定义合法；零精确字面量不是删除证据
ERR-AU-007-0243,01_core_hexin/packages/contract/definitions/errors.yml:487,DATABASE_OBJECT_CONTRACT_MISSING,500,true,true,ErrorContract.generated.ts/errorStatus,1,04_tools/scripts/audit/database-contracts.mjs:371,[FACT] 定义合法；当前精确字面量消费者已记录
ERR-AU-007-0244,01_core_hexin/packages/contract/definitions/errors.yml:489,DATABASE_OBJECT_RLS_DRIFT,500,true,true,ErrorContract.generated.ts/errorStatus,0,,[FACT] 定义合法；零精确字面量不是删除证据
ERR-AU-007-0245,01_core_hexin/packages/contract/definitions/errors.yml:491,DATABASE_ROLE_INVALID,500,true,true,ErrorContract.generated.ts/errorStatus,0,,[FACT] 定义合法；零精确字面量不是删除证据
ERR-AU-007-0246,01_core_hexin/packages/contract/definitions/errors.yml:493,DATABASE_WORKLOAD_UNAVAILABLE,500,true,true,ErrorContract.generated.ts/errorStatus,0,,[FACT] 定义合法；零精确字面量不是删除证据
ERR-AU-007-0247,01_core_hexin/packages/contract/definitions/errors.yml:495,DATE_REQUIRED,400,true,true,ErrorContract.generated.ts/errorStatus,1,01_core_hexin/services/commerce/src/modules/notification/03_application_yingyong/command/SaveAnnouncement.ts:24,[FACT] 定义合法；当前精确字面量消费者已记录
ERR-AU-007-0248,01_core_hexin/packages/contract/definitions/errors.yml:497,DEADLETTER_ATTEMPTS_INVALID,400,true,true,ErrorContract.generated.ts/errorStatus,1,01_core_hexin/services/commerce/src/foundation/infrastructure/DeadletterStore.ts:15,[FACT] 定义合法；当前精确字面量消费者已记录
ERR-AU-007-0249,01_core_hexin/packages/contract/definitions/errors.yml:499,DEADLINE_DURATION_INVALID,400,true,true,ErrorContract.generated.ts/errorStatus,2,01_core_hexin/packages/kernel/src/deadline/index.ts:31,[FACT] 定义合法；当前精确字面量消费者已记录
ERR-AU-007-0250,01_core_hexin/packages/contract/definitions/errors.yml:501,DEADLINE_EXCEEDED,504,true,true,ErrorContract.generated.ts/errorStatus,7,01_core_hexin/packages/kernel/src/RateLimiter.ts:33,[FACT] 定义合法；当前精确字面量消费者已记录
ERR-AU-007-0251,01_core_hexin/packages/contract/definitions/errors.yml:503,DEADLINE_INVALID,400,true,true,ErrorContract.generated.ts/errorStatus,1,01_core_hexin/packages/kernel/src/deadline/index.ts:13,[FACT] 定义合法；当前精确字面量消费者已记录
ERR-AU-007-0252,01_core_hexin/packages/contract/definitions/errors.yml:505,DEEPLINK_INVALID,400,true,true,ErrorContract.generated.ts/errorStatus,6,01_core_hexin/apps/miniapp/miniprogram/domain/deeplink.js:6,[FACT] 定义合法；当前精确字面量消费者已记录
ERR-AU-007-0253,01_core_hexin/packages/contract/definitions/errors.yml:507,DELIVERY_CHANNEL_DUPLICATE,409,true,true,ErrorContract.generated.ts/errorStatus,1,01_core_hexin/services/commerce/src/modules/notification/03_application_yingyong/DeliveryRegistry.ts:9,[FACT] 定义合法；当前精确字面量消费者已记录
ERR-AU-007-0254,01_core_hexin/packages/contract/definitions/errors.yml:509,DELIVERY_CHANNEL_UNAVAILABLE,503,true,true,ErrorContract.generated.ts/errorStatus,0,,[FACT] 定义合法；零精确字面量不是删除证据
ERR-AU-007-0255,01_core_hexin/packages/contract/definitions/errors.yml:511,DELIVERY_CONFIGURATION_INVALID,500,true,true,ErrorContract.generated.ts/errorStatus,3,01_core_hexin/services/commerce/src/modules/notification/04_adapters_shixian/adapter/DeliveryConfiguration.ts:15,[FACT] 定义合法；当前精确字面量消费者已记录
ERR-AU-007-0256,01_core_hexin/packages/contract/definitions/errors.yml:513,DEPARTMENT_HIERARCHY_CYCLE,500,true,true,ErrorContract.generated.ts/errorStatus,0,,[FACT] 定义合法；零精确字面量不是删除证据
ERR-AU-007-0257,01_core_hexin/packages/contract/definitions/errors.yml:515,DEPARTMENT_NOT_FOUND,404,true,true,ErrorContract.generated.ts/errorStatus,0,,[FACT] 定义合法；零精确字面量不是删除证据
ERR-AU-007-0258,01_core_hexin/packages/contract/definitions/errors.yml:517,DEPENDENCY_TIMEOUT,504,true,true,ErrorContract.generated.ts/errorStatus,0,,[FACT] 定义合法；零精确字面量不是删除证据
ERR-AU-007-0259,01_core_hexin/packages/contract/definitions/errors.yml:519,DEPLOYMENT_CONTRACT_MISSING,400,true,true,ErrorContract.generated.ts/errorStatus,0,,[FACT] 定义合法；零精确字面量不是删除证据
ERR-AU-007-0260,01_core_hexin/packages/contract/definitions/errors.yml:521,DEVICE_ADAPTER_DUPLICATE,409,true,true,ErrorContract.generated.ts/errorStatus,0,,[FACT] 定义合法；零精确字面量不是删除证据
ERR-AU-007-0261,01_core_hexin/packages/contract/definitions/errors.yml:523,DEVICE_ADAPTER_INVALID,400,true,true,ErrorContract.generated.ts/errorStatus,0,,[FACT] 定义合法；零精确字面量不是删除证据
ERR-AU-007-0262,01_core_hexin/packages/contract/definitions/errors.yml:525,DEVICE_ADAPTER_UNAVAILABLE,503,true,true,ErrorContract.generated.ts/errorStatus,0,,[FACT] 定义合法；零精确字面量不是删除证据
ERR-AU-007-0263,01_core_hexin/packages/contract/definitions/errors.yml:527,DIRECTCHARGE_MANIFEST_SIGNATURE_MISSING,400,true,true,ErrorContract.generated.ts/errorStatus,1,01_core_hexin/extensions/providers/directcharge/manifest.ts:22,[FACT] 定义合法；当前精确字面量消费者已记录
ERR-AU-007-0264,01_core_hexin/packages/contract/definitions/errors.yml:529,DISTRIBUTOR_CODE_CONFLICT,409,true,true,ErrorContract.generated.ts/errorStatus,0,,[FACT] 定义合法；零精确字面量不是删除证据
ERR-AU-007-0265,01_core_hexin/packages/contract/definitions/errors.yml:531,DISTRIBUTOR_CONTACT_SECURE_STAGE_INCOMPLETE,500,true,true,ErrorContract.generated.ts/errorStatus,0,,[FACT] 定义合法；零精确字面量不是删除证据
ERR-AU-007-0266,01_core_hexin/packages/contract/definitions/errors.yml:533,DISTRIBUTOR_HAS_ACTIVE_BINDINGS_OR_NOT_FOUND,404,true,true,ErrorContract.generated.ts/errorStatus,1,01_core_hexin/services/commerce/src/modules/channel/05_interface_jieru/http/ChannelRoutes.ts:95,[FACT] 定义合法；当前精确字面量消费者已记录
ERR-AU-007-0267,01_core_hexin/packages/contract/definitions/errors.yml:535,DISTRIBUTOR_HIERARCHY_REBUILD_FAILED,500,true,true,ErrorContract.generated.ts/errorStatus,0,,[FACT] 定义合法；零精确字面量不是删除证据
ERR-AU-007-0268,01_core_hexin/packages/contract/definitions/errors.yml:537,DISTRIBUTOR_INPUT_INVALID,400,true,true,ErrorContract.generated.ts/errorStatus,0,,[FACT] 定义合法；零精确字面量不是删除证据
ERR-AU-007-0269,01_core_hexin/packages/contract/definitions/errors.yml:539,DISTRIBUTOR_NOT_FOUND,404,true,true,ErrorContract.generated.ts/errorStatus,0,,[FACT] 定义合法；零精确字面量不是删除证据
ERR-AU-007-0270,01_core_hexin/packages/contract/definitions/errors.yml:541,DISTRIBUTOR_PARENT_INVALID,400,true,true,ErrorContract.generated.ts/errorStatus,1,01_core_hexin/services/commerce/src/modules/organization/05_interface_jieru/OrganizationPort.ts:14,[FACT] 定义合法；当前精确字面量消费者已记录
ERR-AU-007-0271,01_core_hexin/packages/contract/definitions/errors.yml:543,DISTRIBUTOR_PLATFORM_SCOPE_REQUIRED,400,true,true,ErrorContract.generated.ts/errorStatus,0,,[FACT] 定义合法；零精确字面量不是删除证据
ERR-AU-007-0272,01_core_hexin/packages/contract/definitions/errors.yml:545,DISTRIBUTOR_SCOPE_FORBIDDEN,403,true,true,ErrorContract.generated.ts/errorStatus,0,,[FACT] 定义合法；零精确字面量不是删除证据
ERR-AU-007-0273,01_core_hexin/packages/contract/definitions/errors.yml:547,DISTRIBUTOR_TENANT_ATTACHMENT_INVALID,400,true,true,ErrorContract.generated.ts/errorStatus,0,,[FACT] 定义合法；零精确字面量不是删除证据
ERR-AU-007-0274,01_core_hexin/packages/contract/definitions/errors.yml:549,DISTRIBUTOR_TENANT_NOT_FOUND,404,true,true,ErrorContract.generated.ts/errorStatus,0,,[FACT] 定义合法；零精确字面量不是删除证据
ERR-AU-007-0275,01_core_hexin/packages/contract/definitions/errors.yml:551,DISTRIBUTOR_TENANT_ORG_UNIT_NOT_FOUND,404,true,true,ErrorContract.generated.ts/errorStatus,0,,[FACT] 定义合法；零精确字面量不是删除证据
ERR-AU-007-0276,01_core_hexin/packages/contract/definitions/errors.yml:553,DOMAIN_EVENT_INVALID,400,true,true,ErrorContract.generated.ts/errorStatus,1,01_core_hexin/packages/kernel/src/DomainEvent.ts:15,[FACT] 定义合法；当前精确字面量消费者已记录
ERR-AU-007-0277,01_core_hexin/packages/contract/definitions/errors.yml:555,DOMAIN_RECONCILIATION_DIFFERENCE,500,true,true,ErrorContract.generated.ts/errorStatus,0,,[FACT] 定义合法；零精确字面量不是删除证据
ERR-AU-007-0278,01_core_hexin/packages/contract/definitions/errors.yml:557,DOMAIN_RECONCILIATION_HASH_DIFFERENCE,500,true,true,ErrorContract.generated.ts/errorStatus,0,,[FACT] 定义合法；零精确字面量不是删除证据
ERR-AU-007-0279,01_core_hexin/packages/contract/definitions/errors.yml:559,DUPLICATE_CHECKOUT_CONFIRM_REMAINS,500,true,true,ErrorContract.generated.ts/errorStatus,0,,[FACT] 定义合法；零精确字面量不是删除证据
ERR-AU-007-0280,01_core_hexin/packages/contract/definitions/errors.yml:561,DUPLICATE_ORDER_SKU,500,true,true,ErrorContract.generated.ts/errorStatus,0,,[FACT] 定义合法；零精确字面量不是删除证据
ERR-AU-007-0281,01_core_hexin/packages/contract/definitions/errors.yml:563,DUPLICATE_SOURCE_SKU_IN_BATCH,500,true,true,ErrorContract.generated.ts/errorStatus,0,,[FACT] 定义合法；零精确字面量不是删除证据
ERR-AU-007-0282,01_core_hexin/packages/contract/definitions/errors.yml:565,EMAIL_CONFIGURATION_INVALID,500,true,true,ErrorContract.generated.ts/errorStatus,1,01_core_hexin/services/commerce/src/modules/notification/04_adapters_shixian/adapter/EmailChannel.ts:13,[FACT] 定义合法；当前精确字面量消费者已记录
ERR-AU-007-0283,01_core_hexin/packages/contract/definitions/errors.yml:567,EMAIL_DELIVERY_REQUEST_INVALID,400,true,true,ErrorContract.generated.ts/errorStatus,1,01_core_hexin/services/commerce/src/modules/notification/04_adapters_shixian/adapter/EmailChannel.ts:19,[FACT] 定义合法；当前精确字面量消费者已记录
ERR-AU-007-0284,01_core_hexin/packages/contract/definitions/errors.yml:569,EMAIL_INVALID,400,true,true,ErrorContract.generated.ts/errorStatus,1,01_core_hexin/packages/kernel/src/Email.ts:10,[FACT] 定义合法；当前精确字面量消费者已记录
ERR-AU-007-0285,01_core_hexin/packages/contract/definitions/errors.yml:571,EMAIL_PROVIDER_RESPONSE_INVALID,400,true,true,ErrorContract.generated.ts/errorStatus,1,01_core_hexin/services/commerce/src/modules/notification/04_adapters_shixian/adapter/EmailChannel.ts:27,[FACT] 定义合法；当前精确字面量消费者已记录
ERR-AU-007-0286,01_core_hexin/packages/contract/definitions/errors.yml:573,EMAIL_PROVIDER_UNAVAILABLE,503,true,true,ErrorContract.generated.ts/errorStatus,1,01_core_hexin/services/commerce/src/modules/notification/04_adapters_shixian/adapter/EmailChannel.ts:25,[FACT] 定义合法；当前精确字面量消费者已记录
ERR-AU-007-0287,01_core_hexin/packages/contract/definitions/errors.yml:575,EMPLOYEE_QUALIFICATION_INVALID,400,true,true,ErrorContract.generated.ts/errorStatus,0,,[FACT] 定义合法；零精确字面量不是删除证据
ERR-AU-007-0288,01_core_hexin/packages/contract/definitions/errors.yml:577,EMPLOYEE_QUALIFICATION_TAG_SOURCE_CONFLICT,409,true,true,ErrorContract.generated.ts/errorStatus,0,,[FACT] 定义合法；零精确字面量不是删除证据
ERR-AU-007-0289,01_core_hexin/packages/contract/definitions/errors.yml:579,EMPLOYEE_QUALIFICATION_USER_NOT_FOUND,404,true,true,ErrorContract.generated.ts/errorStatus,0,,[FACT] 定义合法；零精确字面量不是删除证据
ERR-AU-007-0290,01_core_hexin/packages/contract/definitions/errors.yml:581,EMPLOYEE_ROLE_NOT_FOUND,404,true,true,ErrorContract.generated.ts/errorStatus,2,01_core_hexin/services/commerce/src/modules/identity/05_interface_jieru/http/MembershipInvitationOperations.ts:129,[FACT] 定义合法；当前精确字面量消费者已记录
ERR-AU-007-0291,01_core_hexin/packages/contract/definitions/errors.yml:583,ENABLED_CONNECTION_REQUIRED,400,true,true,ErrorContract.generated.ts/errorStatus,1,01_core_hexin/services/commerce/src/modules/channel/03_application_yingyong/command/RunSync.ts:22,[FACT] 定义合法；当前精确字面量消费者已记录
ERR-AU-007-0292,01_core_hexin/packages/contract/definitions/errors.yml:585,ENFORCED_WRITE_PATH_BYPASSED,500,true,true,ErrorContract.generated.ts/errorStatus,0,,[FACT] 定义合法；零精确字面量不是删除证据
ERR-AU-007-0293,01_core_hexin/packages/contract/definitions/errors.yml:587,ENTITY_ID_INVALID,400,true,true,ErrorContract.generated.ts/errorStatus,1,01_core_hexin/packages/kernel/src/Entity.ts:3,[FACT] 定义合法；当前精确字面量消费者已记录
ERR-AU-007-0294,01_core_hexin/packages/contract/definitions/errors.yml:589,ERROR_CATALOG_INVALID,500,true,true,ErrorContract.generated.ts/errorStatus,2,04_tools/scripts/check/errors.mjs:10,[FACT] 定义合法；当前精确字面量消费者已记录
ERR-AU-007-0295,01_core_hexin/packages/contract/definitions/errors.yml:591,ERROR_CATALOG_NOT_SORTED,500,true,true,ErrorContract.generated.ts/errorStatus,0,,[FACT] 定义合法；零精确字面量不是删除证据
ERR-AU-007-0296,01_core_hexin/packages/contract/definitions/errors.yml:593,ERROR_CODE_DUPLICATE,500,true,true,ErrorContract.generated.ts/errorStatus,0,,[FACT] 定义合法；零精确字面量不是删除证据
ERR-AU-007-0297,01_core_hexin/packages/contract/definitions/errors.yml:595,ERROR_CODE_INVALID,500,true,true,ErrorContract.generated.ts/errorStatus,0,,[FACT] 定义合法；零精确字面量不是删除证据
ERR-AU-007-0298,01_core_hexin/packages/contract/definitions/errors.yml:597,ERROR_STATUS_INVALID,500,true,true,ErrorContract.generated.ts/errorStatus,0,,[FACT] 定义合法；零精确字面量不是删除证据
ERR-AU-007-0299,01_core_hexin/packages/contract/definitions/errors.yml:599,ETHAN_ACTIVE_ADMIN_MEMBERSHIP_ALREADY_EXISTS,500,true,true,ErrorContract.generated.ts/errorStatus,0,,[FACT] 定义合法；零精确字面量不是删除证据
ERR-AU-007-0300,01_core_hexin/packages/contract/definitions/errors.yml:601,ETHAN_ACTIVE_LOCAL_IDENTITY_NOT_FOUND,404,true,true,ErrorContract.generated.ts/errorStatus,0,,[FACT] 定义合法；零精确字面量不是删除证据
ERR-AU-007-0301,01_core_hexin/packages/contract/definitions/errors.yml:603,ETHAN_ADMIN_MALL_CONTEXT_NOT_FOUND,404,true,true,ErrorContract.generated.ts/errorStatus,0,,[FACT] 定义合法；零精确字面量不是删除证据
ERR-AU-007-0302,01_core_hexin/packages/contract/definitions/errors.yml:605,EVENT_DEFINITION_INVALID,500,true,true,ErrorContract.generated.ts/errorStatus,0,,[FACT] 定义合法；零精确字面量不是删除证据
ERR-AU-007-0303,01_core_hexin/packages/contract/definitions/errors.yml:607,EVENT_HANDLER_CATALOG_MISSING,500,true,true,ErrorContract.generated.ts/errorStatus,0,,[FACT] 定义合法；零精确字面量不是删除证据
ERR-AU-007-0304,01_core_hexin/packages/contract/definitions/errors.yml:609,EVENT_REGISTRY_COUNT_MISMATCH,409,true,true,ErrorContract.generated.ts/errorStatus,0,,[FACT] 定义合法；零精确字面量不是删除证据
ERR-AU-007-0305,01_core_hexin/packages/contract/definitions/errors.yml:611,EVENT_SCHEMA_CATALOG_DUPLICATE,500,true,true,ErrorContract.generated.ts/errorStatus,1,01_core_hexin/services/commerce/src/app/modules.ts:47,[FACT] 定义合法；当前精确字面量消费者已记录
ERR-AU-007-0306,01_core_hexin/packages/contract/definitions/errors.yml:613,EVENT_SCHEMA_UNKNOWN,500,true,true,ErrorContract.generated.ts/errorStatus,2,01_core_hexin/services/commerce/src/app/events.ts:148,[FACT] 定义合法；当前精确字面量消费者已记录
ERR-AU-007-0307,01_core_hexin/packages/contract/definitions/errors.yml:615,EVENT_TYPE_INVALID,400,true,true,ErrorContract.generated.ts/errorStatus,1,01_core_hexin/packages/contract/src/EventContract.ts:9,[FACT] 定义合法；当前精确字面量消费者已记录
ERR-AU-007-0308,01_core_hexin/packages/contract/definitions/errors.yml:617,EVENT_VERSION_INVALID,400,true,true,ErrorContract.generated.ts/errorStatus,1,01_core_hexin/packages/contract/src/EventContract.ts:10,[FACT] 定义合法；当前精确字面量消费者已记录
ERR-AU-007-0309,01_core_hexin/packages/contract/definitions/errors.yml:619,EVENT_VERSION_UNSUPPORTED,400,true,true,ErrorContract.generated.ts/errorStatus,0,,[FACT] 定义合法；零精确字面量不是删除证据
ERR-AU-007-0310,01_core_hexin/packages/contract/definitions/errors.yml:621,EXECUTION_CHECKPOINT_LOST,409,true,true,ErrorContract.generated.ts/errorStatus,1,01_core_hexin/services/commerce/src/foundation/application/ExecutionKernel.ts:120,[FACT] 定义合法；当前精确字面量消费者已记录
ERR-AU-007-0311,01_core_hexin/packages/contract/definitions/errors.yml:623,EXECUTION_KERNEL_NOT_REQUIRED,500,true,true,ErrorContract.generated.ts/errorStatus,0,,[FACT] 定义合法；零精确字面量不是删除证据
ERR-AU-007-0312,01_core_hexin/packages/contract/definitions/errors.yml:625,EXECUTION_KERNEL_PATH_INVALID,500,true,true,ErrorContract.generated.ts/errorStatus,0,,[FACT] 定义合法；零精确字面量不是删除证据
ERR-AU-007-0313,01_core_hexin/packages/contract/definitions/errors.yml:627,EXPECTED_VERSION_INVALID,400,true,true,ErrorContract.generated.ts/errorStatus,6,01_core_hexin/services/commerce/src/foundation/interface/OperationController.ts:335,[FACT] 定义合法；当前精确字面量消费者已记录
ERR-AU-007-0314,01_core_hexin/packages/contract/definitions/errors.yml:629,EXPECTED_VERSION_REQUIRED,400,true,true,ErrorContract.generated.ts/errorStatus,15,01_core_hexin/services/commerce/src/foundation/interface/OperationController.ts:336,[FACT] 定义合法；当前精确字面量消费者已记录
ERR-AU-007-0315,01_core_hexin/packages/contract/definitions/errors.yml:631,EXPERIENCE_ACTION_INVALID,400,true,true,ErrorContract.generated.ts/errorStatus,3,01_core_hexin/apps/miniapp/miniprogram/domain/experience.js:15,[FACT] 定义合法；当前精确字面量消费者已记录
ERR-AU-007-0316,01_core_hexin/packages/contract/definitions/errors.yml:633,EXPERIENCE_ACTION_TARGET_INVALID,400,true,true,ErrorContract.generated.ts/errorStatus,0,,[FACT] 定义合法；零精确字面量不是删除证据
ERR-AU-007-0317,01_core_hexin/packages/contract/definitions/errors.yml:635,EXPERIENCE_ACTION_TARGET_UNMAPPED,400,true,true,ErrorContract.generated.ts/errorStatus,0,,[FACT] 定义合法；零精确字面量不是删除证据
ERR-AU-007-0318,01_core_hexin/packages/contract/definitions/errors.yml:637,EXPERIENCE_ACTION_UNREGISTERED,500,true,true,ErrorContract.generated.ts/errorStatus,0,,[FACT] 定义合法；零精确字面量不是删除证据
ERR-AU-007-0319,01_core_hexin/packages/contract/definitions/errors.yml:639,EXPERIENCE_APPLICATION_INVALID,400,true,true,ErrorContract.generated.ts/errorStatus,1,01_core_hexin/services/commerce/src/modules/experience/03_application_yingyong/ExperienceOperations.ts:114,[FACT] 定义合法；当前精确字面量消费者已记录
ERR-AU-007-0320,01_core_hexin/packages/contract/definitions/errors.yml:641,EXPERIENCE_BLOCK_INVALID,400,true,true,ErrorContract.generated.ts/errorStatus,2,01_core_hexin/apps/miniapp/miniprogram/domain/experience.js:14,[FACT] 定义合法；当前精确字面量消费者已记录
ERR-AU-007-0321,01_core_hexin/packages/contract/definitions/errors.yml:643,EXPERIENCE_BLOCKS_INVALID,400,false,true,ErrorContract.generated.ts/errorStatus,1,01_core_hexin/packages/contract/src/ExperienceContract.ts:47,[FACT] 定义合法；当前精确字面量消费者已记录
ERR-AU-007-0322,01_core_hexin/packages/contract/definitions/errors.yml:645,EXPERIENCE_COMPONENT_INVALID,400,true,true,ErrorContract.generated.ts/errorStatus,1,01_core_hexin/packages/contract/src/ExperienceContract.ts:55,[FACT] 定义合法；当前精确字面量消费者已记录
ERR-AU-007-0323,01_core_hexin/packages/contract/definitions/errors.yml:647,EXPERIENCE_CONTENT_HASH_MISMATCH,409,true,true,ErrorContract.generated.ts/errorStatus,1,01_core_hexin/services/commerce/src/modules/experience/04_adapters_shixian/adapter/CdnPublisher.ts:13,[FACT] 定义合法；当前精确字面量消费者已记录
ERR-AU-007-0324,01_core_hexin/packages/contract/definitions/errors.yml:649,EXPERIENCE_DOCUMENT_INVALID,400,true,true,ErrorContract.generated.ts/errorStatus,2,01_core_hexin/apps/miniapp/miniprogram/domain/experience.js:8,[FACT] 定义合法；当前精确字面量消费者已记录
ERR-AU-007-0325,01_core_hexin/packages/contract/definitions/errors.yml:651,EXPERIENCE_EVENT_RELEASE_MISMATCH,409,true,true,ErrorContract.generated.ts/errorStatus,1,01_core_hexin/services/commerce/src/modules/experience/05_interface_jieru/job/ExperienceJobs.ts:41,[FACT] 定义合法；当前精确字面量消费者已记录
ERR-AU-007-0326,01_core_hexin/packages/contract/definitions/errors.yml:653,EXPERIENCE_EVENT_TYPE_INVALID,400,true,true,ErrorContract.generated.ts/errorStatus,1,01_core_hexin/services/commerce/src/modules/experience/05_interface_jieru/job/ExperienceJobs.ts:29,[FACT] 定义合法；当前精确字面量消费者已记录
ERR-AU-007-0327,01_core_hexin/packages/contract/definitions/errors.yml:655,EXPERIENCE_JSON_INVALID,400,true,true,ErrorContract.generated.ts/errorStatus,1,01_core_hexin/packages/contract/src/ExperienceContract.ts:80,[FACT] 定义合法；当前精确字面量消费者已记录
ERR-AU-007-0328,01_core_hexin/packages/contract/definitions/errors.yml:657,EXPERIENCE_MALL_INVALID,400,true,true,ErrorContract.generated.ts/errorStatus,1,01_core_hexin/services/commerce/src/modules/experience/03_application_yingyong/ExperienceOperations.ts:22,[FACT] 定义合法；当前精确字面量消费者已记录
ERR-AU-007-0329,01_core_hexin/packages/contract/definitions/errors.yml:659,EXPERIENCE_OBJECT_COLLISION,409,true,true,ErrorContract.generated.ts/errorStatus,1,01_core_hexin/services/commerce/src/modules/experience/04_adapters_shixian/adapter/CdnPublisher.ts:17,[FACT] 定义合法；当前精确字面量消费者已记录
ERR-AU-007-0330,01_core_hexin/packages/contract/definitions/errors.yml:661,EXPERIENCE_OBJECT_INTEGRITY_INVALID,400,true,true,ErrorContract.generated.ts/errorStatus,1,01_core_hexin/services/commerce/src/modules/experience/04_adapters_shixian/adapter/CdnPublisher.ts:25,[FACT] 定义合法；当前精确字面量消费者已记录
ERR-AU-007-0331,01_core_hexin/packages/contract/definitions/errors.yml:663,EXPERIENCE_OBJECT_PATH_INVALID,400,true,true,ErrorContract.generated.ts/errorStatus,1,01_core_hexin/services/commerce/src/modules/experience/04_adapters_shixian/adapter/CdnPublisher.ts:10,[FACT] 定义合法；当前精确字面量消费者已记录
ERR-AU-007-0332,01_core_hexin/packages/contract/definitions/errors.yml:665,EXPERIENCE_OBJECT_VERIFICATION_INVALID,400,true,true,ErrorContract.generated.ts/errorStatus,1,01_core_hexin/services/commerce/src/modules/experience/04_adapters_shixian/adapter/CdnPublisher.ts:28,[FACT] 定义合法；当前精确字面量消费者已记录
ERR-AU-007-0333,01_core_hexin/packages/contract/definitions/errors.yml:667,EXPERIENCE_PAGE_INVALID,400,true,true,ErrorContract.generated.ts/errorStatus,2,01_core_hexin/apps/miniapp/miniprogram/domain/experience.js:11,[FACT] 定义合法；当前精确字面量消费者已记录
ERR-AU-007-0334,01_core_hexin/packages/contract/definitions/errors.yml:669,EXPERIENCE_PAGE_NOT_FOUND,404,true,true,ErrorContract.generated.ts/errorStatus,0,,[FACT] 定义合法；零精确字面量不是删除证据
ERR-AU-007-0335,01_core_hexin/packages/contract/definitions/errors.yml:671,EXPERIENCE_PAGE_PATH_DUPLICATE,409,true,true,ErrorContract.generated.ts/errorStatus,1,01_core_hexin/packages/contract/src/ExperienceContract.ts:36,[FACT] 定义合法；当前精确字面量消费者已记录
ERR-AU-007-0336,01_core_hexin/packages/contract/definitions/errors.yml:673,EXPERIENCE_PAGES_INVALID,400,false,true,ErrorContract.generated.ts/errorStatus,1,01_core_hexin/packages/contract/src/ExperienceContract.ts:34,[FACT] 定义合法；当前精确字面量消费者已记录
ERR-AU-007-0337,01_core_hexin/packages/contract/definitions/errors.yml:675,EXPERIENCE_PUBLIC_READER_MISSING,400,true,true,ErrorContract.generated.ts/errorStatus,0,,[FACT] 定义合法；零精确字面量不是删除证据
ERR-AU-007-0338,01_core_hexin/packages/contract/definitions/errors.yml:677,EXPERIENCE_PUBLICATION_INVALID,400,false,true,ErrorContract.generated.ts/errorStatus,2,01_core_hexin/services/commerce/src/modules/experience/02_domain_yewu/policy/PublishPolicy.ts:15,[FACT] 定义合法；当前精确字面量消费者已记录
ERR-AU-007-0339,01_core_hexin/packages/contract/definitions/errors.yml:679,EXPERIENCE_PUBLICATION_MISSING,400,true,true,ErrorContract.generated.ts/errorStatus,0,,[FACT] 定义合法；零精确字面量不是删除证据
ERR-AU-007-0340,01_core_hexin/packages/contract/definitions/errors.yml:681,EXPERIENCE_PUBLICATION_NOT_FOUND,404,true,true,ErrorContract.generated.ts/errorStatus,1,01_core_hexin/services/commerce/src/modules/experience/03_application_yingyong/ExperienceOperations.ts:32,[FACT] 定义合法；当前精确字面量消费者已记录
ERR-AU-007-0341,01_core_hexin/packages/contract/definitions/errors.yml:683,EXPERIENCE_PUBLICATION_SECURITY_INVALID,400,true,true,ErrorContract.generated.ts/errorStatus,1,04_tools/scripts/audit/database-contracts.mjs:601,[FACT] 定义合法；当前精确字面量消费者已记录
ERR-AU-007-0342,01_core_hexin/packages/contract/definitions/errors.yml:685,EXPERIENCE_RELEASE_NOT_FOUND,404,true,true,ErrorContract.generated.ts/errorStatus,2,01_core_hexin/services/commerce/src/modules/experience/05_interface_jieru/job/ExperienceJobs.ts:39,[FACT] 定义合法；当前精确字面量消费者已记录
ERR-AU-007-0343,01_core_hexin/packages/contract/definitions/errors.yml:687,EXPERIENCE_SOURCE_APPLICATION_INVALID,400,true,true,ErrorContract.generated.ts/errorStatus,2,01_core_hexin/services/commerce/src/modules/experience/03_application_yingyong/ExperienceOperations.ts:63,[FACT] 定义合法；当前精确字面量消费者已记录
ERR-AU-007-0344,01_core_hexin/packages/contract/definitions/errors.yml:689,EXPERIENCE_SOURCE_VERSION_INVALID,400,true,true,ErrorContract.generated.ts/errorStatus,2,01_core_hexin/services/commerce/src/modules/experience/03_application_yingyong/ExperienceOperations.ts:69,[FACT] 定义合法；当前精确字面量消费者已记录
ERR-AU-007-0345,01_core_hexin/packages/contract/definitions/errors.yml:691,EXPERIENCE_VERSION_INVALID,400,true,true,ErrorContract.generated.ts/errorStatus,2,01_core_hexin/packages/contract/src/ExperienceContract.ts:32,[FACT] 定义合法；当前精确字面量消费者已记录
ERR-AU-007-0346,01_core_hexin/packages/contract/definitions/errors.yml:693,EXTENSION_API_VERSION_MISMATCH,409,true,true,ErrorContract.generated.ts/errorStatus,1,01_core_hexin/services/commerce/src/modules/extension/02_domain_yewu/policy/ContractPolicy.ts:5,[FACT] 定义合法；当前精确字面量消费者已记录
ERR-AU-007-0347,01_core_hexin/packages/contract/definitions/errors.yml:695,EXTENSION_CANDIDATE_MISSING,400,true,true,ErrorContract.generated.ts/errorStatus,1,01_core_hexin/services/commerce/src/bootstrap/ExtensionRegistry.ts:48,[FACT] 定义合法；当前精确字面量消费者已记录
ERR-AU-007-0348,01_core_hexin/packages/contract/definitions/errors.yml:697,EXTENSION_CANDIDATE_STALE,409,true,true,ErrorContract.generated.ts/errorStatus,1,01_core_hexin/services/commerce/src/modules/extension/03_application_yingyong/command/EnableExtension.ts:24,[FACT] 定义合法；当前精确字面量消费者已记录
ERR-AU-007-0349,01_core_hexin/packages/contract/definitions/errors.yml:699,EXTENSION_CONTRACT_MISMATCH,409,true,true,ErrorContract.generated.ts/errorStatus,1,01_core_hexin/services/commerce/src/modules/extension/02_domain_yewu/policy/ContractPolicy.ts:6,[FACT] 定义合法；当前精确字面量消费者已记录
ERR-AU-007-0350,01_core_hexin/packages/contract/definitions/errors.yml:701,EXTENSION_DRAFT_STATE_REMAINS,500,true,true,ErrorContract.generated.ts/errorStatus,0,,[FACT] 定义合法；零精确字面量不是删除证据
ERR-AU-007-0351,01_core_hexin/packages/contract/definitions/errors.yml:703,EXTENSION_HEALTH_INVALID,400,true,true,ErrorContract.generated.ts/errorStatus,1,01_core_hexin/services/commerce/src/modules/extension/02_domain_yewu/model/HealthRecord.ts:7,[FACT] 定义合法；当前精确字面量消费者已记录
ERR-AU-007-0352,01_core_hexin/packages/contract/definitions/errors.yml:705,EXTENSION_HEALTH_REQUIRED,400,true,true,ErrorContract.generated.ts/errorStatus,1,01_core_hexin/services/commerce/src/modules/extension/03_application_yingyong/command/EnableExtension.ts:21,[FACT] 定义合法；当前精确字面量消费者已记录
ERR-AU-007-0353,01_core_hexin/packages/contract/definitions/errors.yml:707,EXTENSION_IDENTITY_INVALID,400,true,true,ErrorContract.generated.ts/errorStatus,1,01_core_hexin/services/commerce/src/modules/extension/02_domain_yewu/model/Extension.ts:6,[FACT] 定义合法；当前精确字面量消费者已记录
ERR-AU-007-0354,01_core_hexin/packages/contract/definitions/errors.yml:709,EXTENSION_INSTALL_FAILED,409,true,true,ErrorContract.generated.ts/errorStatus,1,01_core_hexin/services/commerce/src/modules/extension/04_adapters_shixian/persistence/PgExtensionRepository.ts:25,[FACT] 定义合法；当前精确字面量消费者已记录
ERR-AU-007-0355,01_core_hexin/packages/contract/definitions/errors.yml:711,EXTENSION_INSTALLATION_INVALID,400,false,true,ErrorContract.generated.ts/errorStatus,1,01_core_hexin/services/commerce/src/modules/extension/02_domain_yewu/model/Installation.ts:6,[FACT] 定义合法；当前精确字面量消费者已记录
ERR-AU-007-0356,01_core_hexin/packages/contract/definitions/errors.yml:713,EXTENSION_INSTALLATION_KEY_INVALID,400,true,true,ErrorContract.generated.ts/errorStatus,1,01_core_hexin/services/commerce/src/bootstrap/ExtensionRegistry.ts:124,[FACT] 定义合法；当前精确字面量消费者已记录
ERR-AU-007-0357,01_core_hexin/packages/contract/definitions/errors.yml:715,EXTENSION_MANIFEST_HEALTH_OPERATION_MISSING,400,true,true,ErrorContract.generated.ts/errorStatus,0,,[FACT] 定义合法；零精确字面量不是删除证据
ERR-AU-007-0358,01_core_hexin/packages/contract/definitions/errors.yml:717,EXTENSION_MANIFEST_MUTATION_ALLOWED,500,true,true,ErrorContract.generated.ts/errorStatus,1,04_tools/scripts/audit/database-contracts.mjs:555,[FACT] 定义合法；当前精确字面量消费者已记录
ERR-AU-007-0359,01_core_hexin/packages/contract/definitions/errors.yml:719,EXTENSION_MANIFEST_STORAGE_INVALID,400,true,true,ErrorContract.generated.ts/errorStatus,0,,[FACT] 定义合法；零精确字面量不是删除证据
ERR-AU-007-0360,01_core_hexin/packages/contract/definitions/errors.yml:721,EXTENSION_RECONFIGURE_STATE_INVALID,409,true,true,ErrorContract.generated.ts/errorStatus,1,01_core_hexin/services/commerce/src/modules/extension/04_adapters_shixian/persistence/PgExtensionRepository.ts:33,[FACT] 定义合法；当前精确字面量消费者已记录
ERR-AU-007-0361,01_core_hexin/packages/contract/definitions/errors.yml:723,EXTENSION_REGISTRY_NOT_FROZEN,500,true,true,ErrorContract.generated.ts/errorStatus,3,01_core_hexin/services/commerce/src/bootstrap/ExtensionRegistry.ts:76,[FACT] 定义合法；当前精确字面量消费者已记录
ERR-AU-007-0362,01_core_hexin/packages/contract/definitions/errors.yml:725,EXTENSION_SCOPE_POLICY_INVALID,400,true,true,ErrorContract.generated.ts/errorStatus,1,04_tools/scripts/audit/database-contracts.mjs:549,[FACT] 定义合法；当前精确字面量消费者已记录
ERR-AU-007-0363,01_core_hexin/packages/contract/definitions/errors.yml:727,EXTENSION_SIGNATURE_INVALID,400,true,true,ErrorContract.generated.ts/errorStatus,2,01_core_hexin/services/commerce/src/modules/extension/03_application_yingyong/command/InstallExtension.ts:31,[FACT] 定义合法；当前精确字面量消费者已记录
ERR-AU-007-0364,01_core_hexin/packages/contract/definitions/errors.yml:729,EXTENSION_SINGLE_ACTIVE_CONSTRAINT_MISSING,400,true,true,ErrorContract.generated.ts/errorStatus,1,04_tools/scripts/audit/database-contracts.mjs:543,[FACT] 定义合法；当前精确字面量消费者已记录
ERR-AU-007-0365,01_core_hexin/packages/contract/definitions/errors.yml:731,EXTENSION_STATE_INVALID,409,true,true,ErrorContract.generated.ts/errorStatus,0,,[FACT] 定义合法；零精确字面量不是删除证据
ERR-AU-007-0366,01_core_hexin/packages/contract/definitions/errors.yml:733,EXTENSION_TRACE_REQUIRED,400,true,true,ErrorContract.generated.ts/errorStatus,1,01_core_hexin/services/commerce/src/modules/extension/04_adapters_shixian/persistence/PgExtensionRepository.ts:133,[FACT] 定义合法；当前精确字面量消费者已记录
ERR-AU-007-0367,01_core_hexin/packages/contract/definitions/errors.yml:735,EXTENSION_VERSION_CONFLICT,409,true,true,ErrorContract.generated.ts/errorStatus,2,01_core_hexin/services/commerce/src/modules/extension/04_adapters_shixian/persistence/PgExtensionRepository.ts:38,[FACT] 定义合法；当前精确字面量消费者已记录
ERR-AU-007-0368,01_core_hexin/packages/contract/definitions/errors.yml:737,EXTERNAL_CAPACITY_INVALID,400,true,true,ErrorContract.generated.ts/errorStatus,0,,[FACT] 定义合法；零精确字面量不是删除证据
ERR-AU-007-0369,01_core_hexin/packages/contract/definitions/errors.yml:739,EXTERNAL_MAPPING_SCOPE_BACKFILL_REQUIRED,400,true,true,ErrorContract.generated.ts/errorStatus,0,,[FACT] 定义合法；零精确字面量不是删除证据
ERR-AU-007-0370,01_core_hexin/packages/contract/definitions/errors.yml:741,EXTERNAL_OBJECT_DUPLICATE,409,true,true,ErrorContract.generated.ts/errorStatus,0,,[FACT] 定义合法；零精确字面量不是删除证据
ERR-AU-007-0371,01_core_hexin/packages/contract/definitions/errors.yml:743,FEATURE_NOT_DECLARED,403,true,true,ErrorContract.generated.ts/errorStatus,1,01_core_hexin/services/commerce/src/foundation/security/AccessPipeline.ts:60,[FACT] 定义合法；当前精确字面量消费者已记录
ERR-AU-007-0372,01_core_hexin/packages/contract/definitions/errors.yml:745,FEDERATED_MEMBERSHIP_ORPHAN,500,true,true,ErrorContract.generated.ts/errorStatus,0,,[FACT] 定义合法；零精确字面量不是删除证据
ERR-AU-007-0373,01_core_hexin/packages/contract/definitions/errors.yml:747,FEDERATED_PRINCIPAL_ORPHAN,500,true,true,ErrorContract.generated.ts/errorStatus,0,,[FACT] 定义合法；零精确字面量不是删除证据
ERR-AU-007-0374,01_core_hexin/packages/contract/definitions/errors.yml:749,FINANCE_ACCOUNT_CONTRACT_MISMATCH,409,true,true,ErrorContract.generated.ts/errorStatus,0,,[FACT] 定义合法；零精确字面量不是删除证据
ERR-AU-007-0375,01_core_hexin/packages/contract/definitions/errors.yml:751,FINANCE_ACCOUNT_FAILED,500,true,true,ErrorContract.generated.ts/errorStatus,1,01_core_hexin/services/commerce/src/modules/finance/03_application_yingyong/port/FinancePort.ts:71,[FACT] 定义合法；当前精确字面量消费者已记录
ERR-AU-007-0376,01_core_hexin/packages/contract/definitions/errors.yml:753,FINANCE_ACCOUNT_KIND_INVALID,400,true,true,ErrorContract.generated.ts/errorStatus,1,01_core_hexin/services/commerce/src/modules/benefit/05_interface_jieru/job/BenefitJobs.ts:265,[FACT] 定义合法；当前精确字面量消费者已记录
ERR-AU-007-0377,01_core_hexin/packages/contract/definitions/errors.yml:755,FINANCE_BACKFILL_CONFLICT_OR_MISMATCH,409,true,true,ErrorContract.generated.ts/errorStatus,1,01_core_hexin/services/commerce/src/modules/finance/FinanceLifecycleOperations.ts:146,[FACT] 定义合法；当前精确字面量消费者已记录
ERR-AU-007-0378,01_core_hexin/packages/contract/definitions/errors.yml:757,FINANCE_BACKFILL_DECISION_INVALID,400,true,true,ErrorContract.generated.ts/errorStatus,1,01_core_hexin/services/commerce/src/modules/finance/FinanceLifecycleOperations.ts:141,[FACT] 定义合法；当前精确字面量消费者已记录
ERR-AU-007-0379,01_core_hexin/packages/contract/definitions/errors.yml:759,FINANCE_CURRENCY_UNSUPPORTED,400,true,true,ErrorContract.generated.ts/errorStatus,2,01_core_hexin/services/commerce/src/modules/finance/03_application_yingyong/port/FinancePort.ts:44,[FACT] 定义合法；当前精确字面量消费者已记录
ERR-AU-007-0380,01_core_hexin/packages/contract/definitions/errors.yml:761,FINANCE_EVENT_CONTEXT_MISSING,400,true,true,ErrorContract.generated.ts/errorStatus,1,01_core_hexin/services/commerce/src/modules/finance/03_application_yingyong/command/PostJournal.ts:32,[FACT] 定义合法；当前精确字面量消费者已记录
ERR-AU-007-0381,01_core_hexin/packages/contract/definitions/errors.yml:763,FINANCE_EVENT_UNSUPPORTED,400,true,true,ErrorContract.generated.ts/errorStatus,1,01_core_hexin/services/commerce/src/modules/finance/03_application_yingyong/command/PostJournal.ts:42,[FACT] 定义合法；当前精确字面量消费者已记录
ERR-AU-007-0382,01_core_hexin/packages/contract/definitions/errors.yml:765,FINANCE_HOLD_AMOUNT_INVALID,400,true,true,ErrorContract.generated.ts/errorStatus,1,01_core_hexin/services/commerce/src/modules/finance/03_application_yingyong/port/FinancePort.ts:152,[FACT] 定义合法；当前精确字面量消费者已记录
ERR-AU-007-0383,01_core_hexin/packages/contract/definitions/errors.yml:767,FINANCE_HOLD_INSUFFICIENT_OR_CONFLICT,409,true,true,ErrorContract.generated.ts/errorStatus,1,01_core_hexin/services/commerce/src/modules/finance/03_application_yingyong/port/FinancePort.ts:166,[FACT] 定义合法；当前精确字面量消费者已记录
ERR-AU-007-0384,01_core_hexin/packages/contract/definitions/errors.yml:769,FINANCE_HOLD_NOT_CAPTURABLE,409,true,true,ErrorContract.generated.ts/errorStatus,1,01_core_hexin/services/commerce/src/modules/finance/03_application_yingyong/port/FinancePort.ts:176,[FACT] 定义合法；当前精确字面量消费者已记录
ERR-AU-007-0385,01_core_hexin/packages/contract/definitions/errors.yml:771,FINANCE_HOLD_NOT_RELEASABLE,409,true,true,ErrorContract.generated.ts/errorStatus,1,01_core_hexin/services/commerce/src/modules/finance/03_application_yingyong/port/FinancePort.ts:186,[FACT] 定义合法；当前精确字面量消费者已记录
ERR-AU-007-0386,01_core_hexin/packages/contract/definitions/errors.yml:773,FINANCE_IDEMPOTENCY_MISMATCH,409,true,true,ErrorContract.generated.ts/errorStatus,0,,[FACT] 定义合法；零精确字面量不是删除证据
ERR-AU-007-0387,01_core_hexin/packages/contract/definitions/errors.yml:775,FINANCE_JOURNAL_UNBALANCED,500,true,true,ErrorContract.generated.ts/errorStatus,1,01_core_hexin/services/commerce/src/modules/finance/02_domain_yewu/policy/PostingPolicy.ts:10,[FACT] 定义合法；当前精确字面量消费者已记录
ERR-AU-007-0388,01_core_hexin/packages/contract/definitions/errors.yml:777,FINANCE_LEDGER_APPEND_ONLY,500,true,true,ErrorContract.generated.ts/errorStatus,0,,[FACT] 定义合法；零精确字面量不是删除证据
ERR-AU-007-0389,01_core_hexin/packages/contract/definitions/errors.yml:779,FINANCE_LEDGER_UNBALANCED,500,true,true,ErrorContract.generated.ts/errorStatus,0,,[FACT] 定义合法；零精确字面量不是删除证据
ERR-AU-007-0390,01_core_hexin/packages/contract/definitions/errors.yml:781,FINANCE_PERIOD_ACTION_INVALID,400,true,true,ErrorContract.generated.ts/errorStatus,1,01_core_hexin/services/commerce/src/modules/finance/FinanceLifecycleOperations.ts:98,[FACT] 定义合法；当前精确字面量消费者已记录
ERR-AU-007-0391,01_core_hexin/packages/contract/definitions/errors.yml:783,FINANCE_PERIOD_CLOSE_CONFLICT_OR_HASH_MISMATCH,409,true,true,ErrorContract.generated.ts/errorStatus,1,01_core_hexin/services/commerce/src/modules/finance/FinanceLifecycleOperations.ts:108,[FACT] 定义合法；当前精确字面量消费者已记录
ERR-AU-007-0392,01_core_hexin/packages/contract/definitions/errors.yml:785,FINANCE_PERIOD_CLOSE_NOT_REQUESTABLE,409,true,true,ErrorContract.generated.ts/errorStatus,1,01_core_hexin/services/commerce/src/modules/finance/FinanceLifecycleOperations.ts:93,[FACT] 定义合法；当前精确字面量消费者已记录
ERR-AU-007-0393,01_core_hexin/packages/contract/definitions/errors.yml:787,FINANCE_PERIOD_CLOSED,500,false,true,ErrorContract.generated.ts/errorStatus,0,,[FACT] 定义合法；零精确字面量不是删除证据
ERR-AU-007-0394,01_core_hexin/packages/contract/definitions/errors.yml:789,FINANCE_PERIOD_INVALID,400,true,true,ErrorContract.generated.ts/errorStatus,1,01_core_hexin/services/commerce/src/modules/finance/FinanceLifecycleOperations.ts:79,[FACT] 定义合法；当前精确字面量消费者已记录
ERR-AU-007-0395,01_core_hexin/packages/contract/definitions/errors.yml:791,FINANCE_POST_AMOUNT_INVALID,400,true,true,ErrorContract.generated.ts/errorStatus,1,01_core_hexin/services/commerce/src/modules/finance/03_application_yingyong/port/FinancePort.ts:43,[FACT] 定义合法；当前精确字面量消费者已记录
ERR-AU-007-0396,01_core_hexin/packages/contract/definitions/errors.yml:793,FINANCE_POST_FAILED,500,true,true,ErrorContract.generated.ts/errorStatus,1,01_core_hexin/services/commerce/src/modules/finance/03_application_yingyong/port/FinancePort.ts:63,[FACT] 定义合法；当前精确字面量消费者已记录
ERR-AU-007-0397,01_core_hexin/packages/contract/definitions/errors.yml:795,FINANCE_POST_INVALID,400,true,true,ErrorContract.generated.ts/errorStatus,0,,[FACT] 定义合法；零精确字面量不是删除证据
ERR-AU-007-0398,01_core_hexin/packages/contract/definitions/errors.yml:797,FINANCE_POST_SAME_ACCOUNT,500,true,true,ErrorContract.generated.ts/errorStatus,0,,[FACT] 定义合法；零精确字面量不是删除证据
ERR-AU-007-0399,01_core_hexin/packages/contract/definitions/errors.yml:799,FINANCE_RECONCILIATION_ACTION_INVALID,400,true,true,ErrorContract.generated.ts/errorStatus,1,01_core_hexin/services/commerce/src/modules/finance/03_application_yingyong/command/ResolveDifference.ts:42,[FACT] 定义合法；当前精确字面量消费者已记录
ERR-AU-007-0400,01_core_hexin/packages/contract/definitions/errors.yml:801,FINANCE_RECONCILIATION_NOT_AUTHORIZED,500,true,true,ErrorContract.generated.ts/errorStatus,0,,[FACT] 定义合法；零精确字面量不是删除证据
ERR-AU-007-0401,01_core_hexin/packages/contract/definitions/errors.yml:803,FINANCE_SETTLEMENT_ADJUSTMENT_ACTION_INVALID,400,true,true,ErrorContract.generated.ts/errorStatus,1,01_core_hexin/services/commerce/src/modules/finance/03_application_yingyong/command/CloseSettlement.ts:88,[FACT] 定义合法；当前精确字面量消费者已记录
ERR-AU-007-0402,01_core_hexin/packages/contract/definitions/errors.yml:805,FINANCE_SETTLEMENT_ADJUSTMENT_CONFLICT_OR_SEPARATION,409,true,true,ErrorContract.generated.ts/errorStatus,2,01_core_hexin/services/commerce/src/modules/finance/03_application_yingyong/command/CloseSettlement.ts:125,[FACT] 定义合法；当前精确字面量消费者已记录
ERR-AU-007-0403,01_core_hexin/packages/contract/definitions/errors.yml:807,FINANCE_SETTLEMENT_ADJUSTMENT_DIRECTION_INVALID,400,true,true,ErrorContract.generated.ts/errorStatus,1,01_core_hexin/services/commerce/src/modules/finance/03_application_yingyong/command/CloseSettlement.ts:64,[FACT] 定义合法；当前精确字面量消费者已记录
ERR-AU-007-0404,01_core_hexin/packages/contract/definitions/errors.yml:809,FINANCE_SETTLEMENT_AMOUNT_INVALID,400,true,true,ErrorContract.generated.ts/errorStatus,2,01_core_hexin/services/commerce/src/modules/finance/02_domain_yewu/policy/SettlementPolicy.ts:6,[FACT] 定义合法；当前精确字面量消费者已记录
ERR-AU-007-0405,01_core_hexin/packages/contract/definitions/errors.yml:811,FINANCE_SETTLEMENT_CONFLICT_OR_SEPARATION,409,true,true,ErrorContract.generated.ts/errorStatus,1,01_core_hexin/services/commerce/src/modules/finance/03_application_yingyong/command/CloseSettlement.ts:32,[FACT] 定义合法；当前精确字面量消费者已记录
ERR-AU-007-0406,01_core_hexin/packages/contract/definitions/errors.yml:813,FINANCE_SETTLEMENT_DECISION_INVALID,400,true,true,ErrorContract.generated.ts/errorStatus,1,01_core_hexin/services/commerce/src/modules/finance/03_application_yingyong/command/CloseSettlement.ts:25,[FACT] 定义合法；当前精确字面量消费者已记录
ERR-AU-007-0407,01_core_hexin/packages/contract/definitions/errors.yml:815,FINANCE_SETTLEMENT_FEE_INVALID,400,true,true,ErrorContract.generated.ts/errorStatus,1,01_core_hexin/services/commerce/src/modules/finance/02_domain_yewu/policy/SettlementPolicy.ts:16,[FACT] 定义合法；当前精确字面量消费者已记录
ERR-AU-007-0408,01_core_hexin/packages/contract/definitions/errors.yml:817,FINANCE_SETTLEMENT_INVOICE_BASIS_INVALID,400,true,true,ErrorContract.generated.ts/errorStatus,1,01_core_hexin/services/commerce/src/modules/finance/02_domain_yewu/policy/SettlementPolicy.ts:18,[FACT] 定义合法；当前精确字面量消费者已记录
ERR-AU-007-0409,01_core_hexin/packages/contract/definitions/errors.yml:819,FINANCE_SETTLEMENT_LINE_NOT_ADJUSTABLE,409,true,true,ErrorContract.generated.ts/errorStatus,1,01_core_hexin/services/commerce/src/modules/finance/03_application_yingyong/command/CloseSettlement.ts:76,[FACT] 定义合法；当前精确字面量消费者已记录
ERR-AU-007-0410,01_core_hexin/packages/contract/definitions/errors.yml:821,FINANCE_SETTLEMENT_NET_INVALID,400,true,true,ErrorContract.generated.ts/errorStatus,1,01_core_hexin/services/commerce/src/modules/finance/02_domain_yewu/policy/SettlementPolicy.ts:21,[FACT] 定义合法；当前精确字面量消费者已记录
ERR-AU-007-0411,01_core_hexin/packages/contract/definitions/errors.yml:823,FINANCE_SETTLEMENT_SEPARATION_REQUIRED,403,true,true,ErrorContract.generated.ts/errorStatus,1,01_core_hexin/services/commerce/src/modules/finance/02_domain_yewu/policy/SettlementPolicy.ts:5,[FACT] 定义合法；当前精确字面量消费者已记录
ERR-AU-007-0412,01_core_hexin/packages/contract/definitions/errors.yml:825,FINANCE_STATEMENT_FINALIZATION_FAILED,500,true,true,ErrorContract.generated.ts/errorStatus,1,01_core_hexin/services/commerce/src/modules/finance/FinanceLifecycleOperations.ts:118,[FACT] 定义合法；当前精确字面量消费者已记录
ERR-AU-007-0413,01_core_hexin/packages/contract/definitions/errors.yml:827,FINANCE_WITHDRAWAL_CONFLICT_OR_SEPARATION,409,true,true,ErrorContract.generated.ts/errorStatus,1,01_core_hexin/services/commerce/src/modules/finance/03_application_yingyong/command/RequestWithdrawal.ts:45,[FACT] 定义合法；当前精确字面量消费者已记录
ERR-AU-007-0414,01_core_hexin/packages/contract/definitions/errors.yml:829,FINANCE_WITHDRAWAL_DECISION_INVALID,400,true,true,ErrorContract.generated.ts/errorStatus,1,01_core_hexin/services/commerce/src/modules/finance/03_application_yingyong/command/RequestWithdrawal.ts:38,[FACT] 定义合法；当前精确字面量消费者已记录
ERR-AU-007-0415,01_core_hexin/packages/contract/definitions/errors.yml:831,FINANCE_WITHDRAWAL_EXCEEDS_PAYABLE,409,true,true,ErrorContract.generated.ts/errorStatus,1,01_core_hexin/services/commerce/src/modules/finance/03_application_yingyong/command/RequestWithdrawal.ts:30,[FACT] 定义合法；当前精确字面量消费者已记录
ERR-AU-007-0416,01_core_hexin/packages/contract/definitions/errors.yml:833,FINANCE_WITHDRAWAL_NOT_RECOVERABLE,409,true,true,ErrorContract.generated.ts/errorStatus,1,01_core_hexin/services/commerce/src/modules/finance/03_application_yingyong/command/RequestWithdrawal.ts:62,[FACT] 定义合法；当前精确字面量消费者已记录
ERR-AU-007-0417,01_core_hexin/packages/contract/definitions/errors.yml:835,FLOWER_MANIFEST_SIGNATURE_MISSING,400,true,true,ErrorContract.generated.ts/errorStatus,1,01_core_hexin/extensions/providers/flower/manifest.ts:21,[FACT] 定义合法；当前精确字面量消费者已记录
ERR-AU-007-0418,01_core_hexin/packages/contract/definitions/errors.yml:837,FOODVOUCHER_MANIFEST_SIGNATURE_MISSING,400,true,true,ErrorContract.generated.ts/errorStatus,1,01_core_hexin/extensions/providers/foodvoucher/manifest.ts:22,[FACT] 定义合法；当前精确字面量消费者已记录
ERR-AU-007-0419,01_core_hexin/packages/contract/definitions/errors.yml:839,FRONTEND_FILE_MANIFEST_DRIFT,409,true,true,ErrorContract.generated.ts/errorStatus,1,04_tools/scripts/evidence/frontendmanifest.mjs:48,[FACT] 定义合法；当前精确字面量消费者已记录
ERR-AU-007-0420,01_core_hexin/packages/contract/definitions/errors.yml:841,FULFILLMENT_IDENTITY_IMMUTABLE,500,true,true,ErrorContract.generated.ts/errorStatus,0,,[FACT] 定义合法；零精确字面量不是删除证据
ERR-AU-007-0421,01_core_hexin/packages/contract/definitions/errors.yml:843,FULFILLMENT_LINE_ORPHAN,500,true,true,ErrorContract.generated.ts/errorStatus,0,,[FACT] 定义合法；零精确字面量不是删除证据
ERR-AU-007-0422,01_core_hexin/packages/contract/definitions/errors.yml:845,FULFILLMENT_NOT_RUNNABLE,409,true,true,ErrorContract.generated.ts/errorStatus,1,01_core_hexin/services/commerce/src/modules/fulfillment/05_interface_jieru/jobs_renwu/FulfillmentJobs.ts:111,[FACT] 定义合法；当前精确字面量消费者已记录
ERR-AU-007-0423,01_core_hexin/packages/contract/definitions/errors.yml:847,GENERATED_CONTRACT_DRIFT,500,true,true,ErrorContract.generated.ts/errorStatus,0,,[FACT] 定义合法；零精确字面量不是删除证据
ERR-AU-007-0424,01_core_hexin/packages/contract/definitions/errors.yml:849,GENERATED_RUNTIME_CONFIG_DRIFT,500,true,true,ErrorContract.generated.ts/errorStatus,0,,[FACT] 定义合法；零精确字面量不是删除证据
ERR-AU-007-0425,01_core_hexin/packages/contract/definitions/errors.yml:851,GENERIC_DOMAIN_EXECUTE_FORBIDDEN,403,true,true,ErrorContract.generated.ts/errorStatus,0,,[FACT] 定义合法；零精确字面量不是删除证据
ERR-AU-007-0426,01_core_hexin/packages/contract/definitions/errors.yml:853,HASH_INVALID,400,true,true,ErrorContract.generated.ts/errorStatus,1,01_core_hexin/packages/kernel/src/Hash.ts:10,[FACT] 定义合法；当前精确字面量消费者已记录
ERR-AU-007-0427,01_core_hexin/packages/contract/definitions/errors.yml:855,HISTORICAL_MIGRATION_FILESET_DRIFT,500,true,true,ErrorContract.generated.ts/errorStatus,1,04_tools/scripts/audit/database-contracts.mjs:364,[FACT] 定义合法；当前精确字面量消费者已记录
ERR-AU-007-0428,01_core_hexin/packages/contract/definitions/errors.yml:857,HISTORICAL_MIGRATION_HASH_DRIFT,500,true,true,ErrorContract.generated.ts/errorStatus,0,,[FACT] 定义合法；零精确字面量不是删除证据
ERR-AU-007-0429,01_core_hexin/packages/contract/definitions/errors.yml:859,HISTORICAL_MIGRATION_MANIFEST_INVALID,400,true,true,ErrorContract.generated.ts/errorStatus,1,04_tools/scripts/audit/database-contracts.mjs:362,[FACT] 定义合法；当前精确字面量消费者已记录
ERR-AU-007-0430,01_core_hexin/packages/contract/definitions/errors.yml:861,HTTP_DEADLINE_INVALID,400,true,true,ErrorContract.generated.ts/errorStatus,1,01_core_hexin/services/commerce/src/foundation/interface/HttpApp.ts:28,[FACT] 定义合法；当前精确字面量消费者已记录
ERR-AU-007-0431,01_core_hexin/packages/contract/definitions/errors.yml:863,HTTP_TRANSPORT_FAILED,500,true,true,ErrorContract.generated.ts/errorStatus,1,01_core_hexin/services/commerce/src/foundation/http/HttpClient.ts:40,[FACT] 定义合法；当前精确字面量消费者已记录
ERR-AU-007-0432,01_core_hexin/packages/contract/definitions/errors.yml:865,ID_INVALID,400,true,true,ErrorContract.generated.ts/errorStatus,1,01_core_hexin/packages/kernel/src/Id.ts:9,[FACT] 定义合法；当前精确字面量消费者已记录
ERR-AU-007-0433,01_core_hexin/packages/contract/definitions/errors.yml:867,IDEMPOTENCY_CONFLICT,409,false,true,ErrorContract.generated.ts/errorStatus,0,,[FACT] 定义合法；零精确字面量不是删除证据
ERR-AU-007-0434,01_core_hexin/packages/contract/definitions/errors.yml:869,IDEMPOTENCY_KEY_INVALID,400,true,true,ErrorContract.generated.ts/errorStatus,0,,[FACT] 定义合法；零精确字面量不是删除证据
ERR-AU-007-0435,01_core_hexin/packages/contract/definitions/errors.yml:871,IDEMPOTENCY_KEY_REQUIRED,400,true,true,ErrorContract.generated.ts/errorStatus,7,01_core_hexin/services/commerce/src/foundation/application/ExecutionKernel.ts:80,[FACT] 定义合法；当前精确字面量消费者已记录
ERR-AU-007-0436,01_core_hexin/packages/contract/definitions/errors.yml:873,IDEMPOTENCY_KEY_REUSED,409,true,true,ErrorContract.generated.ts/errorStatus,2,01_core_hexin/services/commerce/src/foundation/application/ExecutionKernel.ts:96,[FACT] 定义合法；当前精确字面量消费者已记录
ERR-AU-007-0437,01_core_hexin/packages/contract/definitions/errors.yml:875,IDEMPOTENCY_PAYLOAD_MISMATCH,409,true,true,ErrorContract.generated.ts/errorStatus,0,,[FACT] 定义合法；零精确字面量不是删除证据
ERR-AU-007-0438,01_core_hexin/packages/contract/definitions/errors.yml:877,IDENTITY_INVITE_REQUIRED,400,true,true,ErrorContract.generated.ts/errorStatus,0,,[FACT] 定义合法；零精确字面量不是删除证据
ERR-AU-007-0439,01_core_hexin/packages/contract/definitions/errors.yml:879,IDENTITY_SUBJECT_EXISTS,409,true,true,ErrorContract.generated.ts/errorStatus,8,01_core_hexin/services/commerce/src/modules/identity/03_application_yingyong/services_fuwu/SmsLogin.ts:32,[FACT] 定义合法；当前精确字面量消费者已记录
ERR-AU-007-0440,01_core_hexin/packages/contract/definitions/errors.yml:881,IDENTITY_SUBJECT_REQUIRED,400,true,true,ErrorContract.generated.ts/errorStatus,0,,[FACT] 定义合法；零精确字面量不是删除证据
ERR-AU-007-0441,01_core_hexin/packages/contract/definitions/errors.yml:883,IMPORT_FILE_EMPTY,400,true,true,ErrorContract.generated.ts/errorStatus,1,01_core_hexin/services/commerce/src/foundation/application/BatchImport.ts:39,[FACT] 定义合法；当前精确字面量消费者已记录
ERR-AU-007-0442,01_core_hexin/packages/contract/definitions/errors.yml:885,IMPORT_HASH_MISMATCH,409,true,true,ErrorContract.generated.ts/errorStatus,1,01_core_hexin/services/commerce/src/foundation/infrastructure/ImportFile.ts:19,[FACT] 定义合法；当前精确字面量消费者已记录
ERR-AU-007-0443,01_core_hexin/packages/contract/definitions/errors.yml:887,IMPORT_JOB_INVALID,400,true,true,ErrorContract.generated.ts/errorStatus,0,,[FACT] 定义合法；零精确字面量不是删除证据
ERR-AU-007-0444,01_core_hexin/packages/contract/definitions/errors.yml:889,IMPORT_JOB_REQUIRED,400,true,true,ErrorContract.generated.ts/errorStatus,0,,[FACT] 定义合法；零精确字面量不是删除证据
ERR-AU-007-0445,01_core_hexin/packages/contract/definitions/errors.yml:891,IMPORT_OBJECT_INVALID,400,true,true,ErrorContract.generated.ts/errorStatus,2,01_core_hexin/services/commerce/src/foundation/application/ImportOperations.ts:18,[FACT] 定义合法；当前精确字面量消费者已记录
ERR-AU-007-0446,01_core_hexin/packages/contract/definitions/errors.yml:893,IMPORT_REPORT_COLLISION,409,true,true,ErrorContract.generated.ts/errorStatus,1,01_core_hexin/services/commerce/src/foundation/infrastructure/ImportFile.ts:32,[FACT] 定义合法；当前精确字面量消费者已记录
ERR-AU-007-0447,01_core_hexin/packages/contract/definitions/errors.yml:895,IMPORT_STATE_INVALID,409,true,true,ErrorContract.generated.ts/errorStatus,2,01_core_hexin/services/commerce/src/foundation/application/BatchImport.ts:47,[FACT] 定义合法；当前精确字面量消费者已记录
ERR-AU-007-0448,01_core_hexin/packages/contract/definitions/errors.yml:897,INBOX_CONSUMER_INVALID,400,true,true,ErrorContract.generated.ts/errorStatus,1,01_core_hexin/services/commerce/src/foundation/infrastructure/InboxStore.ts:6,[FACT] 定义合法；当前精确字面量消费者已记录
ERR-AU-007-0449,01_core_hexin/packages/contract/definitions/errors.yml:899,INBOX_NOT_PENDING,409,true,true,ErrorContract.generated.ts/errorStatus,1,01_core_hexin/services/commerce/src/foundation/infrastructure/InboxStore.ts:15,[FACT] 定义合法；当前精确字面量消费者已记录
ERR-AU-007-0450,01_core_hexin/packages/contract/definitions/errors.yml:901,INSUFFICIENT_ACCOUNT_BALANCE,500,true,true,ErrorContract.generated.ts/errorStatus,0,,[FACT] 定义合法；零精确字面量不是删除证据
ERR-AU-007-0451,01_core_hexin/packages/contract/definitions/errors.yml:903,INSUFFICIENT_BALANCE,409,true,true,ErrorContract.generated.ts/errorStatus,0,,[FACT] 定义合法；零精确字面量不是删除证据
ERR-AU-007-0452,01_core_hexin/packages/contract/definitions/errors.yml:905,INSUFFICIENT_INVENTORY,500,true,true,ErrorContract.generated.ts/errorStatus,0,,[FACT] 定义合法；零精确字面量不是删除证据
ERR-AU-007-0453,01_core_hexin/packages/contract/definitions/errors.yml:907,INSUFFICIENT_SIMULATION_POINTS,500,true,true,ErrorContract.generated.ts/errorStatus,0,,[FACT] 定义合法；零精确字面量不是删除证据
ERR-AU-007-0454,01_core_hexin/packages/contract/definitions/errors.yml:909,INSUFFICIENT_SIMULATION_VOUCHER,500,true,true,ErrorContract.generated.ts/errorStatus,0,,[FACT] 定义合法；零精确字面量不是删除证据
ERR-AU-007-0455,01_core_hexin/packages/contract/definitions/errors.yml:911,INTERNAL_ERROR,500,true,true,ErrorContract.generated.ts/errorStatus,0,,[FACT] 定义合法；零精确字面量不是删除证据
ERR-AU-007-0456,01_core_hexin/packages/contract/definitions/errors.yml:913,INTERNAL_PAYMENT_ACTOR_NOT_AUTHORIZED,500,true,true,ErrorContract.generated.ts/errorStatus,0,,[FACT] 定义合法；零精确字面量不是删除证据
ERR-AU-007-0457,01_core_hexin/packages/contract/definitions/errors.yml:915,INTERNAL_PAYMENT_INPUT_INVALID,400,true,true,ErrorContract.generated.ts/errorStatus,0,,[FACT] 定义合法；零精确字面量不是删除证据
ERR-AU-007-0458,01_core_hexin/packages/contract/definitions/errors.yml:917,INTERNAL_PAYMENT_INTENT_ALREADY_EXISTS,500,true,true,ErrorContract.generated.ts/errorStatus,0,,[FACT] 定义合法；零精确字面量不是删除证据
ERR-AU-007-0459,01_core_hexin/packages/contract/definitions/errors.yml:919,INTERNAL_PAYMENT_INTENT_EVIDENCE_INVALID,400,true,true,ErrorContract.generated.ts/errorStatus,0,,[FACT] 定义合法；零精确字面量不是删除证据
ERR-AU-007-0460,01_core_hexin/packages/contract/definitions/errors.yml:921,INTERNAL_PAYMENT_INTENT_INCOMPLETE,500,true,true,ErrorContract.generated.ts/errorStatus,0,,[FACT] 定义合法；零精确字面量不是删除证据
ERR-AU-007-0461,01_core_hexin/packages/contract/definitions/errors.yml:923,INVALID_ADDRESS_ID,500,true,true,ErrorContract.generated.ts/errorStatus,0,,[FACT] 定义合法；零精确字面量不是删除证据
ERR-AU-007-0462,01_core_hexin/packages/contract/definitions/errors.yml:925,INVALID_ADDRESS_INPUT,500,true,true,ErrorContract.generated.ts/errorStatus,0,,[FACT] 定义合法；零精确字面量不是删除证据
ERR-AU-007-0463,01_core_hexin/packages/contract/definitions/errors.yml:927,INVALID_ADMIN_CATALOG_QUERY,500,true,true,ErrorContract.generated.ts/errorStatus,0,,[FACT] 定义合法；零精确字面量不是删除证据
ERR-AU-007-0464,01_core_hexin/packages/contract/definitions/errors.yml:929,INVALID_ADMIN_ORDER_EXPORT,500,true,true,ErrorContract.generated.ts/errorStatus,0,,[FACT] 定义合法；零精确字面量不是删除证据
ERR-AU-007-0465,01_core_hexin/packages/contract/definitions/errors.yml:931,INVALID_ADMIN_ORDER_QUERY,500,true,true,ErrorContract.generated.ts/errorStatus,0,,[FACT] 定义合法；零精确字面量不是删除证据
ERR-AU-007-0466,01_core_hexin/packages/contract/definitions/errors.yml:933,INVALID_AFTER_SALE_INPUT,500,true,true,ErrorContract.generated.ts/errorStatus,0,,[FACT] 定义合法；零精确字面量不是删除证据
ERR-AU-007-0467,01_core_hexin/packages/contract/definitions/errors.yml:935,INVALID_AFTER_SALE_REVIEW_INPUT,500,true,true,ErrorContract.generated.ts/errorStatus,0,,[FACT] 定义合法；零精确字面量不是删除证据
ERR-AU-007-0468,01_core_hexin/packages/contract/definitions/errors.yml:937,INVALID_CART_QUANTITY,500,true,true,ErrorContract.generated.ts/errorStatus,0,,[FACT] 定义合法；零精确字面量不是删除证据
ERR-AU-007-0469,01_core_hexin/packages/contract/definitions/errors.yml:939,INVALID_CATALOG_IMPORT_INPUT,500,true,true,ErrorContract.generated.ts/errorStatus,0,,[FACT] 定义合法；零精确字面量不是删除证据
ERR-AU-007-0470,01_core_hexin/packages/contract/definitions/errors.yml:941,INVALID_CHECKOUT_INPUT,500,true,true,ErrorContract.generated.ts/errorStatus,0,,[FACT] 定义合法；零精确字面量不是删除证据
ERR-AU-007-0471,01_core_hexin/packages/contract/definitions/errors.yml:943,INVALID_CLIENT_ERROR_INPUT,500,true,true,ErrorContract.generated.ts/errorStatus,0,,[FACT] 定义合法；零精确字面量不是删除证据
ERR-AU-007-0472,01_core_hexin/packages/contract/definitions/errors.yml:945,INVALID_EXPORT_JOB,400,true,true,ErrorContract.generated.ts/errorStatus,0,,[FACT] 定义合法；零精确字面量不是删除证据
ERR-AU-007-0473,01_core_hexin/packages/contract/definitions/errors.yml:947,INVALID_IMPORT_SUMMARY,500,true,true,ErrorContract.generated.ts/errorStatus,0,,[FACT] 定义合法；零精确字面量不是删除证据
ERR-AU-007-0474,01_core_hexin/packages/contract/definitions/errors.yml:949,INVALID_INVENTORY_CUTOVER_QUERY,500,true,true,ErrorContract.generated.ts/errorStatus,0,,[FACT] 定义合法；零精确字面量不是删除证据
ERR-AU-007-0475,01_core_hexin/packages/contract/definitions/errors.yml:951,INVALID_INVENTORY_CUTOVER_REVIEW,500,true,true,ErrorContract.generated.ts/errorStatus,0,,[FACT] 定义合法；零精确字面量不是删除证据
ERR-AU-007-0476,01_core_hexin/packages/contract/definitions/errors.yml:953,INVALID_INVITATION_INPUT,400,true,true,ErrorContract.generated.ts/errorStatus,7,01_core_hexin/services/commerce/src/modules/identity/05_interface_jieru/http/MembershipInvitationOperations.ts:59,[FACT] 定义合法；当前精确字面量消费者已记录
ERR-AU-007-0477,01_core_hexin/packages/contract/definitions/errors.yml:955,INVALID_MEMBER_PROFILE,500,true,true,ErrorContract.generated.ts/errorStatus,0,,[FACT] 定义合法；零精确字面量不是删除证据
ERR-AU-007-0478,01_core_hexin/packages/contract/definitions/errors.yml:957,INVALID_MIGRATION_FILENAME,500,true,true,ErrorContract.generated.ts/errorStatus,0,,[FACT] 定义合法；零精确字面量不是删除证据
ERR-AU-007-0479,01_core_hexin/packages/contract/definitions/errors.yml:959,INVALID_ORDER_EXPORT_INPUT,500,true,true,ErrorContract.generated.ts/errorStatus,0,,[FACT] 定义合法；零精确字面量不是删除证据
ERR-AU-007-0480,01_core_hexin/packages/contract/definitions/errors.yml:961,INVALID_ORDER_INPUT,500,true,true,ErrorContract.generated.ts/errorStatus,0,,[FACT] 定义合法；零精确字面量不是删除证据
ERR-AU-007-0481,01_core_hexin/packages/contract/definitions/errors.yml:963,INVALID_PRODUCT_STATUS_INPUT,500,true,true,ErrorContract.generated.ts/errorStatus,0,,[FACT] 定义合法；零精确字面量不是删除证据
ERR-AU-007-0482,01_core_hexin/packages/contract/definitions/errors.yml:965,INVALID_SIMULATION_BENEFIT,500,true,true,ErrorContract.generated.ts/errorStatus,0,,[FACT] 定义合法；零精确字面量不是删除证据
ERR-AU-007-0483,01_core_hexin/packages/contract/definitions/errors.yml:967,INVALID_SIMULATION_PAYMENT,500,true,true,ErrorContract.generated.ts/errorStatus,0,,[FACT] 定义合法；零精确字面量不是删除证据
ERR-AU-007-0484,01_core_hexin/packages/contract/definitions/errors.yml:969,INVALID_SIMULATION_RECHARGE,500,true,true,ErrorContract.generated.ts/errorStatus,0,,[FACT] 定义合法；零精确字面量不是删除证据
ERR-AU-007-0485,01_core_hexin/packages/contract/definitions/errors.yml:971,INVALID_TEST_CATALOG_BATCH,500,true,true,ErrorContract.generated.ts/errorStatus,0,,[FACT] 定义合法；零精确字面量不是删除证据
ERR-AU-007-0486,01_core_hexin/packages/contract/definitions/errors.yml:973,INVALID_TEST_CATALOG_ITEM,500,true,true,ErrorContract.generated.ts/errorStatus,0,,[FACT] 定义合法；零精确字面量不是删除证据
ERR-AU-007-0487,01_core_hexin/packages/contract/definitions/errors.yml:975,INVALID_VOUCHER_APPROVAL_INPUT,500,true,true,ErrorContract.generated.ts/errorStatus,0,,[FACT] 定义合法；零精确字面量不是删除证据
ERR-AU-007-0488,01_core_hexin/packages/contract/definitions/errors.yml:977,INVALID_VOUCHER_ISSUE_INPUT,500,true,true,ErrorContract.generated.ts/errorStatus,0,,[FACT] 定义合法；零精确字面量不是删除证据
ERR-AU-007-0489,01_core_hexin/packages/contract/definitions/errors.yml:979,INVALID_VOUCHER_RECONCILIATION_INPUT,500,true,true,ErrorContract.generated.ts/errorStatus,0,,[FACT] 定义合法；零精确字面量不是删除证据
ERR-AU-007-0490,01_core_hexin/packages/contract/definitions/errors.yml:981,INVALID_VOUCHER_REDEMPTION_INPUT,500,true,true,ErrorContract.generated.ts/errorStatus,0,,[FACT] 定义合法；零精确字面量不是删除证据
ERR-AU-007-0491,01_core_hexin/packages/contract/definitions/errors.yml:983,INVALID_VOUCHER_RESERVE_INPUT,500,true,true,ErrorContract.generated.ts/errorStatus,0,,[FACT] 定义合法；零精确字面量不是删除证据
ERR-AU-007-0492,01_core_hexin/packages/contract/definitions/errors.yml:985,INVALID_VOUCHER_REVERSAL_INPUT,500,true,true,ErrorContract.generated.ts/errorStatus,0,,[FACT] 定义合法；零精确字面量不是删除证据
ERR-AU-007-0493,01_core_hexin/packages/contract/definitions/errors.yml:987,INVALID_VOUCHER_STATUS_INPUT,500,true,true,ErrorContract.generated.ts/errorStatus,0,,[FACT] 定义合法；零精确字面量不是删除证据
ERR-AU-007-0494,01_core_hexin/packages/contract/definitions/errors.yml:989,INVENTORY_BALANCE_INVALID,400,true,true,ErrorContract.generated.ts/errorStatus,1,01_core_hexin/services/commerce/src/modules/inventory/02_domain_yewu/model/Reservation.ts:23,[FACT] 定义合法；当前精确字面量消费者已记录
ERR-AU-007-0495,01_core_hexin/packages/contract/definitions/errors.yml:991,INVENTORY_COMMAND_COMPLETION_INVALID,400,true,true,ErrorContract.generated.ts/errorStatus,0,,[FACT] 定义合法；零精确字面量不是删除证据
ERR-AU-007-0496,01_core_hexin/packages/contract/definitions/errors.yml:993,INVENTORY_COMMAND_INVALID,400,true,true,ErrorContract.generated.ts/errorStatus,0,,[FACT] 定义合法；零精确字面量不是删除证据
ERR-AU-007-0497,01_core_hexin/packages/contract/definitions/errors.yml:995,INVENTORY_COMMIT_CONFLICT,409,true,true,ErrorContract.generated.ts/errorStatus,1,01_core_hexin/services/commerce/src/modules/inventory/01_public_gongkai/InventoryPort.ts:78,[FACT] 定义合法；当前精确字面量消费者已记录
ERR-AU-007-0498,01_core_hexin/packages/contract/definitions/errors.yml:997,INVENTORY_COMMIT_STOCK_CONFLICT,409,true,true,ErrorContract.generated.ts/errorStatus,0,,[FACT] 定义合法；零精确字面量不是删除证据
ERR-AU-007-0499,01_core_hexin/packages/contract/definitions/errors.yml:999,INVENTORY_COMMIT_TRANSITION_INVALID,409,true,true,ErrorContract.generated.ts/errorStatus,0,,[FACT] 定义合法；零精确字面量不是删除证据
ERR-AU-007-0500,01_core_hexin/packages/contract/definitions/errors.yml:1001,INVENTORY_CUTOVER_ACTIVITY_CONFLICT,409,true,true,ErrorContract.generated.ts/errorStatus,0,,[FACT] 定义合法；零精确字面量不是删除证据
ERR-AU-007-0501,01_core_hexin/packages/contract/definitions/errors.yml:1003,INVENTORY_CUTOVER_NOT_AUTHORIZED,500,true,true,ErrorContract.generated.ts/errorStatus,0,,[FACT] 定义合法；零精确字面量不是删除证据
ERR-AU-007-0502,01_core_hexin/packages/contract/definitions/errors.yml:1005,INVENTORY_CUTOVER_RECONCILIATION_REQUIRED,400,true,true,ErrorContract.generated.ts/errorStatus,0,,[FACT] 定义合法；零精确字面量不是删除证据
ERR-AU-007-0503,01_core_hexin/packages/contract/definitions/errors.yml:1007,INVENTORY_CUTOVER_VERSION_CONFLICT,409,true,true,ErrorContract.generated.ts/errorStatus,0,,[FACT] 定义合法；零精确字面量不是删除证据
ERR-AU-007-0504,01_core_hexin/packages/contract/definitions/errors.yml:1009,INVENTORY_EXPIRE_TRANSITION_INVALID,409,true,true,ErrorContract.generated.ts/errorStatus,0,,[FACT] 定义合法；零精确字面量不是删除证据
ERR-AU-007-0505,01_core_hexin/packages/contract/definitions/errors.yml:1011,INVENTORY_HISTORY_REQUIRES_REVIEW,500,true,true,ErrorContract.generated.ts/errorStatus,0,,[FACT] 定义合法；零精确字面量不是删除证据
ERR-AU-007-0506,01_core_hexin/packages/contract/definitions/errors.yml:1013,INVENTORY_IDEMPOTENCY_CONFLICT,409,true,true,ErrorContract.generated.ts/errorStatus,0,,[FACT] 定义合法；零精确字面量不是删除证据
ERR-AU-007-0507,01_core_hexin/packages/contract/definitions/errors.yml:1015,INVENTORY_IMPORT_BELOW_COMMITMENT,409,true,true,ErrorContract.generated.ts/errorStatus,1,01_core_hexin/services/commerce/src/modules/inventory/03_application_yingyong/StockImport.ts:27,[FACT] 定义合法；当前精确字面量消费者已记录
ERR-AU-007-0508,01_core_hexin/packages/contract/definitions/errors.yml:1017,INVENTORY_IMPORT_STAGE_INCOMPLETE,409,true,true,ErrorContract.generated.ts/errorStatus,1,01_core_hexin/services/commerce/src/modules/inventory/04_adapters_shixian/persistence/PgInventoryImport.ts:52,[FACT] 定义合法；当前精确字面量消费者已记录
ERR-AU-007-0509,01_core_hexin/packages/contract/definitions/errors.yml:1019,INVENTORY_INSPECTION_REFERENCE_INVALID,400,true,true,ErrorContract.generated.ts/errorStatus,0,,[FACT] 定义合法；零精确字面量不是删除证据
ERR-AU-007-0510,01_core_hexin/packages/contract/definitions/errors.yml:1021,INVENTORY_INSUFFICIENT,409,true,true,ErrorContract.generated.ts/errorStatus,1,01_core_hexin/services/commerce/src/modules/inventory/01_public_gongkai/InventoryPort.ts:60,[FACT] 定义合法；当前精确字面量消费者已记录
ERR-AU-007-0511,01_core_hexin/packages/contract/definitions/errors.yml:1023,INVENTORY_ITEMS_DUPLICATED,500,true,true,ErrorContract.generated.ts/errorStatus,0,,[FACT] 定义合法；零精确字面量不是删除证据
ERR-AU-007-0512,01_core_hexin/packages/contract/definitions/errors.yml:1025,INVENTORY_ITEMS_INVALID,400,true,true,ErrorContract.generated.ts/errorStatus,0,,[FACT] 定义合法；零精确字面量不是删除证据
ERR-AU-007-0513,01_core_hexin/packages/contract/definitions/errors.yml:1027,INVENTORY_LEGACY_SNAPSHOT_NEWER_THAN_CANONICAL,500,true,true,ErrorContract.generated.ts/errorStatus,0,,[FACT] 定义合法；零精确字面量不是删除证据
ERR-AU-007-0514,01_core_hexin/packages/contract/definitions/errors.yml:1029,INVENTORY_OPEN_ORDER_RECONCILIATION_REQUIRED,400,true,true,ErrorContract.generated.ts/errorStatus,0,,[FACT] 定义合法；零精确字面量不是删除证据
ERR-AU-007-0515,01_core_hexin/packages/contract/definitions/errors.yml:1031,INVENTORY_ORDER_NOT_EXPIRABLE,500,true,true,ErrorContract.generated.ts/errorStatus,0,,[FACT] 定义合法；零精确字面量不是删除证据
ERR-AU-007-0516,01_core_hexin/packages/contract/definitions/errors.yml:1033,INVENTORY_ORDER_NOT_FOUND,404,true,true,ErrorContract.generated.ts/errorStatus,0,,[FACT] 定义合法；零精确字面量不是删除证据
ERR-AU-007-0517,01_core_hexin/packages/contract/definitions/errors.yml:1035,INVENTORY_ORDER_NOT_RELEASABLE,500,true,true,ErrorContract.generated.ts/errorStatus,0,,[FACT] 定义合法；零精确字面量不是删除证据
ERR-AU-007-0518,01_core_hexin/packages/contract/definitions/errors.yml:1037,INVENTORY_ORDER_NOT_RESERVABLE,500,true,true,ErrorContract.generated.ts/errorStatus,0,,[FACT] 定义合法；零精确字面量不是删除证据
ERR-AU-007-0519,01_core_hexin/packages/contract/definitions/errors.yml:1039,INVENTORY_PAYMENT_COMMIT_INCOMPLETE,500,true,true,ErrorContract.generated.ts/errorStatus,0,,[FACT] 定义合法；零精确字面量不是删除证据
ERR-AU-007-0520,01_core_hexin/packages/contract/definitions/errors.yml:1041,INVENTORY_PAYMENT_ORDER_NOT_FOUND,404,true,true,ErrorContract.generated.ts/errorStatus,0,,[FACT] 定义合法；零精确字面量不是删除证据
ERR-AU-007-0521,01_core_hexin/packages/contract/definitions/errors.yml:1043,INVENTORY_PAYMENT_ORDER_STATE_INVALID,409,true,true,ErrorContract.generated.ts/errorStatus,0,,[FACT] 定义合法；零精确字面量不是删除证据
ERR-AU-007-0522,01_core_hexin/packages/contract/definitions/errors.yml:1045,INVENTORY_PAYMENT_REQUIRED,400,true,true,ErrorContract.generated.ts/errorStatus,0,,[FACT] 定义合法；零精确字面量不是删除证据
ERR-AU-007-0523,01_core_hexin/packages/contract/definitions/errors.yml:1047,INVENTORY_PAYMENT_RESERVATION_ALREADY_COMMITTED,500,true,true,ErrorContract.generated.ts/errorStatus,0,,[FACT] 定义合法；零精确字面量不是删除证据
ERR-AU-007-0524,01_core_hexin/packages/contract/definitions/errors.yml:1049,INVENTORY_PAYMENT_RESERVATION_EXPIRED,500,true,true,ErrorContract.generated.ts/errorStatus,0,,[FACT] 定义合法；零精确字面量不是删除证据
ERR-AU-007-0525,01_core_hexin/packages/contract/definitions/errors.yml:1051,INVENTORY_PAYMENT_RESERVATION_ITEMS_MISMATCH,409,true,true,ErrorContract.generated.ts/errorStatus,0,,[FACT] 定义合法；零精确字面量不是删除证据
ERR-AU-007-0526,01_core_hexin/packages/contract/definitions/errors.yml:1053,INVENTORY_PAYMENT_RESERVATION_MISSING,400,true,true,ErrorContract.generated.ts/errorStatus,0,,[FACT] 定义合法；零精确字面量不是删除证据
ERR-AU-007-0527,01_core_hexin/packages/contract/definitions/errors.yml:1055,INVENTORY_PAYMENT_RESERVATION_TERMINAL,500,true,true,ErrorContract.generated.ts/errorStatus,0,,[FACT] 定义合法；零精确字面量不是删除证据
ERR-AU-007-0528,01_core_hexin/packages/contract/definitions/errors.yml:1057,INVENTORY_QUANTITY_INVALID,400,true,true,ErrorContract.generated.ts/errorStatus,1,01_core_hexin/services/commerce/src/modules/inventory/02_domain_yewu/model/Reservation.ts:9,[FACT] 定义合法；当前精确字面量消费者已记录
ERR-AU-007-0529,01_core_hexin/packages/contract/definitions/errors.yml:1059,INVENTORY_RELEASE_REASON_INVALID,400,true,true,ErrorContract.generated.ts/errorStatus,0,,[FACT] 定义合法；零精确字面量不是删除证据
ERR-AU-007-0530,01_core_hexin/packages/contract/definitions/errors.yml:1061,INVENTORY_RELEASE_TRANSITION_INVALID,409,true,true,ErrorContract.generated.ts/errorStatus,0,,[FACT] 定义合法；零精确字面量不是删除证据
ERR-AU-007-0531,01_core_hexin/packages/contract/definitions/errors.yml:1063,INVENTORY_RESERVATION_ALREADY_EXISTS,500,true,true,ErrorContract.generated.ts/errorStatus,0,,[FACT] 定义合法；零精确字面量不是删除证据
ERR-AU-007-0532,01_core_hexin/packages/contract/definitions/errors.yml:1065,INVENTORY_RESERVATION_FINAL,409,true,true,ErrorContract.generated.ts/errorStatus,1,01_core_hexin/services/commerce/src/modules/inventory/02_domain_yewu/model/Reservation.ts:17,[FACT] 定义合法；当前精确字面量消费者已记录
ERR-AU-007-0533,01_core_hexin/packages/contract/definitions/errors.yml:1067,INVENTORY_RESERVATION_INPUT_INVALID,400,true,true,ErrorContract.generated.ts/errorStatus,0,,[FACT] 定义合法；零精确字面量不是删除证据
ERR-AU-007-0534,01_core_hexin/packages/contract/definitions/errors.yml:1069,INVENTORY_RESERVATION_NOT_EXPIRED,500,true,true,ErrorContract.generated.ts/errorStatus,0,,[FACT] 定义合法；零精确字面量不是删除证据
ERR-AU-007-0535,01_core_hexin/packages/contract/definitions/errors.yml:1071,INVENTORY_RESERVATION_TRANSITION_INVALID,409,true,true,ErrorContract.generated.ts/errorStatus,0,,[FACT] 定义合法；零精确字面量不是删除证据
ERR-AU-007-0536,01_core_hexin/packages/contract/definitions/errors.yml:1073,INVENTORY_RESTOCK_INSPECTION_REQUIRED,400,true,true,ErrorContract.generated.ts/errorStatus,0,,[FACT] 定义合法；零精确字面量不是删除证据
ERR-AU-007-0537,01_core_hexin/packages/contract/definitions/errors.yml:1075,INVENTORY_RESTOCK_NOT_AUTHORIZED,500,true,true,ErrorContract.generated.ts/errorStatus,0,,[FACT] 定义合法；零精确字面量不是删除证据
ERR-AU-007-0538,01_core_hexin/packages/contract/definitions/errors.yml:1077,INVENTORY_RESTOCK_QUANTITY_INVALID,400,true,true,ErrorContract.generated.ts/errorStatus,0,,[FACT] 定义合法；零精确字面量不是删除证据
ERR-AU-007-0539,01_core_hexin/packages/contract/definitions/errors.yml:1079,INVENTORY_RESTOCK_REFERENCE_CONFLICT,409,true,true,ErrorContract.generated.ts/errorStatus,0,,[FACT] 定义合法；零精确字面量不是删除证据
ERR-AU-007-0540,01_core_hexin/packages/contract/definitions/errors.yml:1081,INVENTORY_ROOT_INVALID,400,true,true,ErrorContract.generated.ts/errorStatus,1,04_tools/scripts/release/inventory.mjs:7,[FACT] 定义合法；当前精确字面量消费者已记录
ERR-AU-007-0541,01_core_hexin/packages/contract/definitions/errors.yml:1083,INVENTORY_SKU_UNKNOWN,404,true,true,ErrorContract.generated.ts/errorStatus,1,01_core_hexin/services/commerce/src/modules/inventory/03_application_yingyong/StockImport.ts:14,[FACT] 定义合法；当前精确字面量消费者已记录
ERR-AU-007-0542,01_core_hexin/packages/contract/definitions/errors.yml:1085,INVENTORY_STATUS_INVALID,400,true,true,ErrorContract.generated.ts/errorStatus,1,01_core_hexin/services/commerce/src/modules/inventory/03_application_yingyong/StockImport.ts:12,[FACT] 定义合法；当前精确字面量消费者已记录
ERR-AU-007-0543,01_core_hexin/packages/contract/definitions/errors.yml:1087,INVENTORY_STOCK_IDENTITY_OR_VERSION_INVALID,400,true,true,ErrorContract.generated.ts/errorStatus,0,,[FACT] 定义合法；零精确字面量不是删除证据
ERR-AU-007-0544,01_core_hexin/packages/contract/definitions/errors.yml:1089,INVENTORY_STOCK_NOT_FOUND,404,true,true,ErrorContract.generated.ts/errorStatus,0,,[FACT] 定义合法；零精确字面量不是删除证据
ERR-AU-007-0545,01_core_hexin/packages/contract/definitions/errors.yml:1091,INVENTORY_SYNC_STATE_VERSION_INVALID,400,true,true,ErrorContract.generated.ts/errorStatus,0,,[FACT] 定义合法；零精确字面量不是删除证据
ERR-AU-007-0546,01_core_hexin/packages/contract/definitions/errors.yml:1093,INVITATION_NOT_FOUND,404,true,true,ErrorContract.generated.ts/errorStatus,1,01_core_hexin/services/commerce/src/modules/identity/05_interface_jieru/http/MembershipInvitationOperations.ts:174,[FACT] 定义合法；当前精确字面量消费者已记录
ERR-AU-007-0547,01_core_hexin/packages/contract/definitions/errors.yml:1095,INVITATION_TERMS_CAPABILITY_MISSING,400,true,true,ErrorContract.generated.ts/errorStatus,0,,[FACT] 定义合法；零精确字面量不是删除证据
ERR-AU-007-0548,01_core_hexin/packages/contract/definitions/errors.yml:1097,INVITE_INVALID,400,true,true,ErrorContract.generated.ts/errorStatus,6,01_core_hexin/services/commerce/src/modules/identity/05_interface_jieru/http/MembershipInvitationOperations.ts:133,[FACT] 定义合法；当前精确字面量消费者已记录
ERR-AU-007-0549,01_core_hexin/packages/contract/definitions/errors.yml:1099,INVOICE_CONFIGURATION_INVALID,500,true,true,ErrorContract.generated.ts/errorStatus,1,01_core_hexin/services/commerce/src/modules/finance/04_adapters_shixian/adapter/InvoiceGateway.ts:10,[FACT] 定义合法；当前精确字面量消费者已记录
ERR-AU-007-0550,01_core_hexin/packages/contract/definitions/errors.yml:1101,INVOICE_DECISION_CONFLICT_OR_SEPARATION,409,true,true,ErrorContract.generated.ts/errorStatus,1,01_core_hexin/services/commerce/src/modules/finance/03_application_yingyong/command/RequestInvoice.ts:56,[FACT] 定义合法；当前精确字面量消费者已记录
ERR-AU-007-0551,01_core_hexin/packages/contract/definitions/errors.yml:1103,INVOICE_DECISION_INVALID,400,true,true,ErrorContract.generated.ts/errorStatus,1,01_core_hexin/services/commerce/src/modules/finance/03_application_yingyong/command/RequestInvoice.ts:48,[FACT] 定义合法；当前精确字面量消费者已记录
ERR-AU-007-0552,01_core_hexin/packages/contract/definitions/errors.yml:1105,INVOICE_DOCUMENT_INVALID,400,true,true,ErrorContract.generated.ts/errorStatus,1,01_core_hexin/services/commerce/src/modules/finance/04_adapters_shixian/adapter/InvoiceGateway.ts:27,[FACT] 定义合法；当前精确字面量消费者已记录
ERR-AU-007-0553,01_core_hexin/packages/contract/definitions/errors.yml:1107,INVOICE_LINES_NOT_ELIGIBLE_OR_AMOUNT_MISMATCH,409,true,true,ErrorContract.generated.ts/errorStatus,0,,[FACT] 定义合法；零精确字面量不是删除证据
ERR-AU-007-0554,01_core_hexin/packages/contract/definitions/errors.yml:1109,INVOICE_NOT_RUNNABLE,409,true,true,ErrorContract.generated.ts/errorStatus,1,01_core_hexin/services/commerce/src/modules/finance/05_interface_jieru/job/InvoiceJob.ts:27,[FACT] 定义合法；当前精确字面量消费者已记录
ERR-AU-007-0555,01_core_hexin/packages/contract/definitions/errors.yml:1111,INVOICE_ORIGINAL_DOCUMENT_MISSING,400,true,true,ErrorContract.generated.ts/errorStatus,1,01_core_hexin/services/commerce/src/modules/finance/05_interface_jieru/job/InvoiceJob.ts:32,[FACT] 定义合法；当前精确字面量消费者已记录
ERR-AU-007-0556,01_core_hexin/packages/contract/definitions/errors.yml:1113,INVOICE_PROFILE_OR_SETTLEMENT_INVALID,400,true,true,ErrorContract.generated.ts/errorStatus,1,01_core_hexin/services/commerce/src/modules/finance/03_application_yingyong/command/RequestInvoice.ts:34,[FACT] 定义合法；当前精确字面量消费者已记录
ERR-AU-007-0557,01_core_hexin/packages/contract/definitions/errors.yml:1115,INVOICE_PROVIDER_RESPONSE_INVALID,400,true,true,ErrorContract.generated.ts/errorStatus,1,01_core_hexin/services/commerce/src/modules/finance/04_adapters_shixian/adapter/InvoiceGateway.ts:24,[FACT] 定义合法；当前精确字面量消费者已记录
ERR-AU-007-0558,01_core_hexin/packages/contract/definitions/errors.yml:1117,INVOICE_PROVIDER_UNAVAILABLE,503,true,true,ErrorContract.generated.ts/errorStatus,1,01_core_hexin/services/commerce/src/modules/finance/04_adapters_shixian/adapter/InvoiceGateway.ts:21,[FACT] 定义合法；当前精确字面量消费者已记录
ERR-AU-007-0559,01_core_hexin/packages/contract/definitions/errors.yml:1119,INVOICE_RED_NOT_ELIGIBLE,409,true,true,ErrorContract.generated.ts/errorStatus,1,01_core_hexin/services/commerce/src/modules/finance/03_application_yingyong/command/RequestInvoice.ts:72,[FACT] 定义合法；当前精确字面量消费者已记录
ERR-AU-007-0560,01_core_hexin/packages/contract/definitions/errors.yml:1121,INVOICE_STATE_CONFLICT,409,true,true,ErrorContract.generated.ts/errorStatus,1,01_core_hexin/services/commerce/src/modules/finance/05_interface_jieru/job/InvoiceJob.ts:58,[FACT] 定义合法；当前精确字面量消费者已记录
ERR-AU-007-0561,01_core_hexin/packages/contract/definitions/errors.yml:1123,ISSUE_ORDER_LOCKED,409,true,true,ErrorContract.generated.ts/errorStatus,0,,[FACT] 定义合法；零精确字面量不是删除证据
ERR-AU-007-0562,01_core_hexin/packages/contract/definitions/errors.yml:1125,JDFRESH_MANIFEST_SIGNATURE_MISSING,400,true,true,ErrorContract.generated.ts/errorStatus,1,01_core_hexin/extensions/providers/jdfresh/manifest.ts:22,[FACT] 定义合法；当前精确字面量消费者已记录
ERR-AU-007-0563,01_core_hexin/packages/contract/definitions/errors.yml:1127,JDPRODUCT_MANIFEST_SIGNATURE_MISSING,400,true,true,ErrorContract.generated.ts/errorStatus,1,01_core_hexin/extensions/providers/jdproduct/manifest.ts:22,[FACT] 定义合法；当前精确字面量消费者已记录
ERR-AU-007-0564,01_core_hexin/packages/contract/definitions/errors.yml:1129,JOB_CATALOG_DUPLICATE,500,true,true,ErrorContract.generated.ts/errorStatus,1,01_core_hexin/services/commerce/src/app/jobs.ts:114,[FACT] 定义合法；当前精确字面量消费者已记录
ERR-AU-007-0565,01_core_hexin/packages/contract/definitions/errors.yml:1131,JOB_CLAIM_ARGUMENT_INVALID,500,true,true,ErrorContract.generated.ts/errorStatus,0,,[FACT] 定义合法；零精确字面量不是删除证据
ERR-AU-007-0566,01_core_hexin/packages/contract/definitions/errors.yml:1133,JOB_CONFIGURATION_INVALID,500,true,true,ErrorContract.generated.ts/errorStatus,0,,[FACT] 定义合法；零精确字面量不是删除证据
ERR-AU-007-0567,01_core_hexin/packages/contract/definitions/errors.yml:1135,JOB_DUPLICATE,500,true,true,ErrorContract.generated.ts/errorStatus,0,,[FACT] 定义合法；零精确字面量不是删除证据
ERR-AU-007-0568,01_core_hexin/packages/contract/definitions/errors.yml:1137,JOB_KIND_MISMATCH,500,true,true,ErrorContract.generated.ts/errorStatus,26,01_core_hexin/services/commerce/src/foundation/application/BatchImport.ts:30,[FACT] 定义合法；当前精确字面量消费者已记录
ERR-AU-007-0569,01_core_hexin/packages/contract/definitions/errors.yml:1139,JOB_LEASE_LOST,500,true,true,ErrorContract.generated.ts/errorStatus,3,01_core_hexin/services/commerce/src/foundation/application/JobRunner.ts:90,[FACT] 定义合法；当前精确字面量消费者已记录
ERR-AU-007-0570,01_core_hexin/packages/contract/definitions/errors.yml:1141,JOB_PAYLOAD_INVALID,500,true,true,ErrorContract.generated.ts/errorStatus,19,01_core_hexin/services/commerce/src/modules/benefit/05_interface_jieru/job/BenefitDeadletter.ts:46,[FACT] 定义合法；当前精确字面量消费者已记录
ERR-AU-007-0571,01_core_hexin/packages/contract/definitions/errors.yml:1143,JOB_REGISTRY_FROZEN,500,true,true,ErrorContract.generated.ts/errorStatus,1,01_core_hexin/services/commerce/src/bootstrap/JobRegistry.ts:17,[FACT] 定义合法；当前精确字面量消费者已记录
ERR-AU-007-0572,01_core_hexin/packages/contract/definitions/errors.yml:1145,JOB_REGISTRY_NOT_FROZEN,500,true,true,ErrorContract.generated.ts/errorStatus,1,01_core_hexin/services/commerce/src/bootstrap/JobRegistry.ts:28,[FACT] 定义合法；当前精确字面量消费者已记录
ERR-AU-007-0573,01_core_hexin/packages/contract/definitions/errors.yml:1147,JOB_RUNTIME_CATALOG_DRIFT,500,true,true,ErrorContract.generated.ts/errorStatus,1,01_core_hexin/services/commerce/src/entry/JobsMain.ts:18,[FACT] 定义合法；当前精确字面量消费者已记录
ERR-AU-007-0574,01_core_hexin/packages/contract/definitions/errors.yml:1149,JSON_OBJECT_REQUIRED,400,true,true,ErrorContract.generated.ts/errorStatus,4,01_core_hexin/services/commerce/src/modules/channel/03_application_yingyong/command/CreateConnection.ts:65,[FACT] 定义合法；当前精确字面量消费者已记录
ERR-AU-007-0575,01_core_hexin/packages/contract/definitions/errors.yml:1151,JSON_VALUE_INVALID,400,true,true,ErrorContract.generated.ts/errorStatus,0,,[FACT] 定义合法；零精确字面量不是删除证据
ERR-AU-007-0576,01_core_hexin/packages/contract/definitions/errors.yml:1153,KMS_DECRYPT_FAILED,500,true,true,ErrorContract.generated.ts/errorStatus,1,01_core_hexin/services/commerce/src/foundation/infrastructure/KmsClient.ts:43,[FACT] 定义合法；当前精确字面量消费者已记录
ERR-AU-007-0577,01_core_hexin/packages/contract/definitions/errors.yml:1155,KMS_DECRYPT_INPUT_INVALID,500,true,true,ErrorContract.generated.ts/errorStatus,1,01_core_hexin/services/commerce/src/foundation/infrastructure/KmsClient.ts:38,[FACT] 定义合法；当前精确字面量消费者已记录
ERR-AU-007-0578,01_core_hexin/packages/contract/definitions/errors.yml:1157,KMS_ENCRYPT_FAILED,500,true,true,ErrorContract.generated.ts/errorStatus,1,01_core_hexin/services/commerce/src/foundation/infrastructure/KmsClient.ts:29,[FACT] 定义合法；当前精确字面量消费者已记录
ERR-AU-007-0579,01_core_hexin/packages/contract/definitions/errors.yml:1159,KMS_ENDPOINT_INVALID,500,true,true,ErrorContract.generated.ts/errorStatus,1,01_core_hexin/services/commerce/src/foundation/infrastructure/KmsClient.ts:15,[FACT] 定义合法；当前精确字面量消费者已记录
ERR-AU-007-0580,01_core_hexin/packages/contract/definitions/errors.yml:1161,KMS_ENVELOPE_INVALID,500,true,true,ErrorContract.generated.ts/errorStatus,1,01_core_hexin/services/commerce/src/foundation/infrastructure/KmsClient.ts:33,[FACT] 定义合法；当前精确字面量消费者已记录
ERR-AU-007-0581,01_core_hexin/packages/contract/definitions/errors.yml:1163,KMS_KEY_REFERENCE_INVALID,500,true,true,ErrorContract.generated.ts/errorStatus,1,01_core_hexin/services/commerce/src/foundation/infrastructure/KmsClient.ts:21,[FACT] 定义合法；当前精确字面量消费者已记录
ERR-AU-007-0582,01_core_hexin/packages/contract/definitions/errors.yml:1165,KMS_PLAINTEXT_EMPTY,500,true,true,ErrorContract.generated.ts/errorStatus,1,01_core_hexin/services/commerce/src/foundation/infrastructure/KmsClient.ts:22,[FACT] 定义合法；当前精确字面量消费者已记录
ERR-AU-007-0583,01_core_hexin/packages/contract/definitions/errors.yml:1167,KMS_PLAINTEXT_INVALID,500,true,true,ErrorContract.generated.ts/errorStatus,1,01_core_hexin/services/commerce/src/foundation/infrastructure/KmsClient.ts:45,[FACT] 定义合法；当前精确字面量消费者已记录
ERR-AU-007-0584,01_core_hexin/packages/contract/definitions/errors.yml:1169,LEASE_ARGUMENT_INVALID,400,true,true,ErrorContract.generated.ts/errorStatus,2,01_core_hexin/services/commerce/src/foundation/infrastructure/LeaseStore.ts:15,[FACT] 定义合法；当前精确字面量消费者已记录
ERR-AU-007-0585,01_core_hexin/packages/contract/definitions/errors.yml:1171,LEASE_DURATION_INVALID,400,true,true,ErrorContract.generated.ts/errorStatus,0,,[FACT] 定义合法；零精确字面量不是删除证据
ERR-AU-007-0586,01_core_hexin/packages/contract/definitions/errors.yml:1173,LEASE_LOST,503,true,true,ErrorContract.generated.ts/errorStatus,1,01_core_hexin/services/commerce/src/foundation/infrastructure/LeaseStore.ts:30,[FACT] 定义合法；当前精确字面量消费者已记录
ERR-AU-007-0587,01_core_hexin/packages/contract/definitions/errors.yml:1175,LEGACY_BENEFIT_ENTRY_STILL_PRESENT,500,true,true,ErrorContract.generated.ts/errorStatus,0,,[FACT] 定义合法；零精确字面量不是删除证据
ERR-AU-007-0588,01_core_hexin/packages/contract/definitions/errors.yml:1177,LEGACY_INVENTORY_TABLE_REMAINS,500,true,true,ErrorContract.generated.ts/errorStatus,0,,[FACT] 定义合法；零精确字面量不是删除证据
ERR-AU-007-0589,01_core_hexin/packages/contract/definitions/errors.yml:1179,LEGACY_PUBLIC_FUNCTION_REMAINS,500,true,true,ErrorContract.generated.ts/errorStatus,0,,[FACT] 定义合法；零精确字面量不是删除证据
ERR-AU-007-0590,01_core_hexin/packages/contract/definitions/errors.yml:1181,LEGACY_SUPPORT_CASE_REFERENCE_REMAINS,500,true,true,ErrorContract.generated.ts/errorStatus,0,,[FACT] 定义合法；零精确字面量不是删除证据
ERR-AU-007-0591,01_core_hexin/packages/contract/definitions/errors.yml:1183,LEGACY_USER_ROLE_UNMAPPED,500,true,true,ErrorContract.generated.ts/errorStatus,0,,[FACT] 定义合法；零精确字面量不是删除证据
ERR-AU-007-0592,01_core_hexin/packages/contract/definitions/errors.yml:1185,LISTING_NOT_PURCHASABLE,409,true,true,ErrorContract.generated.ts/errorStatus,1,01_core_hexin/services/commerce/src/modules/cart/03_application_yingyong/CartOperations.ts:37,[FACT] 定义合法；当前精确字面量消费者已记录
ERR-AU-007-0593,01_core_hexin/packages/contract/definitions/errors.yml:1187,LOCAL_BASELINE_INCOMPLETE,500,true,true,ErrorContract.generated.ts/errorStatus,0,,[FACT] 定义合法；零精确字面量不是删除证据
ERR-AU-007-0594,01_core_hexin/packages/contract/definitions/errors.yml:1189,LOCAL_CHALLENGE_ENVELOPE_MISSING,500,true,true,ErrorContract.generated.ts/errorStatus,1,04_tools/tools/seed/src/Verify.ts:57,[FACT] 定义合法；当前精确字面量消费者已记录
ERR-AU-007-0595,01_core_hexin/packages/contract/definitions/errors.yml:1191,LOCAL_EMPLOYEE_MEMBERSHIP_SELECTION_INVALID,500,true,true,ErrorContract.generated.ts/errorStatus,1,04_tools/tools/seed/src/Verify.ts:161,[FACT] 定义合法；当前精确字面量消费者已记录
ERR-AU-007-0596,01_core_hexin/packages/contract/definitions/errors.yml:1193,LOCAL_EMPLOYEE_MEMBERSHIPS_INVALID,500,false,true,ErrorContract.generated.ts/errorStatus,1,04_tools/tools/seed/src/Verify.ts:163,[FACT] 定义合法；当前精确字面量消费者已记录
ERR-AU-007-0597,01_core_hexin/packages/contract/definitions/errors.yml:1195,LOCAL_EMPLOYEE_PERMISSIONS_MISSING,500,true,true,ErrorContract.generated.ts/errorStatus,0,,[FACT] 定义合法；零精确字面量不是删除证据
ERR-AU-007-0598,01_core_hexin/packages/contract/definitions/errors.yml:1197,LOCAL_EMPLOYEE_SESSION_COOKIE_MISSING,500,true,true,ErrorContract.generated.ts/errorStatus,1,04_tools/tools/seed/src/Verify.ts:175,[FACT] 定义合法；当前精确字面量消费者已记录
ERR-AU-007-0599,01_core_hexin/packages/contract/definitions/errors.yml:1199,LOCAL_EMPLOYEE_SESSION_INVALID,500,true,true,ErrorContract.generated.ts/errorStatus,18,04_tools/tools/seed/src/Verify.ts:91,[FACT] 定义合法；当前精确字面量消费者已记录
ERR-AU-007-0600,01_core_hexin/packages/contract/definitions/errors.yml:1201,LOCAL_EMPLOYEE_SESSION_PERMISSIONS_INVALID,500,true,true,ErrorContract.generated.ts/errorStatus,1,04_tools/tools/seed/src/Verify.ts:186,[FACT] 定义合法；当前精确字面量消费者已记录
ERR-AU-007-0601,01_core_hexin/packages/contract/definitions/errors.yml:1203,LOCAL_EMPLOYEE_SESSION_PERMISSIONS_MISSING,500,true,true,ErrorContract.generated.ts/errorStatus,0,,[FACT] 定义合法；零精确字面量不是删除证据
ERR-AU-007-0602,01_core_hexin/packages/contract/definitions/errors.yml:1205,LOCAL_EMPLOYEE_STOREFRONT_MEMBERSHIP_MISSING,500,true,true,ErrorContract.generated.ts/errorStatus,1,04_tools/tools/seed/src/Verify.ts:170,[FACT] 定义合法；当前精确字面量消费者已记录
ERR-AU-007-0603,01_core_hexin/packages/contract/definitions/errors.yml:1207,LOCAL_ETHAN_OPERATOR_MEMBERSHIP_MISSING,500,true,true,ErrorContract.generated.ts/errorStatus,1,04_tools/tools/seed/src/Seed.ts:54,[FACT] 定义合法；当前精确字面量消费者已记录
ERR-AU-007-0604,01_core_hexin/packages/contract/definitions/errors.yml:1209,LOCAL_ETHAN_PRINCIPAL_MISSING,500,true,true,ErrorContract.generated.ts/errorStatus,1,04_tools/tools/seed/src/Seed.ts:37,[FACT] 定义合法；当前精确字面量消费者已记录
ERR-AU-007-0605,01_core_hexin/packages/contract/definitions/errors.yml:1211,LOCAL_ETHAN_STOREFRONT_MEMBERSHIP_MISSING,500,true,true,ErrorContract.generated.ts/errorStatus,1,04_tools/tools/seed/src/Seed.ts:61,[FACT] 定义合法；当前精确字面量消费者已记录
ERR-AU-007-0606,01_core_hexin/packages/contract/definitions/errors.yml:1213,LOCAL_HEALTH_FAILED,500,true,true,ErrorContract.generated.ts/errorStatus,0,,[FACT] 定义合法；零精确字面量不是删除证据
ERR-AU-007-0607,01_core_hexin/packages/contract/definitions/errors.yml:1215,LOCAL_HTTP_FAILED,500,true,true,ErrorContract.generated.ts/errorStatus,0,,[FACT] 定义合法；零精确字面量不是删除证据
ERR-AU-007-0608,01_core_hexin/packages/contract/definitions/errors.yml:1217,LOCAL_HTTP_JSON_INVALID,500,true,true,ErrorContract.generated.ts/errorStatus,1,04_tools/tools/localinfra/src/LocalClient.ts:9,[FACT] 定义合法；当前精确字面量消费者已记录
ERR-AU-007-0609,01_core_hexin/packages/contract/definitions/errors.yml:1219,LOCAL_HTTPS_CONFIGURATION_INVALID,500,false,true,ErrorContract.generated.ts/errorStatus,1,04_tools/tools/localinfra/src/Http.ts:43,[FACT] 定义合法；当前精确字面量消费者已记录
ERR-AU-007-0610,01_core_hexin/packages/contract/definitions/errors.yml:1221,LOCAL_JSON_INVALID,500,true,true,ErrorContract.generated.ts/errorStatus,1,04_tools/tools/localinfra/src/Verify.ts:49,[FACT] 定义合法；当前精确字面量消费者已记录
ERR-AU-007-0611,01_core_hexin/packages/contract/definitions/errors.yml:1223,LOCAL_KMS_ENVELOPE_INVALID,500,true,true,ErrorContract.generated.ts/errorStatus,1,04_tools/tools/localinfra/src/Verify.ts:15,[FACT] 定义合法；当前精确字面量消费者已记录
ERR-AU-007-0612,01_core_hexin/packages/contract/definitions/errors.yml:1225,LOCAL_KMS_MASTER_KEY_INVALID,500,true,true,ErrorContract.generated.ts/errorStatus,1,04_tools/tools/localkms/src/LocalKms.ts:18,[FACT] 定义合法；当前精确字面量消费者已记录
ERR-AU-007-0613,01_core_hexin/packages/contract/definitions/errors.yml:1227,LOCAL_KMS_ROUNDTRIP_FAILED,500,true,true,ErrorContract.generated.ts/errorStatus,2,04_tools/tools/localinfra/src/Verify.ts:20,[FACT] 定义合法；当前精确字面量消费者已记录
ERR-AU-007-0614,01_core_hexin/packages/contract/definitions/errors.yml:1229,LOCAL_LAUNCH_ARGUMENTS_MISSING,500,true,true,ErrorContract.generated.ts/errorStatus,1,04_tools/tools/localinfra/src/Launch.mjs:4,[FACT] 定义合法；当前精确字面量消费者已记录
ERR-AU-007-0615,01_core_hexin/packages/contract/definitions/errors.yml:1231,LOCAL_OBJECT_COMPLETION_INVALID,500,true,true,ErrorContract.generated.ts/errorStatus,1,04_tools/tools/localinfra/src/Verify.ts:36,[FACT] 定义合法；当前精确字面量消费者已记录
ERR-AU-007-0616,01_core_hexin/packages/contract/definitions/errors.yml:1233,LOCAL_OBJECT_METADATA_CORRUPT,500,true,true,ErrorContract.generated.ts/errorStatus,1,04_tools/tools/localobjects/src/LocalObjects.ts:108,[FACT] 定义合法；当前精确字面量消费者已记录
ERR-AU-007-0617,01_core_hexin/packages/contract/definitions/errors.yml:1235,LOCAL_OBJECT_ROUNDTRIP_FAILED,500,true,true,ErrorContract.generated.ts/errorStatus,2,04_tools/tools/localinfra/src/Verify.ts:38,[FACT] 定义合法；当前精确字面量消费者已记录
ERR-AU-007-0618,01_core_hexin/packages/contract/definitions/errors.yml:1237,LOCAL_OBJECT_UPLOAD_INVALID,500,true,true,ErrorContract.generated.ts/errorStatus,1,04_tools/tools/localinfra/src/Verify.ts:27,[FACT] 定义合法；当前精确字面量消费者已记录
ERR-AU-007-0619,01_core_hexin/packages/contract/definitions/errors.yml:1239,LOCAL_OBJECTS_CONFIGURATION_INVALID,500,false,true,ErrorContract.generated.ts/errorStatus,1,04_tools/tools/localobjects/src/LocalObjects.ts:33,[FACT] 定义合法；当前精确字面量消费者已记录
ERR-AU-007-0620,01_core_hexin/packages/contract/definitions/errors.yml:1241,LOCAL_PROCESS_FAILED,500,true,true,ErrorContract.generated.ts/errorStatus,0,,[FACT] 定义合法；零精确字面量不是删除证据
ERR-AU-007-0621,01_core_hexin/packages/contract/definitions/errors.yml:1243,LOCAL_RUNTIME_COUNTS_INVALID,500,true,true,ErrorContract.generated.ts/errorStatus,0,,[FACT] 定义合法；零精确字面量不是删除证据
ERR-AU-007-0622,01_core_hexin/packages/contract/definitions/errors.yml:1245,LOCAL_SECRET_INVALID,500,true,true,ErrorContract.generated.ts/errorStatus,1,04_tools/tools/localinfra/src/Verify.ts:43,[FACT] 定义合法；当前精确字面量消费者已记录
ERR-AU-007-0623,01_core_hexin/packages/contract/definitions/errors.yml:1247,LOCAL_SECRET_MISSING,500,true,true,ErrorContract.generated.ts/errorStatus,0,,[FACT] 定义合法；零精确字面量不是删除证据
ERR-AU-007-0624,01_core_hexin/packages/contract/definitions/errors.yml:1249,LOCAL_SECRET_REQUEST_INVALID,500,true,true,ErrorContract.generated.ts/errorStatus,1,04_tools/tools/localinfra/src/LocalClient.ts:14,[FACT] 定义合法；当前精确字面量消费者已记录
ERR-AU-007-0625,01_core_hexin/packages/contract/definitions/errors.yml:1251,LOCAL_SECRET_VALUE_INVALID,500,true,true,ErrorContract.generated.ts/errorStatus,1,04_tools/tools/localinfra/src/LocalClient.ts:16,[FACT] 定义合法；当前精确字面量消费者已记录
ERR-AU-007-0626,01_core_hexin/packages/contract/definitions/errors.yml:1253,LOCAL_SECRETS_INVALID,500,false,true,ErrorContract.generated.ts/errorStatus,3,04_tools/tools/localinfra/src/Prepare.ts:61,[FACT] 定义合法；当前精确字面量消费者已记录
ERR-AU-007-0627,01_core_hexin/packages/contract/definitions/errors.yml:1255,LOCAL_SERVICE_HEALTH_FAILED,500,true,true,ErrorContract.generated.ts/errorStatus,0,,[FACT] 定义合法；零精确字面量不是删除证据
ERR-AU-007-0628,01_core_hexin/packages/contract/definitions/errors.yml:1257,LOGIN_INTENT_CROSS_NODE_REQUIRED,400,true,true,ErrorContract.generated.ts/errorStatus,1,01_core_hexin/services/commerce/src/modules/identity/05_interface_jieru/http/SessionTicketOperations.ts:229,[FACT] 定义合法；当前精确字面量消费者已记录
ERR-AU-007-0629,01_core_hexin/packages/contract/definitions/errors.yml:1259,LOGIN_INTENT_INVALID,403,true,true,ErrorContract.generated.ts/errorStatus,4,01_core_hexin/services/commerce/src/modules/identity/05_interface_jieru/http/RegistrationOperations.ts:113,[FACT] 定义合法；当前精确字面量消费者已记录
ERR-AU-007-0630,01_core_hexin/packages/contract/definitions/errors.yml:1261,LOGIN_INTENT_TARGET_APPLICATION_INVALID,400,true,true,ErrorContract.generated.ts/errorStatus,1,01_core_hexin/services/commerce/src/modules/identity/05_interface_jieru/http/SessionTicketOperations.ts:227,[FACT] 定义合法；当前精确字面量消费者已记录
ERR-AU-007-0631,01_core_hexin/packages/contract/definitions/errors.yml:1263,LOGIN_INTENT_TARGET_INVALID,403,true,true,ErrorContract.generated.ts/errorStatus,1,01_core_hexin/services/commerce/src/modules/identity/05_interface_jieru/http/SessionTicketOperations.ts:242,[FACT] 定义合法；当前精确字面量消费者已记录
ERR-AU-007-0632,01_core_hexin/packages/contract/definitions/errors.yml:1265,LOGIN_INTENT_TARGET_NODE_INVALID,400,true,true,ErrorContract.generated.ts/errorStatus,1,01_core_hexin/services/commerce/src/modules/identity/05_interface_jieru/http/SessionTicketOperations.ts:219,[FACT] 定义合法；当前精确字面量消费者已记录
ERR-AU-007-0633,01_core_hexin/packages/contract/definitions/errors.yml:1267,LOGIN_INTENT_TARGET_SURFACE_INVALID,400,true,true,ErrorContract.generated.ts/errorStatus,1,01_core_hexin/services/commerce/src/modules/identity/05_interface_jieru/http/SessionTicketOperations.ts:222,[FACT] 定义合法；当前精确字面量消费者已记录
ERR-AU-007-0634,01_core_hexin/packages/contract/definitions/errors.yml:1269,MALL_APPLICATION_ACTION_INVALID,400,true,true,ErrorContract.generated.ts/errorStatus,0,,[FACT] 定义合法；零精确字面量不是删除证据
ERR-AU-007-0635,01_core_hexin/packages/contract/definitions/errors.yml:1271,MALL_APPLICATION_ALREADY_PUBLISHED,500,true,true,ErrorContract.generated.ts/errorStatus,0,,[FACT] 定义合法；零精确字面量不是删除证据
ERR-AU-007-0636,01_core_hexin/packages/contract/definitions/errors.yml:1273,MALL_APPLICATION_CODE_OR_SLUG_CONFLICT,409,true,true,ErrorContract.generated.ts/errorStatus,0,,[FACT] 定义合法；零精确字面量不是删除证据
ERR-AU-007-0637,01_core_hexin/packages/contract/definitions/errors.yml:1275,MALL_APPLICATION_HISTORY_NOT_FOUND,404,true,true,ErrorContract.generated.ts/errorStatus,0,,[FACT] 定义合法；零精确字面量不是删除证据
ERR-AU-007-0638,01_core_hexin/packages/contract/definitions/errors.yml:1277,MALL_APPLICATION_INPUT_INVALID,400,true,true,ErrorContract.generated.ts/errorStatus,0,,[FACT] 定义合法；零精确字面量不是删除证据
ERR-AU-007-0639,01_core_hexin/packages/contract/definitions/errors.yml:1279,MALL_APPLICATION_NOT_FOUND,404,true,true,ErrorContract.generated.ts/errorStatus,0,,[FACT] 定义合法；零精确字面量不是删除证据
ERR-AU-007-0640,01_core_hexin/packages/contract/definitions/errors.yml:1281,MALL_APPLICATION_REASON_REQUIRED,400,true,true,ErrorContract.generated.ts/errorStatus,0,,[FACT] 定义合法；零精确字面量不是删除证据
ERR-AU-007-0641,01_core_hexin/packages/contract/definitions/errors.yml:1283,MALL_APPLICATION_SCHEMA_INVALID,400,true,true,ErrorContract.generated.ts/errorStatus,0,,[FACT] 定义合法；零精确字面量不是删除证据
ERR-AU-007-0642,01_core_hexin/packages/contract/definitions/errors.yml:1285,MALL_APPLICATION_SCOPE_FORBIDDEN,403,true,true,ErrorContract.generated.ts/errorStatus,0,,[FACT] 定义合法；零精确字面量不是删除证据
ERR-AU-007-0643,01_core_hexin/packages/contract/definitions/errors.yml:1287,MALL_APPLICATION_VERSION_CONFLICT,409,true,true,ErrorContract.generated.ts/errorStatus,0,,[FACT] 定义合法；零精确字面量不是删除证据
ERR-AU-007-0644,01_core_hexin/packages/contract/definitions/errors.yml:1289,MALL_FINANCE_POLICY_KIND_FORBIDDEN,403,true,true,ErrorContract.generated.ts/errorStatus,1,01_core_hexin/services/commerce/src/modules/finance/03_application_yingyong/command/FinancePolicyWorkflow.ts:83,[FACT] 定义合法；当前精确字面量消费者已记录
ERR-AU-007-0645,01_core_hexin/packages/contract/definitions/errors.yml:1291,MALL_FINANCE_POLICY_NOT_DELEGATED,403,true,true,ErrorContract.generated.ts/errorStatus,1,01_core_hexin/services/commerce/src/modules/finance/03_application_yingyong/command/FinancePolicyWorkflow.ts:94,[FACT] 定义合法；当前精确字面量消费者已记录
ERR-AU-007-0646,01_core_hexin/packages/contract/definitions/errors.yml:1293,MALL_FINANCE_THRESHOLD_OUT_OF_RANGE,400,true,true,ErrorContract.generated.ts/errorStatus,1,01_core_hexin/services/commerce/src/modules/finance/03_application_yingyong/command/FinancePolicyWorkflow.ts:101,[FACT] 定义合法；当前精确字面量消费者已记录
ERR-AU-007-0647,01_core_hexin/packages/contract/definitions/errors.yml:1295,MANAGEMENT_PERMISSION_ORGANIZATION_MISMATCH,409,true,true,ErrorContract.generated.ts/errorStatus,1,01_core_hexin/services/commerce/src/modules/access/03_application_yingyong/AccessOperations.ts:379,[FACT] 定义合法；当前精确字面量消费者已记录
ERR-AU-007-0648,01_core_hexin/packages/contract/definitions/errors.yml:1297,MANAGEMENT_PERMISSION_REALM_MISMATCH,409,true,true,ErrorContract.generated.ts/errorStatus,1,01_core_hexin/services/commerce/src/modules/access/03_application_yingyong/AccessOperations.ts:374,[FACT] 定义合法；当前精确字面量消费者已记录
ERR-AU-007-0649,01_core_hexin/packages/contract/definitions/errors.yml:1299,MANAGEMENT_PERMISSION_TARGET_NOT_ACTIVE_OPERATOR,409,true,true,ErrorContract.generated.ts/errorStatus,2,01_core_hexin/services/commerce/src/modules/access/03_application_yingyong/AccessOperations.ts:98,[FACT] 定义合法；当前精确字面量消费者已记录
ERR-AU-007-0650,01_core_hexin/packages/contract/definitions/errors.yml:1301,MARKETING_BUDGET_CONFLICT,409,true,true,ErrorContract.generated.ts/errorStatus,1,01_core_hexin/services/commerce/src/modules/marketing/05_interface_jieru/MarketingPort.ts:17,[FACT] 定义合法；当前精确字面量消费者已记录
ERR-AU-007-0651,01_core_hexin/packages/contract/definitions/errors.yml:1303,MARKETING_RULE_INVALID,400,true,true,ErrorContract.generated.ts/errorStatus,1,01_core_hexin/services/commerce/src/modules/checkout_jiesuan/03_application_yingyong/queries_duqu/QuoteReader.ts:279,[FACT] 定义合法；当前精确字面量消费者已记录
ERR-AU-007-0652,01_core_hexin/packages/contract/definitions/errors.yml:1305,MEAL_MANIFEST_SIGNATURE_MISSING,400,true,true,ErrorContract.generated.ts/errorStatus,1,01_core_hexin/extensions/providers/meal/manifest.ts:21,[FACT] 定义合法；当前精确字面量消费者已记录
ERR-AU-007-0653,01_core_hexin/packages/contract/definitions/errors.yml:1307,MEMBER_CLIENT_INVALID,400,true,true,ErrorContract.generated.ts/errorStatus,1,01_core_hexin/services/commerce/src/modules/member/03_application_yingyong/MemberProfileImport.ts:12,[FACT] 定义合法；当前精确字面量消费者已记录
ERR-AU-007-0654,01_core_hexin/packages/contract/definitions/errors.yml:1309,MEMBER_DATA_SCOPE_RESOLVER_MISSING,400,true,true,ErrorContract.generated.ts/errorStatus,0,,[FACT] 定义合法；零精确字面量不是删除证据
ERR-AU-007-0655,01_core_hexin/packages/contract/definitions/errors.yml:1311,MEMBER_IMPORT_PROGRESS_INVALID,400,true,true,ErrorContract.generated.ts/errorStatus,0,,[FACT] 定义合法；零精确字面量不是删除证据
ERR-AU-007-0656,01_core_hexin/packages/contract/definitions/errors.yml:1313,MEMBER_IMPORT_STAGE_INCOMPLETE,500,true,true,ErrorContract.generated.ts/errorStatus,1,01_core_hexin/services/commerce/src/modules/member/04_adapters_shixian/persistence/PgMemberImport.ts:53,[FACT] 定义合法；当前精确字面量消费者已记录
ERR-AU-007-0657,01_core_hexin/packages/contract/definitions/errors.yml:1315,MEMBER_MEMBERSHIP_COMPATIBILITY_REMAINS,500,true,true,ErrorContract.generated.ts/errorStatus,0,,[FACT] 定义合法；零精确字面量不是删除证据
ERR-AU-007-0658,01_core_hexin/packages/contract/definitions/errors.yml:1317,MEMBER_OPERATION_AUDIENCE_MISMATCH,409,true,true,ErrorContract.generated.ts/errorStatus,0,,[FACT] 定义合法；零精确字面量不是删除证据
ERR-AU-007-0659,01_core_hexin/packages/contract/definitions/errors.yml:1319,MEMBER_PROFILE_NOT_FOUND,404,true,true,ErrorContract.generated.ts/errorStatus,3,01_core_hexin/services/commerce/src/modules/identity/05_interface_jieru/http/MobileWechatOperations.ts:95,[FACT] 定义合法；当前精确字面量消费者已记录
ERR-AU-007-0660,01_core_hexin/packages/contract/definitions/errors.yml:1321,MEMBERSHIP_CREATE_FAILED,500,false,true,ErrorContract.generated.ts/errorStatus,3,01_core_hexin/services/commerce/src/modules/access/01_public_gongkai/AccessPort.ts:78,[FACT] 定义合法；当前精确字面量消费者已记录
ERR-AU-007-0661,01_core_hexin/packages/contract/definitions/errors.yml:1323,MEMBERSHIP_FUNCTION_SOURCE_UNEXPECTED,500,true,true,ErrorContract.generated.ts/errorStatus,0,,[FACT] 定义合法；零精确字面量不是删除证据
ERR-AU-007-0662,01_core_hexin/packages/contract/definitions/errors.yml:1325,MEMBERSHIP_INACTIVE,403,true,true,ErrorContract.generated.ts/errorStatus,8,01_core_hexin/services/commerce/src/foundation/security/AccessPipeline.ts:65,[FACT] 定义合法；当前精确字面量消费者已记录
ERR-AU-007-0663,01_core_hexin/packages/contract/definitions/errors.yml:1327,MEMBERSHIP_NOT_FOUND,404,true,true,ErrorContract.generated.ts/errorStatus,7,01_core_hexin/services/commerce/src/modules/access/01_public_gongkai/AccessPort.ts:129,[FACT] 定义合法；当前精确字面量消费者已记录
ERR-AU-007-0664,01_core_hexin/packages/contract/definitions/errors.yml:1329,MEMBERSHIP_ORGANIZATION_ORPHAN,500,true,true,ErrorContract.generated.ts/errorStatus,0,,[FACT] 定义合法；零精确字面量不是删除证据
ERR-AU-007-0665,01_core_hexin/packages/contract/definitions/errors.yml:1331,MEMBERSHIP_OWNER_CHANGED,409,true,true,ErrorContract.generated.ts/errorStatus,1,01_core_hexin/services/commerce/src/modules/notification/03_application_yingyong/command/ChangePreference.ts:41,[FACT] 定义合法；当前精确字面量消费者已记录
ERR-AU-007-0666,01_core_hexin/packages/contract/definitions/errors.yml:1333,MEMBERSHIP_RESOLVER_INVALID,400,true,true,ErrorContract.generated.ts/errorStatus,0,,[FACT] 定义合法；零精确字面量不是删除证据
ERR-AU-007-0667,01_core_hexin/packages/contract/definitions/errors.yml:1335,MEMBERSHIP_SCOPE_DUPLICATE,409,true,true,ErrorContract.generated.ts/errorStatus,0,,[FACT] 定义合法；零精确字面量不是删除证据
ERR-AU-007-0668,01_core_hexin/packages/contract/definitions/errors.yml:1337,MEMBERSHIP_SCOPE_KIND_MISMATCH,409,true,true,ErrorContract.generated.ts/errorStatus,0,,[FACT] 定义合法；零精确字面量不是删除证据
ERR-AU-007-0669,01_core_hexin/packages/contract/definitions/errors.yml:1339,MEMBERSHIP_SCOPE_KIND_RESERVED,500,true,true,ErrorContract.generated.ts/errorStatus,0,,[FACT] 定义合法；零精确字面量不是删除证据
ERR-AU-007-0670,01_core_hexin/packages/contract/definitions/errors.yml:1341,MEMBERSHIP_SCOPE_OUTSIDE_TENANT,500,true,true,ErrorContract.generated.ts/errorStatus,0,,[FACT] 定义合法；零精确字面量不是删除证据
ERR-AU-007-0671,01_core_hexin/packages/contract/definitions/errors.yml:1343,MEMBERSHIP_STATUS_INVALID,400,true,true,ErrorContract.generated.ts/errorStatus,1,01_core_hexin/services/commerce/src/modules/identity/05_interface_jieru/http/MembershipInvitationOperations.ts:254,[FACT] 定义合法；当前精确字面量消费者已记录
ERR-AU-007-0672,01_core_hexin/packages/contract/definitions/errors.yml:1345,MIGRATION_HISTORY_CONTRACT_INVALID,500,true,true,ErrorContract.generated.ts/errorStatus,1,01_core_hexin/services/commerce/src/foundation/infrastructure/MigrationRunner.ts:98,[FACT] 定义合法；当前精确字面量消费者已记录
ERR-AU-007-0673,01_core_hexin/packages/contract/definitions/errors.yml:1347,MIGRATION_HISTORY_FILESET_DRIFT,500,true,true,ErrorContract.generated.ts/errorStatus,1,01_core_hexin/services/commerce/src/foundation/infrastructure/MigrationRunner.ts:100,[FACT] 定义合法；当前精确字面量消费者已记录
ERR-AU-007-0674,01_core_hexin/packages/contract/definitions/errors.yml:1349,MIGRATION_HISTORY_HASH_DRIFT,500,true,true,ErrorContract.generated.ts/errorStatus,0,,[FACT] 定义合法；零精确字面量不是删除证据
ERR-AU-007-0675,01_core_hexin/packages/contract/definitions/errors.yml:1351,MIGRATION_ROLE_INVALID,500,true,true,ErrorContract.generated.ts/errorStatus,1,01_core_hexin/services/commerce/src/foundation/infrastructure/MigrationRunner.ts:93,[FACT] 定义合法；当前精确字面量消费者已记录
ERR-AU-007-0676,01_core_hexin/packages/contract/definitions/errors.yml:1353,MIGRATION_SOURCE_SNAPSHOT_REF_INVALID,500,true,true,ErrorContract.generated.ts/errorStatus,1,01_core_hexin/services/commerce/src/entry/MigrationMain.ts:9,[FACT] 定义合法；当前精确字面量消费者已记录
ERR-AU-007-0677,01_core_hexin/packages/contract/definitions/errors.yml:1355,MIGRATION_TARGET_INVALID,500,true,true,ErrorContract.generated.ts/errorStatus,1,01_core_hexin/services/commerce/src/foundation/infrastructure/MigrationRunner.ts:74,[FACT] 定义合法；当前精确字面量消费者已记录
ERR-AU-007-0678,01_core_hexin/packages/contract/definitions/errors.yml:1357,MINIAPP_BRAND_GENERATED_DRIFT,500,true,true,ErrorContract.generated.ts/errorStatus,1,04_tools/scripts/build-miniapp-theme.mjs:51,[FACT] 定义合法；当前精确字面量消费者已记录
ERR-AU-007-0679,01_core_hexin/packages/contract/definitions/errors.yml:1359,MINIAPP_CONTRACT_GENERATED_DRIFT,500,true,true,ErrorContract.generated.ts/errorStatus,1,04_tools/scripts/build-miniapp-contract.mjs:14,[FACT] 定义合法；当前精确字面量消费者已记录
ERR-AU-007-0680,01_core_hexin/packages/contract/definitions/errors.yml:1361,MINIAPP_DEEPLINK_GENERATED_DRIFT,409,true,true,ErrorContract.generated.ts/errorStatus,1,04_tools/scripts/build-miniapp-contract.mjs:15,[FACT] 定义合法；当前精确字面量消费者已记录
ERR-AU-007-0681,01_core_hexin/packages/contract/definitions/errors.yml:1363,MINIAPP_ENVIRONMENT_GENERATED_DRIFT,500,true,true,ErrorContract.generated.ts/errorStatus,1,04_tools/scripts/build-miniapp-environment.mjs:11,[FACT] 定义合法；当前精确字面量消费者已记录
ERR-AU-007-0682,01_core_hexin/packages/contract/definitions/errors.yml:1365,MINIAPP_EXACT_SCHEMA_NOT_GENERATED,500,true,true,ErrorContract.generated.ts/errorStatus,0,,[FACT] 定义合法；零精确字面量不是删除证据
ERR-AU-007-0683,01_core_hexin/packages/contract/definitions/errors.yml:1367,MINIAPP_OPERATION_EXECUTOR_REQUIRED,500,true,true,ErrorContract.generated.ts/errorStatus,1,04_tools/tools/contractgen/src/ContractGenerator.ts:364,[FACT] 定义合法；当前精确字面量消费者已记录
ERR-AU-007-0684,01_core_hexin/packages/contract/definitions/errors.yml:1369,MINIAPP_SCOPE_NOT_ALLOWED,403,true,true,ErrorContract.generated.ts/errorStatus,0,,[FACT] 定义合法；零精确字面量不是删除证据
ERR-AU-007-0685,01_core_hexin/packages/contract/definitions/errors.yml:1371,MINIAPP_THEME_GENERATED_DRIFT,500,true,true,ErrorContract.generated.ts/errorStatus,1,04_tools/scripts/build-miniapp-theme.mjs:50,[FACT] 定义合法；当前精确字面量消费者已记录
ERR-AU-007-0686,01_core_hexin/packages/contract/definitions/errors.yml:1373,MINIAPP_WING_CODE_GENERATED_DRIFT,409,true,true,ErrorContract.generated.ts/errorStatus,1,04_tools/scripts/build-miniapp-theme.mjs:52,[FACT] 定义合法；当前精确字面量消费者已记录
ERR-AU-007-0687,01_core_hexin/packages/contract/definitions/errors.yml:1375,MOBILE_ASSURANCE_REQUIRED,403,true,true,ErrorContract.generated.ts/errorStatus,2,01_core_hexin/services/commerce/src/modules/order_dingdan/03_application_yingyong/commands_xieru/PlaceOrder.ts:95,[FACT] 定义合法；当前精确字面量消费者已记录
ERR-AU-007-0688,01_core_hexin/packages/contract/definitions/errors.yml:1377,MOBILE_INVALID,400,true,true,ErrorContract.generated.ts/errorStatus,3,01_core_hexin/packages/kernel/src/Mobile.ts:10,[FACT] 定义合法；当前精确字面量消费者已记录
ERR-AU-007-0689,01_core_hexin/packages/contract/definitions/errors.yml:1379,MODULE_DEPENDENCY_CYCLE,500,true,true,ErrorContract.generated.ts/errorStatus,0,,[FACT] 定义合法；零精确字面量不是删除证据
ERR-AU-007-0690,01_core_hexin/packages/contract/definitions/errors.yml:1381,MODULE_DEPENDENCY_MISSING,500,true,true,ErrorContract.generated.ts/errorStatus,0,,[FACT] 定义合法；零精确字面量不是删除证据
ERR-AU-007-0691,01_core_hexin/packages/contract/definitions/errors.yml:1383,MODULE_DUPLICATE,500,true,true,ErrorContract.generated.ts/errorStatus,0,,[FACT] 定义合法；零精确字面量不是删除证据
ERR-AU-007-0692,01_core_hexin/packages/contract/definitions/errors.yml:1385,MODULE_OPERATION_CATALOG_MISMATCH,500,true,true,ErrorContract.generated.ts/errorStatus,0,,[FACT] 定义合法；零精确字面量不是删除证据
ERR-AU-007-0693,01_core_hexin/packages/contract/definitions/errors.yml:1387,MODULE_OPERATION_FACTORY_MISSING,500,true,true,ErrorContract.generated.ts/errorStatus,0,,[FACT] 定义合法；零精确字面量不是删除证据
ERR-AU-007-0694,01_core_hexin/packages/contract/definitions/errors.yml:1389,MODULE_OPERATION_OWNER_MISMATCH,500,true,true,ErrorContract.generated.ts/errorStatus,0,,[FACT] 定义合法；零精确字面量不是删除证据
ERR-AU-007-0695,01_core_hexin/packages/contract/definitions/errors.yml:1391,MONEY_CURRENCY_MISMATCH,409,true,true,ErrorContract.generated.ts/errorStatus,1,01_core_hexin/packages/kernel/src/Money.ts:39,[FACT] 定义合法；当前精确字面量消费者已记录
ERR-AU-007-0696,01_core_hexin/packages/contract/definitions/errors.yml:1393,MONEY_FACTOR_INVALID,400,true,true,ErrorContract.generated.ts/errorStatus,1,01_core_hexin/packages/kernel/src/Money.ts:28,[FACT] 定义合法；当前精确字面量消费者已记录
ERR-AU-007-0697,01_core_hexin/packages/contract/definitions/errors.yml:1395,MONEY_MINOR_INVALID,400,true,true,ErrorContract.generated.ts/errorStatus,1,01_core_hexin/packages/kernel/src/Money.ts:9,[FACT] 定义合法；当前精确字面量消费者已记录
ERR-AU-007-0698,01_core_hexin/packages/contract/definitions/errors.yml:1397,MONEY_OVERFLOW,500,true,true,ErrorContract.generated.ts/errorStatus,2,01_core_hexin/packages/kernel/src/Money.ts:30,[FACT] 定义合法；当前精确字面量消费者已记录
ERR-AU-007-0699,01_core_hexin/packages/contract/definitions/errors.yml:1399,MOVIE_MANIFEST_SIGNATURE_MISSING,400,true,true,ErrorContract.generated.ts/errorStatus,1,01_core_hexin/extensions/providers/movie/manifest.ts:22,[FACT] 定义合法；当前精确字面量消费者已记录
ERR-AU-007-0700,01_core_hexin/packages/contract/definitions/errors.yml:1401,MULTIPLE_PACKAGE_LOCKS,500,true,true,ErrorContract.generated.ts/errorStatus,0,,[FACT] 定义合法；零精确字面量不是删除证据
ERR-AU-007-0701,01_core_hexin/packages/contract/definitions/errors.yml:1403,MVP_DATABASE_CONNECTION_OVERLAP,500,true,true,ErrorContract.generated.ts/errorStatus,2,04_tools/scripts/audit/mvp-kernel.mjs:257,[FACT] 定义合法；当前精确字面量消费者已记录
ERR-AU-007-0702,01_core_hexin/packages/contract/definitions/errors.yml:1405,MVP_DATABASE_TRANSACTION_NOT_CLOSED,500,true,true,ErrorContract.generated.ts/errorStatus,1,04_tools/scripts/audit/mvp-kernel.mjs:266,[FACT] 定义合法；当前精确字面量消费者已记录
ERR-AU-007-0703,01_core_hexin/packages/contract/definitions/errors.yml:1407,MVP_DELIVERY_COUNT_INVALID,400,true,true,ErrorContract.generated.ts/errorStatus,1,04_tools/scripts/check-platform-delivery.mjs:12,[FACT] 定义合法；当前精确字面量消费者已记录
ERR-AU-007-0704,01_core_hexin/packages/contract/definitions/errors.yml:1409,MVP_DELIVERY_ID_DRIFT,500,true,true,ErrorContract.generated.ts/errorStatus,1,04_tools/scripts/check-platform-delivery.mjs:13,[FACT] 定义合法；当前精确字面量消费者已记录
ERR-AU-007-0705,01_core_hexin/packages/contract/definitions/errors.yml:1411,MVP_EVIDENCE_MISSING,400,true,true,ErrorContract.generated.ts/errorStatus,0,,[FACT] 定义合法；零精确字面量不是删除证据
ERR-AU-007-0706,01_core_hexin/packages/contract/definitions/errors.yml:1413,MVP_MODULE_MISSING,400,true,true,ErrorContract.generated.ts/errorStatus,0,,[FACT] 定义合法；零精确字面量不是删除证据
ERR-AU-007-0707,01_core_hexin/packages/contract/definitions/errors.yml:1415,MVP_OBJECT_STORE_NOT_AVAILABLE,500,true,true,ErrorContract.generated.ts/errorStatus,1,04_tools/scripts/audit/mvp-kernel.mjs:192,[FACT] 定义合法；当前精确字面量消费者已记录
ERR-AU-007-0708,01_core_hexin/packages/contract/definitions/errors.yml:1417,MVP_OPERATION_MISSING,400,true,true,ErrorContract.generated.ts/errorStatus,0,,[FACT] 定义合法；零精确字面量不是删除证据
ERR-AU-007-0709,01_core_hexin/packages/contract/definitions/errors.yml:1419,MVP_OUTBOX_RELAY_DID_NOT_DRAIN,500,true,true,ErrorContract.generated.ts/errorStatus,1,04_tools/scripts/audit/mvp-kernel.mjs:168,[FACT] 定义合法；当前精确字面量消费者已记录
ERR-AU-007-0710,01_core_hexin/packages/contract/definitions/errors.yml:1421,MVP_REQUIREMENT_COUNT_INVALID,400,true,true,ErrorContract.generated.ts/errorStatus,1,04_tools/tools/requirementgen/src/RequirementGenerator.ts:124,[FACT] 定义合法；当前精确字面量消费者已记录
ERR-AU-007-0711,01_core_hexin/packages/contract/definitions/errors.yml:1423,MVP_ROUTE_INVALID,400,true,true,ErrorContract.generated.ts/errorStatus,0,,[FACT] 定义合法；零精确字面量不是删除证据
ERR-AU-007-0712,01_core_hexin/packages/contract/definitions/errors.yml:1425,MVP_STATUS_INVALID,400,true,true,ErrorContract.generated.ts/errorStatus,0,,[FACT] 定义合法；零精确字面量不是删除证据
ERR-AU-007-0713,01_core_hexin/packages/contract/definitions/errors.yml:1427,MVP_TABLE_MISSING,400,true,true,ErrorContract.generated.ts/errorStatus,0,,[FACT] 定义合法；零精确字面量不是删除证据
ERR-AU-007-0714,01_core_hexin/packages/contract/definitions/errors.yml:1429,NEXT_ENVIRONMENT_UNAVAILABLE,500,true,true,ErrorContract.generated.ts/errorStatus,0,,[FACT] 定义合法；零精确字面量不是删除证据
ERR-AU-007-0715,01_core_hexin/packages/contract/definitions/errors.yml:1431,NODE_ENVIRONMENT_UNAVAILABLE,500,true,true,ErrorContract.generated.ts/errorStatus,1,01_core_hexin/packages/config/src/Environment.ts:6,[FACT] 定义合法；当前精确字面量消费者已记录
ERR-AU-007-0716,01_core_hexin/packages/contract/definitions/errors.yml:1433,NOT_FOUND,404,true,true,ErrorContract.generated.ts/errorStatus,0,,[FACT] 定义合法；零精确字面量不是删除证据
ERR-AU-007-0717,01_core_hexin/packages/contract/definitions/errors.yml:1435,NOTIFICATION_ANNOUNCEMENT_INVALID,400,false,true,ErrorContract.generated.ts/errorStatus,1,01_core_hexin/services/commerce/src/modules/notification/02_domain_yewu/model/Announcement.ts:13,[FACT] 定义合法；当前精确字面量消费者已记录
ERR-AU-007-0718,01_core_hexin/packages/contract/definitions/errors.yml:1437,NOTIFICATION_ANNOUNCEMENT_STATE_INVALID,409,true,true,ErrorContract.generated.ts/errorStatus,1,01_core_hexin/services/commerce/src/modules/notification/03_application_yingyong/command/SaveAnnouncement.ts:27,[FACT] 定义合法；当前精确字面量消费者已记录
ERR-AU-007-0719,01_core_hexin/packages/contract/definitions/errors.yml:1439,NOTIFICATION_ATTEMPT_INVALID,400,true,true,ErrorContract.generated.ts/errorStatus,1,01_core_hexin/services/commerce/src/modules/notification/02_domain_yewu/model/Dispatch.ts:19,[FACT] 定义合法；当前精确字面量消费者已记录
ERR-AU-007-0720,01_core_hexin/packages/contract/definitions/errors.yml:1441,NOTIFICATION_AUDIENCE_INVALID,400,true,true,ErrorContract.generated.ts/errorStatus,1,01_core_hexin/services/commerce/src/modules/notification/02_domain_yewu/model/Announcement.ts:25,[FACT] 定义合法；当前精确字面量消费者已记录
ERR-AU-007-0721,01_core_hexin/packages/contract/definitions/errors.yml:1443,NOTIFICATION_AUTHORIZATION_INVALID,400,true,true,ErrorContract.generated.ts/errorStatus,1,01_core_hexin/services/commerce/src/modules/notification/03_application_yingyong/command/ChangePreference.ts:63,[FACT] 定义合法；当前精确字面量消费者已记录
ERR-AU-007-0722,01_core_hexin/packages/contract/definitions/errors.yml:1445,NOTIFICATION_CHANNEL_INVALID,400,true,true,ErrorContract.generated.ts/errorStatus,2,01_core_hexin/services/commerce/src/modules/notification/03_application_yingyong/command/ChangePreference.ts:53,[FACT] 定义合法；当前精确字面量消费者已记录
ERR-AU-007-0723,01_core_hexin/packages/contract/definitions/errors.yml:1447,NOTIFICATION_DISPATCH_BACKFILL_INCOMPLETE,500,true,true,ErrorContract.generated.ts/errorStatus,0,,[FACT] 定义合法；零精确字面量不是删除证据
ERR-AU-007-0724,01_core_hexin/packages/contract/definitions/errors.yml:1449,NOTIFICATION_DISPATCH_INVALID,400,true,true,ErrorContract.generated.ts/errorStatus,1,01_core_hexin/services/commerce/src/modules/notification/02_domain_yewu/model/Dispatch.ts:13,[FACT] 定义合法；当前精确字面量消费者已记录
ERR-AU-007-0725,01_core_hexin/packages/contract/definitions/errors.yml:1451,NOTIFICATION_ENDPOINT_CHANNEL_INVALID,400,true,true,ErrorContract.generated.ts/errorStatus,1,01_core_hexin/services/commerce/src/modules/notification/03_application_yingyong/command/ChangePreference.ts:57,[FACT] 定义合法；当前精确字面量消费者已记录
ERR-AU-007-0726,01_core_hexin/packages/contract/definitions/errors.yml:1453,NOTIFICATION_EVENT_INVALID,400,true,true,ErrorContract.generated.ts/errorStatus,1,01_core_hexin/services/commerce/src/modules/notification/03_application_yingyong/command/ChangePreference.ts:60,[FACT] 定义合法；当前精确字面量消费者已记录
ERR-AU-007-0727,01_core_hexin/packages/contract/definitions/errors.yml:1455,NOTIFICATION_IDENTITY_IMMUTABLE,500,true,true,ErrorContract.generated.ts/errorStatus,0,,[FACT] 定义合法；零精确字面量不是删除证据
ERR-AU-007-0728,01_core_hexin/packages/contract/definitions/errors.yml:1457,NOTIFICATION_JOB_SUBTYPE_INVALID,400,true,true,ErrorContract.generated.ts/errorStatus,1,01_core_hexin/services/commerce/src/modules/notification/05_interface_jieru/job/NotificationJob.ts:14,[FACT] 定义合法；当前精确字面量消费者已记录
ERR-AU-007-0729,01_core_hexin/packages/contract/definitions/errors.yml:1459,NOTIFICATION_MEMBER_INVALID,400,true,true,ErrorContract.generated.ts/errorStatus,1,01_core_hexin/services/commerce/src/modules/notification/03_application_yingyong/command/DispatchNotification.ts:105,[FACT] 定义合法；当前精确字面量消费者已记录
ERR-AU-007-0730,01_core_hexin/packages/contract/definitions/errors.yml:1461,NOTIFICATION_PLACEHOLDER_INVALID,400,true,true,ErrorContract.generated.ts/errorStatus,1,01_core_hexin/services/commerce/src/modules/notification/02_domain_yewu/model/Template.ts:63,[FACT] 定义合法；当前精确字面量消费者已记录
ERR-AU-007-0731,01_core_hexin/packages/contract/definitions/errors.yml:1463,NOTIFICATION_PLACEHOLDER_UNDECLARED,400,true,true,ErrorContract.generated.ts/errorStatus,0,,[FACT] 定义合法；零精确字面量不是删除证据
ERR-AU-007-0732,01_core_hexin/packages/contract/definitions/errors.yml:1465,NOTIFICATION_PREFERENCE_INVALID,400,true,true,ErrorContract.generated.ts/errorStatus,1,01_core_hexin/services/commerce/src/modules/notification/02_domain_yewu/model/Preference.ts:12,[FACT] 定义合法；当前精确字面量消费者已记录
ERR-AU-007-0733,01_core_hexin/packages/contract/definitions/errors.yml:1467,NOTIFICATION_PROVIDER_TEMPLATE_REQUIRED,400,true,true,ErrorContract.generated.ts/errorStatus,1,01_core_hexin/services/commerce/src/modules/notification/02_domain_yewu/model/Template.ts:18,[FACT] 定义合法；当前精确字面量消费者已记录
ERR-AU-007-0734,01_core_hexin/packages/contract/definitions/errors.yml:1469,NOTIFICATION_RECIPIENT_MISSING,400,true,true,ErrorContract.generated.ts/errorStatus,1,01_core_hexin/services/commerce/src/modules/notification/03_application_yingyong/command/DispatchNotification.ts:107,[FACT] 定义合法；当前精确字面量消费者已记录
ERR-AU-007-0735,01_core_hexin/packages/contract/definitions/errors.yml:1471,NOTIFICATION_SCOPE_REQUIRED,400,true,true,ErrorContract.generated.ts/errorStatus,1,01_core_hexin/services/commerce/src/modules/notification/03_application_yingyong/command/DispatchNotification.ts:22,[FACT] 定义合法；当前精确字面量消费者已记录
ERR-AU-007-0736,01_core_hexin/packages/contract/definitions/errors.yml:1473,NOTIFICATION_SUBSCRIPTION_AUTHORIZATION_REQUIRED,400,true,true,ErrorContract.generated.ts/errorStatus,1,01_core_hexin/services/commerce/src/modules/notification/03_application_yingyong/command/ChangePreference.ts:31,[FACT] 定义合法；当前精确字面量消费者已记录
ERR-AU-007-0737,01_core_hexin/packages/contract/definitions/errors.yml:1475,NOTIFICATION_SUBSCRIPTION_REJECTED,400,true,true,ErrorContract.generated.ts/errorStatus,1,01_core_hexin/services/commerce/src/modules/notification/02_domain_yewu/model/Preference.ts:13,[FACT] 定义合法；当前精确字面量消费者已记录
ERR-AU-007-0738,01_core_hexin/packages/contract/definitions/errors.yml:1477,NOTIFICATION_TEMPLATE_FIELD_INVALID,400,true,true,ErrorContract.generated.ts/errorStatus,1,01_core_hexin/services/commerce/src/modules/notification/03_application_yingyong/command/SaveTemplate.ts:36,[FACT] 定义合法；当前精确字面量消费者已记录
ERR-AU-007-0739,01_core_hexin/packages/contract/definitions/errors.yml:1479,NOTIFICATION_TEMPLATE_ID_CONFLICT,409,true,true,ErrorContract.generated.ts/errorStatus,1,01_core_hexin/services/commerce/src/modules/notification/03_application_yingyong/command/SaveTemplate.ts:17,[FACT] 定义合法；当前精确字面量消费者已记录
ERR-AU-007-0740,01_core_hexin/packages/contract/definitions/errors.yml:1481,NOTIFICATION_TEMPLATE_IMMUTABLE_OR_TRANSITION_INVALID,409,true,true,ErrorContract.generated.ts/errorStatus,1,01_core_hexin/services/commerce/src/modules/notification/03_application_yingyong/command/SaveTemplate.ts:18,[FACT] 定义合法；当前精确字面量消费者已记录
ERR-AU-007-0741,01_core_hexin/packages/contract/definitions/errors.yml:1483,NOTIFICATION_TEMPLATE_INVALID,400,true,true,ErrorContract.generated.ts/errorStatus,3,01_core_hexin/services/commerce/src/modules/notification/02_domain_yewu/model/Template.ts:13,[FACT] 定义合法；当前精确字面量消费者已记录
ERR-AU-007-0742,01_core_hexin/packages/contract/definitions/errors.yml:1485,NOTIFICATION_TEMPLATE_STATE_INVALID,409,true,true,ErrorContract.generated.ts/errorStatus,1,01_core_hexin/services/commerce/src/modules/notification/03_application_yingyong/command/SaveTemplate.ts:28,[FACT] 定义合法；当前精确字面量消费者已记录
ERR-AU-007-0743,01_core_hexin/packages/contract/definitions/errors.yml:1487,NOTIFICATION_VARIABLE_INVALID,400,true,true,ErrorContract.generated.ts/errorStatus,0,,[FACT] 定义合法；零精确字面量不是删除证据
ERR-AU-007-0744,01_core_hexin/packages/contract/definitions/errors.yml:1489,NOTIFICATION_VARIABLE_SCHEMA_INVALID,400,true,true,ErrorContract.generated.ts/errorStatus,2,01_core_hexin/services/commerce/src/modules/notification/02_domain_yewu/model/Template.ts:39,[FACT] 定义合法；当前精确字面量消费者已记录
ERR-AU-007-0745,01_core_hexin/packages/contract/definitions/errors.yml:1491,OBJECT_AUTHORIZATION_INVALID,400,true,true,ErrorContract.generated.ts/errorStatus,1,01_core_hexin/services/commerce/src/foundation/infrastructure/ObjectStore.ts:82,[FACT] 定义合法；当前精确字面量消费者已记录
ERR-AU-007-0746,01_core_hexin/packages/contract/definitions/errors.yml:1493,OBJECT_AUTHORIZATION_RESPONSE_INVALID,400,true,true,ErrorContract.generated.ts/errorStatus,1,01_core_hexin/services/commerce/src/foundation/infrastructure/ObjectStore.ts:88,[FACT] 定义合法；当前精确字面量消费者已记录
ERR-AU-007-0747,01_core_hexin/packages/contract/definitions/errors.yml:1495,OBJECT_METADATA_INVALID,400,true,true,ErrorContract.generated.ts/errorStatus,2,01_core_hexin/services/commerce/src/foundation/infrastructure/ObjectStore.ts:53,[FACT] 定义合法；当前精确字面量消费者已记录
ERR-AU-007-0748,01_core_hexin/packages/contract/definitions/errors.yml:1497,OBJECT_PATH_INVALID,400,true,true,ErrorContract.generated.ts/errorStatus,1,01_core_hexin/services/commerce/src/foundation/infrastructure/ObjectStore.ts:44,[FACT] 定义合法；当前精确字面量消费者已记录
ERR-AU-007-0749,01_core_hexin/packages/contract/definitions/errors.yml:1499,OBJECT_READ_METADATA_INVALID,400,true,true,ErrorContract.generated.ts/errorStatus,1,01_core_hexin/services/commerce/src/foundation/infrastructure/ObjectStore.ts:60,[FACT] 定义合法；当前精确字面量消费者已记录
ERR-AU-007-0750,01_core_hexin/packages/contract/definitions/errors.yml:1501,OBJECT_READ_SIZE_INVALID,400,true,true,ErrorContract.generated.ts/errorStatus,1,01_core_hexin/services/commerce/src/foundation/infrastructure/ObjectStore.ts:66,[FACT] 定义合法；当前精确字面量消费者已记录
ERR-AU-007-0751,01_core_hexin/packages/contract/definitions/errors.yml:1503,OBJECT_READ_TOO_LARGE,413,true,true,ErrorContract.generated.ts/errorStatus,1,01_core_hexin/services/commerce/src/foundation/infrastructure/ObjectStore.ts:64,[FACT] 定义合法；当前精确字面量消费者已记录
ERR-AU-007-0752,01_core_hexin/packages/contract/definitions/errors.yml:1505,OBJECT_REFERENCE_INVALID,400,true,true,ErrorContract.generated.ts/errorStatus,1,01_core_hexin/services/commerce/src/foundation/infrastructure/ObjectStore.ts:71,[FACT] 定义合法；当前精确字面量消费者已记录
ERR-AU-007-0753,01_core_hexin/packages/contract/definitions/errors.yml:1507,OBJECT_STORE_CONFIGURATION_INVALID,500,true,true,ErrorContract.generated.ts/errorStatus,1,01_core_hexin/services/commerce/src/foundation/infrastructure/ObjectStore.ts:31,[FACT] 定义合法；当前精确字面量消费者已记录
ERR-AU-007-0754,01_core_hexin/packages/contract/definitions/errors.yml:1509,OBJECT_STORE_UNAVAILABLE,503,true,true,ErrorContract.generated.ts/errorStatus,2,01_core_hexin/services/commerce/src/foundation/infrastructure/ObjectStore.ts:49,[FACT] 定义合法；当前精确字面量消费者已记录
ERR-AU-007-0755,01_core_hexin/packages/contract/definitions/errors.yml:1511,OBJECT_UPLOAD_CHUNK_INVALID,400,true,true,ErrorContract.generated.ts/errorStatus,1,01_core_hexin/services/commerce/src/foundation/infrastructure/ObjectStore.ts:115,[FACT] 定义合法；当前精确字面量消费者已记录
ERR-AU-007-0756,01_core_hexin/packages/contract/definitions/errors.yml:1513,OBJECT_UPLOAD_EMPTY,400,true,true,ErrorContract.generated.ts/errorStatus,1,01_core_hexin/services/commerce/src/foundation/infrastructure/ObjectStore.ts:124,[FACT] 定义合法；当前精确字面量消费者已记录
ERR-AU-007-0757,01_core_hexin/packages/contract/definitions/errors.yml:1515,OBJECT_UPLOAD_INTEGRITY_INVALID,400,true,true,ErrorContract.generated.ts/errorStatus,1,01_core_hexin/services/commerce/src/foundation/infrastructure/ObjectStore.ts:130,[FACT] 定义合法；当前精确字面量消费者已记录
ERR-AU-007-0758,01_core_hexin/packages/contract/definitions/errors.yml:1517,OBJECT_UPLOAD_METADATA_INVALID,400,true,true,ErrorContract.generated.ts/errorStatus,1,01_core_hexin/services/commerce/src/foundation/infrastructure/ObjectStore.ts:36,[FACT] 定义合法；当前精确字面量消费者已记录
ERR-AU-007-0759,01_core_hexin/packages/contract/definitions/errors.yml:1519,OBJECT_UPLOAD_RESPONSE_INVALID,400,true,true,ErrorContract.generated.ts/errorStatus,1,01_core_hexin/services/commerce/src/foundation/infrastructure/ObjectStore.ts:39,[FACT] 定义合法；当前精确字面量消费者已记录
ERR-AU-007-0760,01_core_hexin/packages/contract/definitions/errors.yml:1521,OFFLINE_FINAL_ACTION_FORBIDDEN,403,true,true,ErrorContract.generated.ts/errorStatus,0,,[FACT] 定义合法；零精确字面量不是删除证据
ERR-AU-007-0761,01_core_hexin/packages/contract/definitions/errors.yml:1523,OFFLINE_INTENT_INVALID,400,true,true,ErrorContract.generated.ts/errorStatus,0,,[FACT] 定义合法；零精确字面量不是删除证据
ERR-AU-007-0762,01_core_hexin/packages/contract/definitions/errors.yml:1525,OFFLINE_QUEUE_FULL,429,true,true,ErrorContract.generated.ts/errorStatus,0,,[FACT] 定义合法；零精确字面量不是删除证据
ERR-AU-007-0763,01_core_hexin/packages/contract/definitions/errors.yml:1527,OPENSSL_NOT_FOUND,500,true,true,ErrorContract.generated.ts/errorStatus,1,04_tools/tools/localinfra/src/Prepare.ts:310,[FACT] 定义合法；当前精确字面量消费者已记录
ERR-AU-007-0764,01_core_hexin/packages/contract/definitions/errors.yml:1529,OPERATION_ABORTED,408,true,true,ErrorContract.generated.ts/errorStatus,6,01_core_hexin/packages/kernel/src/RateLimiter.ts:40,[FACT] 定义合法；当前精确字面量消费者已记录
ERR-AU-007-0765,01_core_hexin/packages/contract/definitions/errors.yml:1531,OPERATION_ACTION_MISSING,400,true,true,ErrorContract.generated.ts/errorStatus,6,01_core_hexin/services/commerce/src/modules/runtime/CatalogOperatorRuntimeOperations.ts:30,[FACT] 定义合法；当前精确字面量消费者已记录
ERR-AU-007-0766,01_core_hexin/packages/contract/definitions/errors.yml:1533,OPERATION_AUDIENCE_DRIFT,500,true,true,ErrorContract.generated.ts/errorStatus,0,,[FACT] 定义合法；零精确字面量不是删除证据
ERR-AU-007-0767,01_core_hexin/packages/contract/definitions/errors.yml:1535,OPERATION_FROZEN,409,true,true,ErrorContract.generated.ts/errorStatus,1,01_core_hexin/packages/contract/src/OperationCatalog.ts:19,[FACT] 定义合法；当前精确字面量消费者已记录
ERR-AU-007-0768,01_core_hexin/packages/contract/definitions/errors.yml:1537,OPERATION_HANDLER_DUPLICATE,500,true,true,ErrorContract.generated.ts/errorStatus,0,,[FACT] 定义合法；零精确字面量不是删除证据
ERR-AU-007-0769,01_core_hexin/packages/contract/definitions/errors.yml:1539,OPERATION_HANDLER_MISSING,500,true,true,ErrorContract.generated.ts/errorStatus,0,,[FACT] 定义合法；零精确字面量不是删除证据
ERR-AU-007-0770,01_core_hexin/packages/contract/definitions/errors.yml:1541,OPERATION_ID_DUPLICATE,500,true,true,ErrorContract.generated.ts/errorStatus,1,01_core_hexin/packages/contract/src/OperationCatalog.ts:9,[FACT] 定义合法；当前精确字面量消费者已记录
ERR-AU-007-0771,01_core_hexin/packages/contract/definitions/errors.yml:1543,OPERATION_ID_INVALID,500,true,true,ErrorContract.generated.ts/errorStatus,1,01_core_hexin/packages/contract/src/Operation.ts:82,[FACT] 定义合法；当前精确字面量消费者已记录
ERR-AU-007-0772,01_core_hexin/packages/contract/definitions/errors.yml:1545,OPERATION_INPUT_INVALID,400,true,true,ErrorContract.generated.ts/errorStatus,1,01_core_hexin/services/commerce/src/modules/identity/05_interface_jieru/http/MobileWechatOperations.ts:161,[FACT] 定义合法；当前精确字面量消费者已记录
ERR-AU-007-0773,01_core_hexin/packages/contract/definitions/errors.yml:1547,OPERATION_PATH_INVALID,500,true,true,ErrorContract.generated.ts/errorStatus,1,01_core_hexin/packages/contract/src/Operation.ts:83,[FACT] 定义合法；当前精确字面量消费者已记录
ERR-AU-007-0774,01_core_hexin/packages/contract/definitions/errors.yml:1549,OPERATION_PERMISSION_UNKNOWN,500,true,true,ErrorContract.generated.ts/errorStatus,0,,[FACT] 定义合法；零精确字面量不是删除证据
ERR-AU-007-0775,01_core_hexin/packages/contract/definitions/errors.yml:1551,OPERATION_QUERY_INVALID,400,true,true,ErrorContract.generated.ts/errorStatus,0,,[FACT] 定义合法；零精确字面量不是删除证据
ERR-AU-007-0776,01_core_hexin/packages/contract/definitions/errors.yml:1553,OPERATION_REGISTRY_COUNT_MISMATCH,409,true,true,ErrorContract.generated.ts/errorStatus,0,,[FACT] 定义合法；零精确字面量不是删除证据
ERR-AU-007-0777,01_core_hexin/packages/contract/definitions/errors.yml:1555,OPERATION_REQUIREMENT_INVALID,500,true,true,ErrorContract.generated.ts/errorStatus,0,,[FACT] 定义合法；零精确字面量不是删除证据
ERR-AU-007-0778,01_core_hexin/packages/contract/definitions/errors.yml:1557,OPERATION_ROUTE_DUPLICATE,500,true,true,ErrorContract.generated.ts/errorStatus,1,01_core_hexin/packages/contract/src/OperationCatalog.ts:10,[FACT] 定义合法；当前精确字面量消费者已记录
ERR-AU-007-0779,01_core_hexin/packages/contract/definitions/errors.yml:1559,OPERATION_ROUTE_INVALID,500,true,true,ErrorContract.generated.ts/errorStatus,0,,[FACT] 定义合法；零精确字面量不是删除证据
ERR-AU-007-0780,01_core_hexin/packages/contract/definitions/errors.yml:1561,OPERATION_SUMMARY_INVALID,500,true,true,ErrorContract.generated.ts/errorStatus,1,01_core_hexin/packages/contract/src/Operation.ts:84,[FACT] 定义合法；当前精确字面量消费者已记录
ERR-AU-007-0781,01_core_hexin/packages/contract/definitions/errors.yml:1563,OPERATION_UNKNOWN,404,true,true,ErrorContract.generated.ts/errorStatus,2,01_core_hexin/packages/contract/src/OperationCatalog.ts:18,[FACT] 定义合法；当前精确字面量消费者已记录
ERR-AU-007-0782,01_core_hexin/packages/contract/definitions/errors.yml:1565,ORDER_AFTERSALE_NOT_ALLOWED,409,true,true,ErrorContract.generated.ts/errorStatus,1,01_core_hexin/services/commerce/src/modules/order_dingdan/02_domain_yewu/models_moxing/Order.ts:18,[FACT] 定义合法；当前精确字面量消费者已记录
ERR-AU-007-0783,01_core_hexin/packages/contract/definitions/errors.yml:1567,ORDER_ID_REQUIRED,400,true,true,ErrorContract.generated.ts/errorStatus,1,01_core_hexin/services/commerce/src/modules/order_dingdan/03_application_yingyong/commands_xieru/ConfirmOrderReceipt.ts:27,[FACT] 定义合法；当前精确字面量消费者已记录
ERR-AU-007-0784,01_core_hexin/packages/contract/definitions/errors.yml:1569,ORDER_ITEMS_NOT_FOUND,404,true,true,ErrorContract.generated.ts/errorStatus,0,,[FACT] 定义合法；零精确字面量不是删除证据
ERR-AU-007-0785,01_core_hexin/packages/contract/definitions/errors.yml:1571,ORDER_KEYSET_INDEX_MISSING,400,true,true,ErrorContract.generated.ts/errorStatus,0,,[FACT] 定义合法；零精确字面量不是删除证据
ERR-AU-007-0786,01_core_hexin/packages/contract/definitions/errors.yml:1573,ORDER_MEMBER_ORPHAN,500,true,true,ErrorContract.generated.ts/errorStatus,0,,[FACT] 定义合法；零精确字面量不是删除证据
ERR-AU-007-0787,01_core_hexin/packages/contract/definitions/errors.yml:1575,ORDER_NOT_AFTER_SALE_ELIGIBLE,500,true,true,ErrorContract.generated.ts/errorStatus,0,,[FACT] 定义合法；零精确字面量不是删除证据
ERR-AU-007-0788,01_core_hexin/packages/contract/definitions/errors.yml:1577,ORDER_NOT_CANCELLABLE,409,true,true,ErrorContract.generated.ts/errorStatus,1,01_core_hexin/services/commerce/src/modules/order_dingdan/02_domain_yewu/models_moxing/Order.ts:14,[FACT] 定义合法；当前精确字面量消费者已记录
ERR-AU-007-0789,01_core_hexin/packages/contract/definitions/errors.yml:1579,ORDER_NOT_FOUND,404,true,true,ErrorContract.generated.ts/errorStatus,5,01_core_hexin/services/commerce/src/modules/order_dingdan/01_public_gongkai/ports_jiekou/OrderPort.ts:7,[FACT] 定义合法；当前精确字面量消费者已记录
ERR-AU-007-0790,01_core_hexin/packages/contract/definitions/errors.yml:1581,ORDER_NOT_PAYABLE,500,true,true,ErrorContract.generated.ts/errorStatus,0,,[FACT] 定义合法；零精确字面量不是删除证据
ERR-AU-007-0791,01_core_hexin/packages/contract/definitions/errors.yml:1583,ORDER_NOT_SHIPPABLE,500,true,true,ErrorContract.generated.ts/errorStatus,0,,[FACT] 定义合法；零精确字面量不是删除证据
ERR-AU-007-0792,01_core_hexin/packages/contract/definitions/errors.yml:1585,ORDER_NUMBER_DUPLICATE,409,true,true,ErrorContract.generated.ts/errorStatus,0,,[FACT] 定义合法；零精确字面量不是删除证据
ERR-AU-007-0793,01_core_hexin/packages/contract/definitions/errors.yml:1587,ORDER_NUMBER_GENERATION_FAILED,500,true,true,ErrorContract.generated.ts/errorStatus,1,01_core_hexin/services/commerce/src/modules/order_dingdan/03_application_yingyong/commands_xieru/PlaceOrder.ts:390,[FACT] 定义合法；当前精确字面量消费者已记录
ERR-AU-007-0794,01_core_hexin/packages/contract/definitions/errors.yml:1589,ORDER_PAYMENT_STATE_CONFLICT,409,true,true,ErrorContract.generated.ts/errorStatus,4,01_core_hexin/services/commerce/src/modules/order_dingdan/01_public_gongkai/ports_jiekou/OrderPort.ts:14,[FACT] 定义合法；当前精确字面量消费者已记录
ERR-AU-007-0795,01_core_hexin/packages/contract/definitions/errors.yml:1591,ORDER_RECEIPT_STATE_INVALID,409,true,true,ErrorContract.generated.ts/errorStatus,1,01_core_hexin/services/commerce/src/modules/order_dingdan/03_application_yingyong/commands_xieru/ConfirmOrderReceipt.ts:69,[FACT] 定义合法；当前精确字面量消费者已记录
ERR-AU-007-0796,01_core_hexin/packages/contract/definitions/errors.yml:1593,ORDER_REMINDER_NOT_ALLOWED_OR_RATE_LIMITED,429,true,true,ErrorContract.generated.ts/errorStatus,1,01_core_hexin/services/commerce/src/modules/order_dingdan/03_application_yingyong/services_fuwu/OrderOperations.ts:58,[FACT] 定义合法；当前精确字面量消费者已记录
ERR-AU-007-0797,01_core_hexin/packages/contract/definitions/errors.yml:1595,ORDER_REMINDER_TABLE_MISSING,400,true,true,ErrorContract.generated.ts/errorStatus,0,,[FACT] 定义合法；零精确字面量不是删除证据
ERR-AU-007-0798,01_core_hexin/packages/contract/definitions/errors.yml:1597,ORG_UNIT_CYCLE,500,true,true,ErrorContract.generated.ts/errorStatus,0,,[FACT] 定义合法；零精确字面量不是删除证据
ERR-AU-007-0799,01_core_hexin/packages/contract/definitions/errors.yml:1599,ORG_UNIT_PARENT_KIND_INVALID,400,true,true,ErrorContract.generated.ts/errorStatus,0,,[FACT] 定义合法；零精确字面量不是删除证据
ERR-AU-007-0800,01_core_hexin/packages/contract/definitions/errors.yml:1601,ORG_UNIT_PARENT_NOT_FOUND,404,true,true,ErrorContract.generated.ts/errorStatus,0,,[FACT] 定义合法；零精确字面量不是删除证据
ERR-AU-007-0801,01_core_hexin/packages/contract/definitions/errors.yml:1603,ORG_UNIT_PARENT_REQUIRED,400,true,true,ErrorContract.generated.ts/errorStatus,0,,[FACT] 定义合法；零精确字面量不是删除证据
ERR-AU-007-0802,01_core_hexin/packages/contract/definitions/errors.yml:1605,ORG_UNIT_TENANT_MISMATCH,409,true,true,ErrorContract.generated.ts/errorStatus,0,,[FACT] 定义合法；零精确字面量不是删除证据
ERR-AU-007-0803,01_core_hexin/packages/contract/definitions/errors.yml:1607,ORG_UNIT_TENANT_REQUIRED,400,true,true,ErrorContract.generated.ts/errorStatus,0,,[FACT] 定义合法；零精确字面量不是删除证据
ERR-AU-007-0804,01_core_hexin/packages/contract/definitions/errors.yml:1609,ORGANIZATION_NOT_FOUND,404,false,true,ErrorContract.generated.ts/errorStatus,3,01_core_hexin/services/commerce/src/modules/organization/05_interface_jieru/OrganizationPort.ts:7,[FACT] 定义合法；当前精确字面量消费者已记录
ERR-AU-007-0805,01_core_hexin/packages/contract/definitions/errors.yml:1611,ORGANIZATION_ORPHAN,500,true,true,ErrorContract.generated.ts/errorStatus,0,,[FACT] 定义合法；零精确字面量不是删除证据
ERR-AU-007-0806,01_core_hexin/packages/contract/definitions/errors.yml:1613,ORIGIN_REQUIRED,403,true,true,ErrorContract.generated.ts/errorStatus,1,01_core_hexin/services/commerce/src/foundation/interface/HttpApp.ts:181,[FACT] 定义合法；当前精确字面量消费者已记录
ERR-AU-007-0807,01_core_hexin/packages/contract/definitions/errors.yml:1615,OUTBOX_CLAIM_INVALID,400,true,true,ErrorContract.generated.ts/errorStatus,1,01_core_hexin/services/commerce/src/foundation/infrastructure/OutboxStore.ts:29,[FACT] 定义合法；当前精确字面量消费者已记录
ERR-AU-007-0808,01_core_hexin/packages/contract/definitions/errors.yml:1617,OUTBOX_LEASE_LOST,503,true,true,ErrorContract.generated.ts/errorStatus,2,01_core_hexin/services/commerce/src/foundation/infrastructure/OutboxStore.ts:50,[FACT] 定义合法；当前精确字面量消费者已记录
ERR-AU-007-0809,01_core_hexin/packages/contract/definitions/errors.yml:1619,OWNER_MEMBERSHIP_PROTECTED,500,true,true,ErrorContract.generated.ts/errorStatus,2,01_core_hexin/services/commerce/src/modules/identity/05_interface_jieru/http/CredentialOperations.ts:44,[FACT] 定义合法；当前精确字面量消费者已记录
ERR-AU-007-0810,01_core_hexin/packages/contract/definitions/errors.yml:1621,OWNER_ROLE_PROTECTED,500,true,true,ErrorContract.generated.ts/errorStatus,0,,[FACT] 定义合法；零精确字面量不是删除证据
ERR-AU-007-0811,01_core_hexin/packages/contract/definitions/errors.yml:1623,P0_CLIENT_ENVIRONMENT_EXAMPLE_MISSING,400,true,true,ErrorContract.generated.ts/errorStatus,0,,[FACT] 定义合法；零精确字面量不是删除证据
ERR-AU-007-0812,01_core_hexin/packages/contract/definitions/errors.yml:1625,P0_CLIENT_PORT_INVALID,400,true,true,ErrorContract.generated.ts/errorStatus,0,,[FACT] 定义合法；零精确字面量不是删除证据
ERR-AU-007-0813,01_core_hexin/packages/contract/definitions/errors.yml:1627,P0_CORS_PORT_MISSING,400,true,true,ErrorContract.generated.ts/errorStatus,0,,[FACT] 定义合法；零精确字面量不是删除证据
ERR-AU-007-0814,01_core_hexin/packages/contract/definitions/errors.yml:1629,P0_DATABASE_OBJECT_MISSING,400,true,true,ErrorContract.generated.ts/errorStatus,0,,[FACT] 定义合法；零精确字面量不是删除证据
ERR-AU-007-0815,01_core_hexin/packages/contract/definitions/errors.yml:1631,P0_ENTRY_MISSING,400,true,true,ErrorContract.generated.ts/errorStatus,0,,[FACT] 定义合法；零精确字面量不是删除证据
ERR-AU-007-0816,01_core_hexin/packages/contract/definitions/errors.yml:1633,P0_LOCAL_CONTRACT_MISSING,400,true,true,ErrorContract.generated.ts/errorStatus,0,,[FACT] 定义合法；零精确字面量不是删除证据
ERR-AU-007-0817,01_core_hexin/packages/contract/definitions/errors.yml:1635,P0_LOCAL_DEPENDENCY_VERSION_INVALID,400,true,true,ErrorContract.generated.ts/errorStatus,1,04_tools/scripts/verify-p0.mjs:25,[FACT] 定义合法；当前精确字面量消费者已记录
ERR-AU-007-0818,01_core_hexin/packages/contract/definitions/errors.yml:1637,P0_LOCAL_PORT_INVALID,400,true,true,ErrorContract.generated.ts/errorStatus,0,,[FACT] 定义合法；零精确字面量不是删除证据
ERR-AU-007-0819,01_core_hexin/packages/contract/definitions/errors.yml:1639,P0_LOCAL_SECRET_NOT_IGNORED,500,true,true,ErrorContract.generated.ts/errorStatus,0,,[FACT] 定义合法；零精确字面量不是删除证据
ERR-AU-007-0820,01_core_hexin/packages/contract/definitions/errors.yml:1641,P0_OPERATION_MISSING,400,true,true,ErrorContract.generated.ts/errorStatus,0,,[FACT] 定义合法；零精确字面量不是删除证据
ERR-AU-007-0821,01_core_hexin/packages/contract/definitions/errors.yml:1643,P0_PRODUCTION_CLIENT_LOCAL_BRANCH,500,true,true,ErrorContract.generated.ts/errorStatus,0,,[FACT] 定义合法；零精确字面量不是删除证据
ERR-AU-007-0822,01_core_hexin/packages/contract/definitions/errors.yml:1645,P0_PRODUCTION_SUBSTITUTE,500,true,true,ErrorContract.generated.ts/errorStatus,0,,[FACT] 定义合法；零精确字面量不是删除证据
ERR-AU-007-0823,01_core_hexin/packages/contract/definitions/errors.yml:1647,PACKAGE_LOCK_VERSION_INVALID,400,true,true,ErrorContract.generated.ts/errorStatus,1,04_tools/scripts/check/lock.mjs:7,[FACT] 定义合法；当前精确字面量消费者已记录
ERR-AU-007-0824,01_core_hexin/packages/contract/definitions/errors.yml:1649,PACKAGE_LOCK_WORKSPACE_DRIFT,500,true,true,ErrorContract.generated.ts/errorStatus,0,,[FACT] 定义合法；零精确字面量不是删除证据
ERR-AU-007-0825,01_core_hexin/packages/contract/definitions/errors.yml:1651,PACKAGE_LOCK_WORKSPACES_DRIFT,500,false,true,ErrorContract.generated.ts/errorStatus,1,04_tools/scripts/check/lock.mjs:8,[FACT] 定义合法；当前精确字面量消费者已记录
ERR-AU-007-0826,01_core_hexin/packages/contract/definitions/errors.yml:1653,PAGE_INVALID,400,true,true,ErrorContract.generated.ts/errorStatus,1,01_core_hexin/packages/kernel/src/Page.ts:8,[FACT] 定义合法；当前精确字面量消费者已记录
ERR-AU-007-0827,01_core_hexin/packages/contract/definitions/errors.yml:1655,PARALLEL_CONCURRENCY_INVALID,400,true,true,ErrorContract.generated.ts/errorStatus,1,01_core_hexin/services/commerce/src/foundation/performance/Parallel.ts:2,[FACT] 定义合法；当前精确字面量消费者已记录
ERR-AU-007-0828,01_core_hexin/packages/contract/definitions/errors.yml:1657,PARENT_ORDER_RECIPIENT_NOT_FOUND,404,true,true,ErrorContract.generated.ts/errorStatus,0,,[FACT] 定义合法；零精确字面量不是删除证据
ERR-AU-007-0829,01_core_hexin/packages/contract/definitions/errors.yml:1659,PARTNER_ADDRESS_SECURE_STAGE_INCOMPLETE,500,true,true,ErrorContract.generated.ts/errorStatus,0,,[FACT] 定义合法；零精确字面量不是删除证据
ERR-AU-007-0830,01_core_hexin/packages/contract/definitions/errors.yml:1661,PASSWORD_POLICY_REJECTED,400,true,true,ErrorContract.generated.ts/errorStatus,2,01_core_hexin/services/commerce/src/modules/identity/02_domain_yewu/policies_guize/PasswordPolicy.ts:16,[FACT] 定义合法；当前精确字面量消费者已记录
ERR-AU-007-0831,01_core_hexin/packages/contract/definitions/errors.yml:1663,PAYMENT_ACCOUNTING_EVIDENCE_MISMATCH,409,true,true,ErrorContract.generated.ts/errorStatus,0,,[FACT] 定义合法；零精确字面量不是删除证据
ERR-AU-007-0832,01_core_hexin/packages/contract/definitions/errors.yml:1665,PAYMENT_ACCOUNTING_PENDING,500,true,true,ErrorContract.generated.ts/errorStatus,0,,[FACT] 定义合法；零精确字面量不是删除证据
ERR-AU-007-0833,01_core_hexin/packages/contract/definitions/errors.yml:1667,PAYMENT_APPLICATION_CONFLICT,409,true,true,ErrorContract.generated.ts/errorStatus,2,01_core_hexin/services/commerce/src/modules/payment_zhifu/03_application_yingyong/services_fuwu/ExternalPaymentIntentOperations.ts:71,[FACT] 定义合法；当前精确字面量消费者已记录
ERR-AU-007-0834,01_core_hexin/packages/contract/definitions/errors.yml:1669,PAYMENT_CAPTURE_STATE_INVALID,409,true,true,ErrorContract.generated.ts/errorStatus,2,01_core_hexin/services/commerce/src/modules/payment_zhifu/03_application_yingyong/services_fuwu/PaymentSettlement.ts:41,[FACT] 定义合法；当前精确字面量消费者已记录
ERR-AU-007-0835,01_core_hexin/packages/contract/definitions/errors.yml:1671,PAYMENT_CLOSE_OPERATION_MISMATCH,409,true,true,ErrorContract.generated.ts/errorStatus,0,,[FACT] 定义合法；零精确字面量不是删除证据
ERR-AU-007-0836,01_core_hexin/packages/contract/definitions/errors.yml:1673,PAYMENT_CLOSE_RESULT_INVALID,400,true,true,ErrorContract.generated.ts/errorStatus,0,,[FACT] 定义合法；零精确字面量不是删除证据
ERR-AU-007-0837,01_core_hexin/packages/contract/definitions/errors.yml:1675,PAYMENT_CURRENCY_UNSUPPORTED,400,true,true,ErrorContract.generated.ts/errorStatus,2,01_core_hexin/services/commerce/src/modules/payment_zhifu/03_application_yingyong/services_fuwu/RefundPlanner.ts:54,[FACT] 定义合法；当前精确字面量消费者已记录
ERR-AU-007-0838,01_core_hexin/packages/contract/definitions/errors.yml:1677,PAYMENT_DEADLETTER_EVIDENCE_INVALID,400,true,true,ErrorContract.generated.ts/errorStatus,1,01_core_hexin/services/commerce/src/modules/payment_zhifu/05_interface_jieru/http/PaymentOperations.ts:244,[FACT] 定义合法；当前精确字面量消费者已记录
ERR-AU-007-0839,01_core_hexin/packages/contract/definitions/errors.yml:1679,PAYMENT_EFFECT_IDENTITY_IMMUTABLE,500,true,true,ErrorContract.generated.ts/errorStatus,0,,[FACT] 定义合法；零精确字面量不是删除证据
ERR-AU-007-0840,01_core_hexin/packages/contract/definitions/errors.yml:1681,PAYMENT_EFFECT_ORDER_MISSING,400,true,true,ErrorContract.generated.ts/errorStatus,0,,[FACT] 定义合法；零精确字面量不是删除证据
ERR-AU-007-0841,01_core_hexin/packages/contract/definitions/errors.yml:1683,PAYMENT_EFFECT_WORKER_INVALID,400,true,true,ErrorContract.generated.ts/errorStatus,0,,[FACT] 定义合法；零精确字面量不是删除证据
ERR-AU-007-0842,01_core_hexin/packages/contract/definitions/errors.yml:1685,PAYMENT_EXPIRY_INVALID,400,true,true,ErrorContract.generated.ts/errorStatus,3,01_core_hexin/services/commerce/src/modules/payment_zhifu/03_application_yingyong/queries_duqu/ReadPaymentIntent.ts:76,[FACT] 定义合法；当前精确字面量消费者已记录
ERR-AU-007-0843,01_core_hexin/packages/contract/definitions/errors.yml:1687,PAYMENT_EXTERNAL_TENDER_NOT_CAPTURED,409,true,true,ErrorContract.generated.ts/errorStatus,2,01_core_hexin/services/commerce/src/modules/payment_zhifu/03_application_yingyong/services_fuwu/PaymentSettlement.ts:48,[FACT] 定义合法；当前精确字面量消费者已记录
ERR-AU-007-0844,01_core_hexin/packages/contract/definitions/errors.yml:1689,PAYMENT_FULFILLMENT_EVIDENCE_MISMATCH,409,true,true,ErrorContract.generated.ts/errorStatus,0,,[FACT] 定义合法；零精确字面量不是删除证据
ERR-AU-007-0845,01_core_hexin/packages/contract/definitions/errors.yml:1691,PAYMENT_FULFILLMENT_ITEMS_MISSING,400,true,true,ErrorContract.generated.ts/errorStatus,0,,[FACT] 定义合法；零精确字面量不是删除证据
ERR-AU-007-0846,01_core_hexin/packages/contract/definitions/errors.yml:1693,PAYMENT_FULFILLMENT_SUBORDER_MISSING,400,true,true,ErrorContract.generated.ts/errorStatus,0,,[FACT] 定义合法；零精确字面量不是删除证据
ERR-AU-007-0847,01_core_hexin/packages/contract/definitions/errors.yml:1695,PAYMENT_INTENT_NOT_FOUND,404,true,true,ErrorContract.generated.ts/errorStatus,4,01_core_hexin/services/commerce/src/modules/payment_zhifu/03_application_yingyong/queries_duqu/ReadPaymentIntent.ts:44,[FACT] 定义合法；当前精确字面量消费者已记录
ERR-AU-007-0848,01_core_hexin/packages/contract/definitions/errors.yml:1697,PAYMENT_INTENT_NOT_PAYABLE,409,true,true,ErrorContract.generated.ts/errorStatus,3,01_core_hexin/services/commerce/src/modules/payment_zhifu/03_application_yingyong/services_fuwu/ExternalPaymentIntentOperations.ts:69,[FACT] 定义合法；当前精确字面量消费者已记录
ERR-AU-007-0849,01_core_hexin/packages/contract/definitions/errors.yml:1699,PAYMENT_INTERNAL_OUTBOX_STATE_MISMATCH,409,true,true,ErrorContract.generated.ts/errorStatus,0,,[FACT] 定义合法；零精确字面量不是删除证据
ERR-AU-007-0850,01_core_hexin/packages/contract/definitions/errors.yml:1701,PAYMENT_LEGACY_RUNTIME_REMAINS,500,true,true,ErrorContract.generated.ts/errorStatus,0,,[FACT] 定义合法；零精确字面量不是删除证据
ERR-AU-007-0851,01_core_hexin/packages/contract/definitions/errors.yml:1703,PAYMENT_NOT_REFUNDABLE,409,true,true,ErrorContract.generated.ts/errorStatus,1,01_core_hexin/services/commerce/src/modules/payment_zhifu/03_application_yingyong/services_fuwu/RefundPlanner.ts:53,[FACT] 定义合法；当前精确字面量消费者已记录
ERR-AU-007-0852,01_core_hexin/packages/contract/definitions/errors.yml:1705,PAYMENT_NOTIFICATION_EVIDENCE_MISMATCH,409,false,true,ErrorContract.generated.ts/errorStatus,0,,[FACT] 定义合法；零精确字面量不是删除证据
ERR-AU-007-0853,01_core_hexin/packages/contract/definitions/errors.yml:1707,PAYMENT_OPERATION_QUERY_INVALID,400,true,true,ErrorContract.generated.ts/errorStatus,0,,[FACT] 定义合法；零精确字面量不是删除证据
ERR-AU-007-0854,01_core_hexin/packages/contract/definitions/errors.yml:1709,PAYMENT_OUTBOX_EFFECTS_NOT_STARTED,500,true,true,ErrorContract.generated.ts/errorStatus,0,,[FACT] 定义合法；零精确字面量不是删除证据
ERR-AU-007-0855,01_core_hexin/packages/contract/definitions/errors.yml:1711,PAYMENT_OUTBOX_ENVELOPE_IMMUTABLE,500,true,true,ErrorContract.generated.ts/errorStatus,0,,[FACT] 定义合法；零精确字面量不是删除证据
ERR-AU-007-0856,01_core_hexin/packages/contract/definitions/errors.yml:1713,PAYMENT_OUTBOX_EVIDENCE_MISMATCH,409,true,true,ErrorContract.generated.ts/errorStatus,0,,[FACT] 定义合法；零精确字面量不是删除证据
ERR-AU-007-0857,01_core_hexin/packages/contract/definitions/errors.yml:1715,PAYMENT_OUTBOX_LEASE_LOST,503,true,true,ErrorContract.generated.ts/errorStatus,0,,[FACT] 定义合法；零精确字面量不是删除证据
ERR-AU-007-0858,01_core_hexin/packages/contract/definitions/errors.yml:1717,PAYMENT_OUTBOX_NOT_AUTHORIZED,500,true,true,ErrorContract.generated.ts/errorStatus,0,,[FACT] 定义合法；零精确字面量不是删除证据
ERR-AU-007-0859,01_core_hexin/packages/contract/definitions/errors.yml:1719,PAYMENT_OUTBOX_OPERATION_INVALID,400,true,true,ErrorContract.generated.ts/errorStatus,0,,[FACT] 定义合法；零精确字面量不是删除证据
ERR-AU-007-0860,01_core_hexin/packages/contract/definitions/errors.yml:1721,PAYMENT_OUTBOX_QUERY_INVALID,400,true,true,ErrorContract.generated.ts/errorStatus,0,,[FACT] 定义合法；零精确字面量不是删除证据
ERR-AU-007-0861,01_core_hexin/packages/contract/definitions/errors.yml:1723,PAYMENT_OUTBOX_REPLAY_SUPERSEDED,500,true,true,ErrorContract.generated.ts/errorStatus,0,,[FACT] 定义合法；零精确字面量不是删除证据
ERR-AU-007-0862,01_core_hexin/packages/contract/definitions/errors.yml:1725,PAYMENT_OUTBOX_REQUEST_CONFLICT,409,true,true,ErrorContract.generated.ts/errorStatus,0,,[FACT] 定义合法；零精确字面量不是删除证据
ERR-AU-007-0863,01_core_hexin/packages/contract/definitions/errors.yml:1727,PAYMENT_OUTBOX_RESULT_INVALID,400,true,true,ErrorContract.generated.ts/errorStatus,0,,[FACT] 定义合法；零精确字面量不是删除证据
ERR-AU-007-0864,01_core_hexin/packages/contract/definitions/errors.yml:1729,PAYMENT_OUTBOX_SOURCE_INVALID,400,true,true,ErrorContract.generated.ts/errorStatus,0,,[FACT] 定义合法；零精确字面量不是删除证据
ERR-AU-007-0865,01_core_hexin/packages/contract/definitions/errors.yml:1731,PAYMENT_OUTBOX_STATE_MISMATCH,409,true,true,ErrorContract.generated.ts/errorStatus,0,,[FACT] 定义合法；零精确字面量不是删除证据
ERR-AU-007-0866,01_core_hexin/packages/contract/definitions/errors.yml:1733,PAYMENT_OUTBOX_WORKER_INVALID,400,true,true,ErrorContract.generated.ts/errorStatus,0,,[FACT] 定义合法；零精确字面量不是删除证据
ERR-AU-007-0867,01_core_hexin/packages/contract/definitions/errors.yml:1735,PAYMENT_PROVIDER_AMOUNT_MISMATCH,409,true,true,ErrorContract.generated.ts/errorStatus,1,01_core_hexin/services/commerce/src/modules/payment_zhifu/03_application_yingyong/services_fuwu/PaymentJobSupport.ts:44,[FACT] 定义合法；当前精确字面量消费者已记录
ERR-AU-007-0868,01_core_hexin/packages/contract/definitions/errors.yml:1737,PAYMENT_PROVIDER_EVENT_MISSING,400,true,true,ErrorContract.generated.ts/errorStatus,0,,[FACT] 定义合法；零精确字面量不是删除证据
ERR-AU-007-0869,01_core_hexin/packages/contract/definitions/errors.yml:1739,PAYMENT_PROVIDER_TRANSACTION_MISSING,400,true,true,ErrorContract.generated.ts/errorStatus,1,01_core_hexin/services/commerce/src/modules/payment_zhifu/05_interface_jieru/jobs_renwu/PaymentJobs.ts:88,[FACT] 定义合法；当前精确字面量消费者已记录
ERR-AU-007-0870,01_core_hexin/packages/contract/definitions/errors.yml:1741,PAYMENT_QUERY_FAILURE_INVALID,400,true,true,ErrorContract.generated.ts/errorStatus,0,,[FACT] 定义合法；零精确字面量不是删除证据
ERR-AU-007-0871,01_core_hexin/packages/contract/definitions/errors.yml:1743,PAYMENT_QUERY_LINKAGE_INVALID,400,true,true,ErrorContract.generated.ts/errorStatus,0,,[FACT] 定义合法；零精确字面量不是删除证据
ERR-AU-007-0872,01_core_hexin/packages/contract/definitions/errors.yml:1745,PAYMENT_QUERY_OPERATION_MISMATCH,409,true,true,ErrorContract.generated.ts/errorStatus,0,,[FACT] 定义合法；零精确字面量不是删除证据
ERR-AU-007-0873,01_core_hexin/packages/contract/definitions/errors.yml:1747,PAYMENT_QUERY_ORDER_MISSING,400,true,true,ErrorContract.generated.ts/errorStatus,0,,[FACT] 定义合法；零精确字面量不是删除证据
ERR-AU-007-0874,01_core_hexin/packages/contract/definitions/errors.yml:1749,PAYMENT_QUERY_WORKER_INVALID,400,true,true,ErrorContract.generated.ts/errorStatus,0,,[FACT] 定义合法；零精确字面量不是删除证据
ERR-AU-007-0875,01_core_hexin/packages/contract/definitions/errors.yml:1751,PAYMENT_RECOVERY_ACTION_INVALID,400,true,true,ErrorContract.generated.ts/errorStatus,1,01_core_hexin/services/commerce/src/modules/payment_zhifu/05_interface_jieru/http/PaymentOperations.ts:224,[FACT] 定义合法；当前精确字面量消费者已记录
ERR-AU-007-0876,01_core_hexin/packages/contract/definitions/errors.yml:1753,PAYMENT_RECOVERY_ALREADY_RESOLVED,409,true,true,ErrorContract.generated.ts/errorStatus,1,01_core_hexin/services/commerce/src/modules/payment_zhifu/05_interface_jieru/http/PaymentOperations.ts:234,[FACT] 定义合法；当前精确字面量消费者已记录
ERR-AU-007-0877,01_core_hexin/packages/contract/definitions/errors.yml:1755,PAYMENT_RECOVERY_NOT_FOUND,404,true,true,ErrorContract.generated.ts/errorStatus,1,01_core_hexin/services/commerce/src/modules/payment_zhifu/05_interface_jieru/http/PaymentOperations.ts:233,[FACT] 定义合法；当前精确字面量消费者已记录
ERR-AU-007-0878,01_core_hexin/packages/contract/definitions/errors.yml:1757,PAYMENT_RECOVERY_OPERATION_INVALID,400,true,true,ErrorContract.generated.ts/errorStatus,0,,[FACT] 定义合法；零精确字面量不是删除证据
ERR-AU-007-0879,01_core_hexin/packages/contract/definitions/errors.yml:1759,PAYMENT_RECOVERY_PERMISSION_MISSING,400,true,true,ErrorContract.generated.ts/errorStatus,0,,[FACT] 定义合法；零精确字面量不是删除证据
ERR-AU-007-0880,01_core_hexin/packages/contract/definitions/errors.yml:1761,PAYMENT_RECOVERY_REQUEST_CONFLICT,409,true,true,ErrorContract.generated.ts/errorStatus,0,,[FACT] 定义合法；零精确字面量不是删除证据
ERR-AU-007-0881,01_core_hexin/packages/contract/definitions/errors.yml:1763,PAYMENT_RECOVERY_RESOURCE_INVALID,400,true,true,ErrorContract.generated.ts/errorStatus,2,01_core_hexin/services/commerce/src/modules/payment_zhifu/05_interface_jieru/http/PaymentOperations.ts:240,[FACT] 定义合法；当前精确字面量消费者已记录
ERR-AU-007-0882,01_core_hexin/packages/contract/definitions/errors.yml:1765,PAYMENT_REFERENCE_SOURCE_INVALID,400,true,true,ErrorContract.generated.ts/errorStatus,1,01_core_hexin/services/commerce/src/modules/payment_zhifu/02_domain_yewu/models_moxing/PaymentReference.ts:23,[FACT] 定义合法；当前精确字面量消费者已记录
ERR-AU-007-0883,01_core_hexin/packages/contract/definitions/errors.yml:1767,PAYMENT_REFUND_EXCEEDS_AVAILABLE,409,true,true,ErrorContract.generated.ts/errorStatus,2,01_core_hexin/services/commerce/src/modules/payment_zhifu/02_domain_yewu/policies_guize/AllocationPolicy.ts:15,[FACT] 定义合法；当前精确字面量消费者已记录
ERR-AU-007-0884,01_core_hexin/packages/contract/definitions/errors.yml:1769,PAYMENT_REFUND_IDEMPOTENCY_CONFLICT,409,true,true,ErrorContract.generated.ts/errorStatus,1,01_core_hexin/services/commerce/src/modules/payment_zhifu/03_application_yingyong/services_fuwu/RefundPlanner.ts:60,[FACT] 定义合法；当前精确字面量消费者已记录
ERR-AU-007-0885,01_core_hexin/packages/contract/definitions/errors.yml:1771,PAYMENT_REFUND_NOT_RETRYABLE,409,true,true,ErrorContract.generated.ts/errorStatus,1,01_core_hexin/services/commerce/src/modules/payment_zhifu/05_interface_jieru/http/PaymentOperations.ts:260,[FACT] 定义合法；当前精确字面量消费者已记录
ERR-AU-007-0886,01_core_hexin/packages/contract/definitions/errors.yml:1773,PAYMENT_REFUND_PLAN_INTEGRITY_FAILED,409,true,true,ErrorContract.generated.ts/errorStatus,1,01_core_hexin/services/commerce/src/modules/payment_zhifu/03_application_yingyong/services_fuwu/RefundSettlement.ts:46,[FACT] 定义合法；当前精确字面量消费者已记录
ERR-AU-007-0887,01_core_hexin/packages/contract/definitions/errors.yml:1775,PAYMENT_REFUND_PLAN_MISSING,400,true,true,ErrorContract.generated.ts/errorStatus,0,,[FACT] 定义合法；零精确字面量不是删除证据
ERR-AU-007-0888,01_core_hexin/packages/contract/definitions/errors.yml:1777,PAYMENT_REFUND_STATE_INVALID,409,true,true,ErrorContract.generated.ts/errorStatus,1,01_core_hexin/services/commerce/src/modules/payment_zhifu/03_application_yingyong/services_fuwu/RefundSettlement.ts:42,[FACT] 定义合法；当前精确字面量消费者已记录
ERR-AU-007-0889,01_core_hexin/packages/contract/definitions/errors.yml:1779,PAYMENT_SCENE_INVALID,400,true,true,ErrorContract.generated.ts/errorStatus,3,01_core_hexin/services/commerce/src/modules/payment_zhifu/03_application_yingyong/services_fuwu/ExternalPaymentIntentOperations.ts:49,[FACT] 定义合法；当前精确字面量消费者已记录
ERR-AU-007-0890,01_core_hexin/packages/contract/definitions/errors.yml:1781,PAYMENT_TENDER_CAPTURE_INTEGRITY_FAILED,409,true,true,ErrorContract.generated.ts/errorStatus,1,01_core_hexin/services/commerce/src/modules/payment_zhifu/03_application_yingyong/services_fuwu/RefundPlanner.ts:74,[FACT] 定义合法；当前精确字面量消费者已记录
ERR-AU-007-0891,01_core_hexin/packages/contract/definitions/errors.yml:1783,PAYMENT_TENDER_PLAN_INVALID,400,true,true,ErrorContract.generated.ts/errorStatus,1,01_core_hexin/services/commerce/src/modules/payment_zhifu/03_application_yingyong/services_fuwu/RefundPlanner.ts:82,[FACT] 定义合法；当前精确字面量消费者已记录
ERR-AU-007-0892,01_core_hexin/packages/contract/definitions/errors.yml:1785,PAYMENT_TENDER_PLAN_MISSING,400,true,true,ErrorContract.generated.ts/errorStatus,0,,[FACT] 定义合法；零精确字面量不是删除证据
ERR-AU-007-0893,01_core_hexin/packages/contract/definitions/errors.yml:1787,PAYMENT_TENDER_SUM_MISMATCH,409,true,true,ErrorContract.generated.ts/errorStatus,5,01_core_hexin/services/commerce/src/modules/payment_zhifu/03_application_yingyong/services_fuwu/PaymentSettlement.ts:44,[FACT] 定义合法；当前精确字面量消费者已记录
ERR-AU-007-0894,01_core_hexin/packages/contract/definitions/errors.yml:1789,PAYMENT_TOTAL_MISMATCH,409,true,true,ErrorContract.generated.ts/errorStatus,0,,[FACT] 定义合法；零精确字面量不是删除证据
ERR-AU-007-0895,01_core_hexin/packages/contract/definitions/errors.yml:1791,PAYMENT_TRANSACTION_REFERENCE_MISSING,400,true,true,ErrorContract.generated.ts/errorStatus,1,01_core_hexin/services/commerce/src/modules/payment_zhifu/05_interface_jieru/jobs_renwu/PaymentJobs.ts:267,[FACT] 定义合法；当前精确字面量消费者已记录
ERR-AU-007-0896,01_core_hexin/packages/contract/definitions/errors.yml:1793,PAYMENT_WEBHOOK_INTEGRITY_MISMATCH,409,true,true,ErrorContract.generated.ts/errorStatus,1,01_core_hexin/services/commerce/src/modules/payment_zhifu/05_interface_jieru/http/PaymentWebhook.ts:40,[FACT] 定义合法；当前精确字面量消费者已记录
ERR-AU-007-0897,01_core_hexin/packages/contract/definitions/errors.yml:1795,PAYMENT_WEBHOOK_KIND_INVALID,400,true,true,ErrorContract.generated.ts/errorStatus,0,,[FACT] 定义合法；零精确字面量不是删除证据
ERR-AU-007-0898,01_core_hexin/packages/contract/definitions/errors.yml:1797,PAYMENT_WEBHOOK_SCOPE_APP_EXECUTE_MISSING,400,true,true,ErrorContract.generated.ts/errorStatus,0,,[FACT] 定义合法；零精确字面量不是删除证据
ERR-AU-007-0899,01_core_hexin/packages/contract/definitions/errors.yml:1799,PAYMENT_WEBHOOK_SCOPE_MISMATCH,409,true,true,ErrorContract.generated.ts/errorStatus,2,01_core_hexin/services/commerce/src/modules/payment_zhifu/05_interface_jieru/http/PaymentWebhook.ts:42,[FACT] 定义合法；当前精确字面量消费者已记录
ERR-AU-007-0900,01_core_hexin/packages/contract/definitions/errors.yml:1801,PAYMENT_WEBHOOK_SCOPE_PUBLIC_EXECUTE,500,true,true,ErrorContract.generated.ts/errorStatus,0,,[FACT] 定义合法；零精确字面量不是删除证据
ERR-AU-007-0901,01_core_hexin/packages/contract/definitions/errors.yml:1803,PAYMENT_WEBHOOK_SCOPE_RESOLVER_MISSING,400,true,true,ErrorContract.generated.ts/errorStatus,0,,[FACT] 定义合法；零精确字面量不是删除证据
ERR-AU-007-0902,01_core_hexin/packages/contract/definitions/errors.yml:1805,PAYMENT_WEBHOOK_TARGET_NOT_FOUND,404,true,true,ErrorContract.generated.ts/errorStatus,1,01_core_hexin/services/commerce/src/modules/payment_zhifu/05_interface_jieru/http/PaymentWebhook.ts:25,[FACT] 定义合法；当前精确字面量消费者已记录
ERR-AU-007-0903,01_core_hexin/packages/contract/definitions/errors.yml:1807,PAYOUT_CONFIGURATION_INVALID,500,true,true,ErrorContract.generated.ts/errorStatus,1,01_core_hexin/services/commerce/src/modules/finance/04_adapters_shixian/adapter/PayoutGateway.ts:11,[FACT] 定义合法；当前精确字面量消费者已记录
ERR-AU-007-0904,01_core_hexin/packages/contract/definitions/errors.yml:1809,PAYOUT_PROCESSING,409,true,true,ErrorContract.generated.ts/errorStatus,1,01_core_hexin/services/commerce/src/modules/finance/05_interface_jieru/job/SettlementJob.ts:183,[FACT] 定义合法；当前精确字面量消费者已记录
ERR-AU-007-0905,01_core_hexin/packages/contract/definitions/errors.yml:1811,PAYOUT_PROVIDER_RESPONSE_INVALID,400,true,true,ErrorContract.generated.ts/errorStatus,1,01_core_hexin/services/commerce/src/modules/finance/04_adapters_shixian/adapter/PayoutGateway.ts:26,[FACT] 定义合法；当前精确字面量消费者已记录
ERR-AU-007-0906,01_core_hexin/packages/contract/definitions/errors.yml:1813,PAYOUT_PROVIDER_UNAVAILABLE,503,true,true,ErrorContract.generated.ts/errorStatus,1,01_core_hexin/services/commerce/src/modules/finance/04_adapters_shixian/adapter/PayoutGateway.ts:22,[FACT] 定义合法；当前精确字面量消费者已记录
ERR-AU-007-0907,01_core_hexin/packages/contract/definitions/errors.yml:1815,PERMANENT_FAILURE,500,true,true,ErrorContract.generated.ts/errorStatus,0,,[FACT] 定义合法；零精确字面量不是删除证据
ERR-AU-007-0908,01_core_hexin/packages/contract/definitions/errors.yml:1817,PERMISSION_DENIED,403,true,true,ErrorContract.generated.ts/errorStatus,8,01_core_hexin/services/commerce/src/foundation/security/AccessPipeline.ts:68,[FACT] 定义合法；当前精确字面量消费者已记录
ERR-AU-007-0909,01_core_hexin/packages/contract/definitions/errors.yml:1819,PERMISSION_DUPLICATE,409,true,true,ErrorContract.generated.ts/errorStatus,1,01_core_hexin/packages/authz/src/PermissionCatalog.ts:199,[FACT] 定义合法；当前精确字面量消费者已记录
ERR-AU-007-0910,01_core_hexin/packages/contract/definitions/errors.yml:1821,PERMISSION_NOT_FOUND,404,true,true,ErrorContract.generated.ts/errorStatus,0,,[FACT] 定义合法；零精确字面量不是删除证据
ERR-AU-007-0911,01_core_hexin/packages/contract/definitions/errors.yml:1823,PERMISSION_UNKNOWN,404,true,true,ErrorContract.generated.ts/errorStatus,1,01_core_hexin/packages/authz/src/PermissionCatalog.ts:203,[FACT] 定义合法；当前精确字面量消费者已记录
ERR-AU-007-0912,01_core_hexin/packages/contract/definitions/errors.yml:1825,PHONE_VERIFICATION_REQUIRED,400,true,true,ErrorContract.generated.ts/errorStatus,0,,[FACT] 定义合法；零精确字面量不是删除证据
ERR-AU-007-0913,01_core_hexin/packages/contract/definitions/errors.yml:1827,PII_STAGE_REMAINS,500,true,true,ErrorContract.generated.ts/errorStatus,0,,[FACT] 定义合法；零精确字面量不是删除证据
ERR-AU-007-0914,01_core_hexin/packages/contract/definitions/errors.yml:1829,PLATFORM_ORG_UNIT_MUST_BE_GLOBAL_ROOT,500,true,true,ErrorContract.generated.ts/errorStatus,0,,[FACT] 定义合法；零精确字面量不是删除证据
ERR-AU-007-0915,01_core_hexin/packages/contract/definitions/errors.yml:1831,PLATFORM_OWNER_ROLE_NOT_FOUND,404,true,true,ErrorContract.generated.ts/errorStatus,0,,[FACT] 定义合法；零精确字面量不是删除证据
ERR-AU-007-0916,01_core_hexin/packages/contract/definitions/errors.yml:1833,PLATFORM_SCOPE_NOT_FOUND,404,true,true,ErrorContract.generated.ts/errorStatus,0,,[FACT] 定义合法；零精确字面量不是删除证据
ERR-AU-007-0917,01_core_hexin/packages/contract/definitions/errors.yml:1835,PLATFORM_SCOPE_REQUIRES_OWNER,500,true,true,ErrorContract.generated.ts/errorStatus,0,,[FACT] 定义合法；零精确字面量不是删除证据
ERR-AU-007-0918,01_core_hexin/packages/contract/definitions/errors.yml:1837,POOL_ALLOCATION_TARGET_INVALID,400,true,true,ErrorContract.generated.ts/errorStatus,1,01_core_hexin/services/commerce/src/modules/catalog/03_application_yingyong/CatalogOperations.ts:67,[FACT] 定义合法；当前精确字面量消费者已记录
ERR-AU-007-0919,01_core_hexin/packages/contract/definitions/errors.yml:1839,POOL_CAPACITY_INVALID,400,true,true,ErrorContract.generated.ts/errorStatus,0,,[FACT] 定义合法；零精确字面量不是删除证据
ERR-AU-007-0920,01_core_hexin/packages/contract/definitions/errors.yml:1841,POSTGRES_ADAPTER_TARGET_INVALID,500,true,true,ErrorContract.generated.ts/errorStatus,1,04_tools/scripts/check/adapters.mjs:17,[FACT] 定义合法；当前精确字面量消费者已记录
ERR-AU-007-0921,01_core_hexin/packages/contract/definitions/errors.yml:1843,POSTGRES_FRESH_ROLE_INVALID,500,true,true,ErrorContract.generated.ts/errorStatus,1,04_tools/scripts/audit/database-contracts.mjs:235,[FACT] 定义合法；当前精确字面量消费者已记录
ERR-AU-007-0922,01_core_hexin/packages/contract/definitions/errors.yml:1845,POSTGRES_FRESH_URL_INVALID,500,true,true,ErrorContract.generated.ts/errorStatus,1,04_tools/scripts/audit/database-contracts.mjs:345,[FACT] 定义合法；当前精确字面量消费者已记录
ERR-AU-007-0923,01_core_hexin/packages/contract/definitions/errors.yml:1847,POSTGRES_QUEUE_CLAIM_INVALID,500,true,true,ErrorContract.generated.ts/errorStatus,1,04_tools/scripts/check/adapters.mjs:23,[FACT] 定义合法；当前精确字面量消费者已记录
ERR-AU-007-0924,01_core_hexin/packages/contract/definitions/errors.yml:1849,POSTGRES_REPOSITORY_ENDPOINT_REQUIRED,500,true,true,ErrorContract.generated.ts/errorStatus,0,,[FACT] 定义合法；零精确字面量不是删除证据
ERR-AU-007-0925,01_core_hexin/packages/contract/definitions/errors.yml:1851,PRICE_QUOTE_EXPIRED,409,true,true,ErrorContract.generated.ts/errorStatus,1,01_core_hexin/services/commerce/src/modules/order_dingdan/03_application_yingyong/commands_xieru/PlaceOrder.ts:101,[FACT] 定义合法；当前精确字面量消费者已记录
ERR-AU-007-0926,01_core_hexin/packages/contract/definitions/errors.yml:1853,PRIVATE_MANIFEST_SIGNATURE_MISSING,400,true,true,ErrorContract.generated.ts/errorStatus,1,01_core_hexin/extensions/providers/private/manifest.ts:21,[FACT] 定义合法；当前精确字面量消费者已记录
ERR-AU-007-0927,01_core_hexin/packages/contract/definitions/errors.yml:1855,PRIVATE_PROVIDER_CONFIGURATION_INVALID,500,true,true,ErrorContract.generated.ts/errorStatus,1,01_core_hexin/services/commerce/src/modules/extension/03_application_yingyong/command/InstallExtension.ts:64,[FACT] 定义合法；当前精确字面量消费者已记录
ERR-AU-007-0928,01_core_hexin/packages/contract/definitions/errors.yml:1857,PRIVATE_PROVIDER_DISABLED,500,true,true,ErrorContract.generated.ts/errorStatus,0,,[FACT] 定义合法；零精确字面量不是删除证据
ERR-AU-007-0929,01_core_hexin/packages/contract/definitions/errors.yml:1859,PRIVATE_PROVIDER_IDEMPOTENCY_REQUIRED,400,true,true,ErrorContract.generated.ts/errorStatus,1,01_core_hexin/services/commerce/src/modules/channel/04_adapters_shixian/adapter/PgPrivateProvider.ts:63,[FACT] 定义合法；当前精确字面量消费者已记录
ERR-AU-007-0930,01_core_hexin/packages/contract/definitions/errors.yml:1861,PRIVATE_PROVIDER_RESULT_INVALID,400,true,true,ErrorContract.generated.ts/errorStatus,1,01_core_hexin/services/commerce/src/modules/channel/04_adapters_shixian/adapter/PgPrivateProvider.ts:58,[FACT] 定义合法；当前精确字面量消费者已记录
ERR-AU-007-0931,01_core_hexin/packages/contract/definitions/errors.yml:1863,PRIVATE_REFUND_REFERENCE_REQUIRED,400,true,true,ErrorContract.generated.ts/errorStatus,0,,[FACT] 定义合法；零精确字面量不是删除证据
ERR-AU-007-0932,01_core_hexin/packages/contract/definitions/errors.yml:1865,PRODUCT_BRAND_ORPHAN,500,true,true,ErrorContract.generated.ts/errorStatus,0,,[FACT] 定义合法；零精确字面量不是删除证据
ERR-AU-007-0933,01_core_hexin/packages/contract/definitions/errors.yml:1867,PRODUCT_DISABLED,409,true,true,ErrorContract.generated.ts/errorStatus,0,,[FACT] 定义合法；零精确字面量不是删除证据
ERR-AU-007-0934,01_core_hexin/packages/contract/definitions/errors.yml:1869,PRODUCT_ID_REQUIRED,400,true,true,ErrorContract.generated.ts/errorStatus,0,,[FACT] 定义合法；零精确字面量不是删除证据
ERR-AU-007-0935,01_core_hexin/packages/contract/definitions/errors.yml:1871,PRODUCT_NOT_FOUND,404,true,true,ErrorContract.generated.ts/errorStatus,0,,[FACT] 定义合法；零精确字面量不是删除证据
ERR-AU-007-0936,01_core_hexin/packages/contract/definitions/errors.yml:1873,PRODUCT_PARTNER_ORPHAN,500,true,true,ErrorContract.generated.ts/errorStatus,0,,[FACT] 定义合法；零精确字面量不是删除证据
ERR-AU-007-0937,01_core_hexin/packages/contract/definitions/errors.yml:1875,PRODUCT_VERSION_STALE,409,true,true,ErrorContract.generated.ts/errorStatus,0,,[FACT] 定义合法；零精确字面量不是删除证据
ERR-AU-007-0938,01_core_hexin/packages/contract/definitions/errors.yml:1877,PRODUCTION_AUTH_MODE_INVALID,500,false,true,ErrorContract.generated.ts/errorStatus,1,01_core_hexin/packages/config/src/ApiEnvironment.ts:59,[FACT] 定义合法；当前精确字面量消费者已记录
ERR-AU-007-0939,01_core_hexin/packages/contract/definitions/errors.yml:1879,PROMOTION_AUTHORITY_INVALID,400,true,true,ErrorContract.generated.ts/errorStatus,1,04_tools/scripts/release/promote.mjs:31,[FACT] 定义合法；当前精确字面量消费者已记录
ERR-AU-007-0940,01_core_hexin/packages/contract/definitions/errors.yml:1881,PROMOTION_COMMIT_MISMATCH,409,true,true,ErrorContract.generated.ts/errorStatus,1,04_tools/scripts/release/promote.mjs:21,[FACT] 定义合法；当前精确字面量消费者已记录
ERR-AU-007-0941,01_core_hexin/packages/contract/definitions/errors.yml:1883,PROMOTION_EVIDENCE_MISMATCH,409,true,true,ErrorContract.generated.ts/errorStatus,1,04_tools/scripts/release/promote.mjs:23,[FACT] 定义合法；当前精确字面量消费者已记录
ERR-AU-007-0942,01_core_hexin/packages/contract/definitions/errors.yml:1885,PROMOTION_IMAGE_INVALID,400,true,true,ErrorContract.generated.ts/errorStatus,1,04_tools/scripts/release/promote.mjs:25,[FACT] 定义合法；当前精确字面量消费者已记录
ERR-AU-007-0943,01_core_hexin/packages/contract/definitions/errors.yml:1887,PROMOTION_IMAGE_PROVENANCE_INVALID,400,true,true,ErrorContract.generated.ts/errorStatus,1,04_tools/scripts/release/promote.mjs:26,[FACT] 定义合法；当前精确字面量消费者已记录
ERR-AU-007-0944,01_core_hexin/packages/contract/definitions/errors.yml:1889,PROMOTION_INPUTS_REQUIRED,400,true,true,ErrorContract.generated.ts/errorStatus,1,04_tools/scripts/release/promote.mjs:11,[FACT] 定义合法；当前精确字面量消费者已记录
ERR-AU-007-0945,01_core_hexin/packages/contract/definitions/errors.yml:1891,PROMOTION_OUTPUT_OUTSIDE_CANDIDATE,500,true,true,ErrorContract.generated.ts/errorStatus,1,04_tools/scripts/release/promote.mjs:19,[FACT] 定义合法；当前精确字面量消费者已记录
ERR-AU-007-0946,01_core_hexin/packages/contract/definitions/errors.yml:1893,PROMOTION_RELEASE_ID_INVALID,400,true,true,ErrorContract.generated.ts/errorStatus,1,04_tools/scripts/release/promote.mjs:24,[FACT] 定义合法；当前精确字面量消费者已记录
ERR-AU-007-0947,01_core_hexin/packages/contract/definitions/errors.yml:1895,PROMOTION_ROLLBACK_INVALID,400,true,true,ErrorContract.generated.ts/errorStatus,1,04_tools/scripts/release/promote.mjs:30,[FACT] 定义合法；当前精确字面量消费者已记录
ERR-AU-007-0948,01_core_hexin/packages/contract/definitions/errors.yml:1897,PROMOTION_SCHEMA_INVALID,400,true,true,ErrorContract.generated.ts/errorStatus,1,04_tools/scripts/release/promote.mjs:20,[FACT] 定义合法；当前精确字面量消费者已记录
ERR-AU-007-0949,01_core_hexin/packages/contract/definitions/errors.yml:1899,PROMOTION_SNAPSHOT_INVALID,400,true,true,ErrorContract.generated.ts/errorStatus,1,04_tools/scripts/release/promote.mjs:27,[FACT] 定义合法；当前精确字面量消费者已记录
ERR-AU-007-0950,01_core_hexin/packages/contract/definitions/errors.yml:1901,PROVIDER_CAPABILITY_MISSING,400,true,true,ErrorContract.generated.ts/errorStatus,0,,[FACT] 定义合法；零精确字面量不是删除证据
ERR-AU-007-0951,01_core_hexin/packages/contract/definitions/errors.yml:1903,PROVIDER_CONNECTION_CONFIGURATION_INVALID,500,true,true,ErrorContract.generated.ts/errorStatus,1,01_core_hexin/services/commerce/src/modules/extension/03_application_yingyong/command/InstallExtension.ts:69,[FACT] 定义合法；当前精确字面量消费者已记录
ERR-AU-007-0952,01_core_hexin/packages/contract/definitions/errors.yml:1905,PROVIDER_CONNECTION_MISSING,400,true,true,ErrorContract.generated.ts/errorStatus,0,,[FACT] 定义合法；零精确字面量不是删除证据
ERR-AU-007-0953,01_core_hexin/packages/contract/definitions/errors.yml:1907,PROVIDER_CONTRACT_MISMATCH,500,true,true,ErrorContract.generated.ts/errorStatus,0,,[FACT] 定义合法；零精确字面量不是删除证据
ERR-AU-007-0954,01_core_hexin/packages/contract/definitions/errors.yml:1909,PROVIDER_ENDPOINTS_INVALID,400,true,true,ErrorContract.generated.ts/errorStatus,1,01_core_hexin/services/commerce/src/modules/channel/03_application_yingyong/command/CreateConnection.ts:67,[FACT] 定义合法；当前精确字面量消费者已记录
ERR-AU-007-0955,01_core_hexin/packages/contract/definitions/errors.yml:1911,PROVIDER_EVENT_ID_COLLISION,409,true,true,ErrorContract.generated.ts/errorStatus,0,,[FACT] 定义合法；零精确字面量不是删除证据
ERR-AU-007-0956,01_core_hexin/packages/contract/definitions/errors.yml:1913,PROVIDER_FACTORY_MISSING,500,true,true,ErrorContract.generated.ts/errorStatus,0,,[FACT] 定义合法；零精确字面量不是删除证据
ERR-AU-007-0957,01_core_hexin/packages/contract/definitions/errors.yml:1915,PROVIDER_FIXTURE_MISSING,400,true,true,ErrorContract.generated.ts/errorStatus,1,01_core_hexin/packages/testing/src/ProviderHarness.ts:11,[FACT] 定义合法；当前精确字面量消费者已记录
ERR-AU-007-0958,01_core_hexin/packages/contract/definitions/errors.yml:1917,PROVIDER_HEALTH_OPERATION_MISMATCH,409,true,true,ErrorContract.generated.ts/errorStatus,2,01_core_hexin/services/commerce/src/bootstrap/ProviderLoader.ts:48,[FACT] 定义合法；当前精确字面量消费者已记录
ERR-AU-007-0959,01_core_hexin/packages/contract/definitions/errors.yml:1919,PROVIDER_INSTALLATION_NOT_ACTIVE,409,true,true,ErrorContract.generated.ts/errorStatus,2,01_core_hexin/services/commerce/src/modules/channel/05_interface_jieru/job/ChannelSyncJob.ts:192,[FACT] 定义合法；当前精确字面量消费者已记录
ERR-AU-007-0960,01_core_hexin/packages/contract/definitions/errors.yml:1921,PROVIDER_INSTALLATION_NOT_RUNNABLE,409,true,true,ErrorContract.generated.ts/errorStatus,1,01_core_hexin/services/commerce/src/bootstrap/ProviderLoader.ts:32,[FACT] 定义合法；当前精确字面量消费者已记录
ERR-AU-007-0961,01_core_hexin/packages/contract/definitions/errors.yml:1923,PROVIDER_LOCAL_PORTS_MISSING,500,true,true,ErrorContract.generated.ts/errorStatus,0,,[FACT] 定义合法；零精确字面量不是删除证据
ERR-AU-007-0962,01_core_hexin/packages/contract/definitions/errors.yml:1925,PROVIDER_MANIFEST_CAPABILITY_INVALID,500,true,true,ErrorContract.generated.ts/errorStatus,1,01_core_hexin/services/commerce/src/modules/extension/02_domain_yewu/model/Manifest.ts:19,[FACT] 定义合法；当前精确字面量消费者已记录
ERR-AU-007-0963,01_core_hexin/packages/contract/definitions/errors.yml:1927,PROVIDER_MANIFEST_ID_MISMATCH,500,true,true,ErrorContract.generated.ts/errorStatus,1,01_core_hexin/services/commerce/src/modules/extension/02_domain_yewu/model/Manifest.ts:14,[FACT] 定义合法；当前精确字面量消费者已记录
ERR-AU-007-0964,01_core_hexin/packages/contract/definitions/errors.yml:1929,PROVIDER_MANIFEST_INVALID,500,true,true,ErrorContract.generated.ts/errorStatus,1,01_core_hexin/services/commerce/src/modules/extension/03_application_yingyong/command/InstallExtension.ts:54,[FACT] 定义合法；当前精确字面量消费者已记录
ERR-AU-007-0965,01_core_hexin/packages/contract/definitions/errors.yml:1931,PROVIDER_MANIFEST_NOT_REGISTERED,500,true,true,ErrorContract.generated.ts/errorStatus,2,01_core_hexin/services/commerce/src/modules/extension/03_application_yingyong/command/InstallExtension.ts:26,[FACT] 定义合法；当前精确字面量消费者已记录
ERR-AU-007-0966,01_core_hexin/packages/contract/definitions/errors.yml:1933,PROVIDER_MANIFEST_PRIORITY_INVALID,500,true,true,ErrorContract.generated.ts/errorStatus,1,01_core_hexin/services/commerce/src/modules/extension/02_domain_yewu/model/Manifest.ts:16,[FACT] 定义合法；当前精确字面量消费者已记录
ERR-AU-007-0967,01_core_hexin/packages/contract/definitions/errors.yml:1935,PROVIDER_MANIFEST_STORAGE_INVALID,500,true,true,ErrorContract.generated.ts/errorStatus,1,01_core_hexin/services/commerce/src/modules/extension/03_application_yingyong/command/InstallExtension.ts:30,[FACT] 定义合法；当前精确字面量消费者已记录
ERR-AU-007-0968,01_core_hexin/packages/contract/definitions/errors.yml:1937,PROVIDER_NOT_MVP_LOADABLE,409,true,true,ErrorContract.generated.ts/errorStatus,1,01_core_hexin/services/commerce/src/modules/channel/03_application_yingyong/command/CreateConnection.ts:63,[FACT] 定义合法；当前精确字面量消费者已记录
ERR-AU-007-0969,01_core_hexin/packages/contract/definitions/errors.yml:1939,PROVIDER_OPERATION_NOT_FOUND,404,true,true,ErrorContract.generated.ts/errorStatus,1,01_core_hexin/services/commerce/src/modules/channel/01_public_gongkai/ChannelOperationPort.ts:38,[FACT] 定义合法；当前精确字面量消费者已记录
ERR-AU-007-0970,01_core_hexin/packages/contract/definitions/errors.yml:1941,PROVIDER_OPERATION_NOT_REPLAYABLE,409,true,true,ErrorContract.generated.ts/errorStatus,2,01_core_hexin/services/commerce/src/modules/channel/01_public_gongkai/ChannelOperationPort.ts:29,[FACT] 定义合法；当前精确字面量消费者已记录
ERR-AU-007-0971,01_core_hexin/packages/contract/definitions/errors.yml:1943,PROVIDER_PORTS_MISSING,500,true,true,ErrorContract.generated.ts/errorStatus,1,01_core_hexin/extensions/providers/core/src/Provider.ts:13,[FACT] 定义合法；当前精确字面量消费者已记录
ERR-AU-007-0972,01_core_hexin/packages/contract/definitions/errors.yml:1945,PROVIDER_SECRET_JSON_INVALID,400,true,true,ErrorContract.generated.ts/errorStatus,2,01_core_hexin/services/commerce/src/bootstrap/ProviderLoader.ts:61,[FACT] 定义合法；当前精确字面量消费者已记录
ERR-AU-007-0973,01_core_hexin/packages/contract/definitions/errors.yml:1947,PROVIDER_SECRET_REQUIRED,400,true,true,ErrorContract.generated.ts/errorStatus,1,01_core_hexin/services/commerce/src/modules/extension/03_application_yingyong/command/InstallExtension.ts:61,[FACT] 定义合法；当前精确字面量消费者已记录
ERR-AU-007-0974,01_core_hexin/packages/contract/definitions/errors.yml:1949,PROVIDER_SECRET_VALUE_INVALID,400,true,true,ErrorContract.generated.ts/errorStatus,1,01_core_hexin/services/commerce/src/modules/channel/03_application_yingyong/command/CreateConnection.ts:61,[FACT] 定义合法；当前精确字面量消费者已记录
ERR-AU-007-0975,01_core_hexin/packages/contract/definitions/errors.yml:1951,PROVIDER_SIGNATURE_MISSING,400,true,true,ErrorContract.generated.ts/errorStatus,3,01_core_hexin/extensions/providers/core/src/Provider.ts:12,[FACT] 定义合法；当前精确字面量消费者已记录
ERR-AU-007-0976,01_core_hexin/packages/contract/definitions/errors.yml:1953,PROVIDER_UNAVAILABLE,503,true,true,ErrorContract.generated.ts/errorStatus,0,,[FACT] 定义合法；零精确字面量不是删除证据
ERR-AU-007-0977,01_core_hexin/packages/contract/definitions/errors.yml:1955,PROVIDER_WEBHOOK_BODY_INVALID,400,true,true,ErrorContract.generated.ts/errorStatus,3,01_core_hexin/extensions/providers/core/src/PortFactory.ts:50,[FACT] 定义合法；当前精确字面量消费者已记录
ERR-AU-007-0978,01_core_hexin/packages/contract/definitions/errors.yml:1957,PROVIDER_WEBHOOK_SECRET_MISSING,400,true,true,ErrorContract.generated.ts/errorStatus,1,01_core_hexin/extensions/providers/core/src/PortFactory.ts:38,[FACT] 定义合法；当前精确字面量消费者已记录
ERR-AU-007-0979,01_core_hexin/packages/contract/definitions/errors.yml:1959,PROVIDER_WEBHOOK_SIGNATURE_INVALID,400,true,true,ErrorContract.generated.ts/errorStatus,4,01_core_hexin/extensions/providers/core/src/Webhook.ts:19,[FACT] 定义合法；当前精确字面量消费者已记录
ERR-AU-007-0980,01_core_hexin/packages/contract/definitions/errors.yml:1961,PUBLIC_BUSINESS_TABLE_REMAINS,500,true,true,ErrorContract.generated.ts/errorStatus,0,,[FACT] 定义合法；零精确字面量不是删除证据
ERR-AU-007-0981,01_core_hexin/packages/contract/definitions/errors.yml:1963,PURCHASE_LIMIT_EXCEEDED,409,true,true,ErrorContract.generated.ts/errorStatus,0,,[FACT] 定义合法；零精确字面量不是删除证据
ERR-AU-007-0982,01_core_hexin/packages/contract/definitions/errors.yml:1965,QUALIFICATION_ACTIVE_RESOURCE_EMPTY,400,true,true,ErrorContract.generated.ts/errorStatus,0,,[FACT] 定义合法；零精确字面量不是删除证据
ERR-AU-007-0983,01_core_hexin/packages/contract/definitions/errors.yml:1967,QUALIFICATION_ACTOR_INVALID,400,true,true,ErrorContract.generated.ts/errorStatus,0,,[FACT] 定义合法；零精确字面量不是删除证据
ERR-AU-007-0984,01_core_hexin/packages/contract/definitions/errors.yml:1969,QUALIFICATION_APPROVAL_ALREADY_PENDING,409,true,true,ErrorContract.generated.ts/errorStatus,0,,[FACT] 定义合法；零精确字面量不是删除证据
ERR-AU-007-0985,01_core_hexin/packages/contract/definitions/errors.yml:1971,QUALIFICATION_APPROVAL_NOT_FOUND,404,true,true,ErrorContract.generated.ts/errorStatus,0,,[FACT] 定义合法；零精确字面量不是删除证据
ERR-AU-007-0986,01_core_hexin/packages/contract/definitions/errors.yml:1973,QUALIFICATION_APPROVAL_NOT_PENDING,409,true,true,ErrorContract.generated.ts/errorStatus,0,,[FACT] 定义合法；零精确字面量不是删除证据
ERR-AU-007-0987,01_core_hexin/packages/contract/definitions/errors.yml:1975,QUALIFICATION_APPROVAL_NOT_REQUIRED,400,true,true,ErrorContract.generated.ts/errorStatus,0,,[FACT] 定义合法；零精确字面量不是删除证据
ERR-AU-007-0988,01_core_hexin/packages/contract/definitions/errors.yml:1977,QUALIFICATION_APPROVER_INVALID,400,true,true,ErrorContract.generated.ts/errorStatus,0,,[FACT] 定义合法；零精确字面量不是删除证据
ERR-AU-007-0989,01_core_hexin/packages/contract/definitions/errors.yml:1979,QUALIFICATION_CHANGE_REASON_REQUIRED,400,true,true,ErrorContract.generated.ts/errorStatus,0,,[FACT] 定义合法；零精确字面量不是删除证据
ERR-AU-007-0990,01_core_hexin/packages/contract/definitions/errors.yml:1981,QUALIFICATION_CODE_CONFLICT,409,true,true,ErrorContract.generated.ts/errorStatus,0,,[FACT] 定义合法；零精确字面量不是删除证据
ERR-AU-007-0991,01_core_hexin/packages/contract/definitions/errors.yml:1983,QUALIFICATION_CONFIG_INVALID,400,true,true,ErrorContract.generated.ts/errorStatus,0,,[FACT] 定义合法；零精确字面量不是删除证据
ERR-AU-007-0992,01_core_hexin/packages/contract/definitions/errors.yml:1985,QUALIFICATION_CONFIG_KIND_INVALID,400,true,true,ErrorContract.generated.ts/errorStatus,0,,[FACT] 定义合法；零精确字面量不是删除证据
ERR-AU-007-0993,01_core_hexin/packages/contract/definitions/errors.yml:1987,QUALIFICATION_CONFIG_NOT_FOUND,404,true,true,ErrorContract.generated.ts/errorStatus,0,,[FACT] 定义合法；零精确字面量不是删除证据
ERR-AU-007-0994,01_core_hexin/packages/contract/definitions/errors.yml:1989,QUALIFICATION_HISTORY_NOT_FOUND,404,true,true,ErrorContract.generated.ts/errorStatus,0,,[FACT] 定义合法；零精确字面量不是删除证据
ERR-AU-007-0995,01_core_hexin/packages/contract/definitions/errors.yml:1991,QUALIFICATION_LIMIT_REQUIRED,400,true,true,ErrorContract.generated.ts/errorStatus,0,,[FACT] 定义合法；零精确字面量不是删除证据
ERR-AU-007-0996,01_core_hexin/packages/contract/definitions/errors.yml:1993,QUALIFICATION_PARENT_NOT_FOUND,404,true,true,ErrorContract.generated.ts/errorStatus,0,,[FACT] 定义合法；零精确字面量不是删除证据
ERR-AU-007-0997,01_core_hexin/packages/contract/definitions/errors.yml:1995,QUALIFICATION_RESOURCE_OUTSIDE_MALL,500,true,true,ErrorContract.generated.ts/errorStatus,0,,[FACT] 定义合法；零精确字面量不是删除证据
ERR-AU-007-0998,01_core_hexin/packages/contract/definitions/errors.yml:1997,QUALIFICATION_RESOURCE_TENANT_MISMATCH,409,true,true,ErrorContract.generated.ts/errorStatus,0,,[FACT] 定义合法；零精确字面量不是删除证据
ERR-AU-007-0999,01_core_hexin/packages/contract/definitions/errors.yml:1999,QUALIFICATION_REVIEW_INVALID,400,true,true,ErrorContract.generated.ts/errorStatus,0,,[FACT] 定义合法；零精确字面量不是删除证据
ERR-AU-007-1000,01_core_hexin/packages/contract/definitions/errors.yml:2001,QUALIFICATION_SELF_APPROVAL_FORBIDDEN,403,true,true,ErrorContract.generated.ts/errorStatus,0,,[FACT] 定义合法；零精确字面量不是删除证据
ERR-AU-007-1001,01_core_hexin/packages/contract/definitions/errors.yml:2003,QUALIFICATION_STATUS_INVALID,400,true,true,ErrorContract.generated.ts/errorStatus,0,,[FACT] 定义合法；零精确字面量不是删除证据
ERR-AU-007-1002,01_core_hexin/packages/contract/definitions/errors.yml:2005,QUALIFICATION_SUBJECT_INVALID,400,true,true,ErrorContract.generated.ts/errorStatus,0,,[FACT] 定义合法；零精确字面量不是删除证据
ERR-AU-007-1003,01_core_hexin/packages/contract/definitions/errors.yml:2007,QUALIFICATION_SUBJECT_TENANT_MISMATCH,409,true,true,ErrorContract.generated.ts/errorStatus,0,,[FACT] 定义合法；零精确字面量不是删除证据
ERR-AU-007-1004,01_core_hexin/packages/contract/definitions/errors.yml:2009,QUALIFICATION_VERSION_CONFLICT,409,true,true,ErrorContract.generated.ts/errorStatus,0,,[FACT] 定义合法；零精确字面量不是删除证据
ERR-AU-007-1005,01_core_hexin/packages/contract/definitions/errors.yml:2011,QUERY_BUS_FROZEN,500,true,true,ErrorContract.generated.ts/errorStatus,1,01_core_hexin/services/commerce/src/foundation/application/QueryBus.ts:9,[FACT] 定义合法；当前精确字面量消费者已记录
ERR-AU-007-1006,01_core_hexin/packages/contract/definitions/errors.yml:2013,QUERY_CACHE_CONFIGURATION_INVALID,500,true,true,ErrorContract.generated.ts/errorStatus,0,,[FACT] 定义合法；零精确字面量不是删除证据
ERR-AU-007-1007,01_core_hexin/packages/contract/definitions/errors.yml:2015,QUERY_HANDLER_DUPLICATE,500,true,true,ErrorContract.generated.ts/errorStatus,0,,[FACT] 定义合法；零精确字面量不是删除证据
ERR-AU-007-1008,01_core_hexin/packages/contract/definitions/errors.yml:2017,QUERY_HANDLER_MISSING,500,true,true,ErrorContract.generated.ts/errorStatus,0,,[FACT] 定义合法；零精确字面量不是删除证据
ERR-AU-007-1009,01_core_hexin/packages/contract/definitions/errors.yml:2019,QUERY_LIMIT_INVALID,400,true,true,ErrorContract.generated.ts/errorStatus,1,01_core_hexin/services/commerce/src/foundation/interface/Validation.ts:43,[FACT] 定义合法；当前精确字面量消费者已记录
ERR-AU-007-1010,01_core_hexin/packages/contract/definitions/errors.yml:2021,QUOTE_EXPIRED_OR_CONFLICT,409,true,true,ErrorContract.generated.ts/errorStatus,3,01_core_hexin/services/commerce/src/modules/order_dingdan/03_application_yingyong/commands_xieru/PlaceOrder.ts:77,[FACT] 定义合法；当前精确字面量消费者已记录
ERR-AU-007-1011,01_core_hexin/packages/contract/definitions/errors.yml:2023,QUOTE_SIGNATURE_INVALID,400,true,true,ErrorContract.generated.ts/errorStatus,1,01_core_hexin/services/commerce/src/modules/order_dingdan/03_application_yingyong/commands_xieru/PlaceOrder.ts:98,[FACT] 定义合法；当前精确字面量消费者已记录
ERR-AU-007-1012,01_core_hexin/packages/contract/definitions/errors.yml:2025,QUOTE_SIGNING_KEY_TOO_SHORT,400,true,true,ErrorContract.generated.ts/errorStatus,1,01_core_hexin/services/commerce/src/modules/checkout_jiesuan/04_adapters_shixian/providers_waibu/QuoteSigner.ts:8,[FACT] 定义合法；当前精确字面量消费者已记录
ERR-AU-007-1013,01_core_hexin/packages/contract/definitions/errors.yml:2027,RATE_LIMITED,429,true,true,ErrorContract.generated.ts/errorStatus,0,,[FACT] 定义合法；零精确字面量不是删除证据
ERR-AU-007-1014,01_core_hexin/packages/contract/definitions/errors.yml:2029,RATE_LIMITER_INVALID,400,true,true,ErrorContract.generated.ts/errorStatus,1,01_core_hexin/packages/kernel/src/RateLimiter.ts:10,[FACT] 定义合法；当前精确字面量消费者已记录
ERR-AU-007-1015,01_core_hexin/packages/contract/definitions/errors.yml:2031,RECONCILIATION_EVIDENCE_INVALID,400,true,true,ErrorContract.generated.ts/errorStatus,0,,[FACT] 定义合法；零精确字面量不是删除证据
ERR-AU-007-1016,01_core_hexin/packages/contract/definitions/errors.yml:2033,RECONCILIATION_NOT_RUNNABLE,409,true,true,ErrorContract.generated.ts/errorStatus,3,01_core_hexin/services/commerce/src/modules/finance/03_application_yingyong/command/ReconcileStatement.ts:15,[FACT] 定义合法；当前精确字面量消费者已记录
ERR-AU-007-1017,01_core_hexin/packages/contract/definitions/errors.yml:2035,REDEMPTION_DUPLICATE,409,true,true,ErrorContract.generated.ts/errorStatus,0,,[FACT] 定义合法；零精确字面量不是删除证据
ERR-AU-007-1018,01_core_hexin/packages/contract/definitions/errors.yml:2037,REDIS_CONNECTION_INVALID,500,true,true,ErrorContract.generated.ts/errorStatus,1,01_core_hexin/services/commerce/src/foundation/cache/RedisCache.ts:14,[FACT] 定义合法；当前精确字面量消费者已记录
ERR-AU-007-1019,01_core_hexin/packages/contract/definitions/errors.yml:2039,REDIS_LEASE_CREATE_INVALID,500,true,true,ErrorContract.generated.ts/errorStatus,1,04_tools/scripts/check/adapters.mjs:27,[FACT] 定义合法；当前精确字面量消费者已记录
ERR-AU-007-1020,01_core_hexin/packages/contract/definitions/errors.yml:2041,REDIS_LEASE_DUPLICATE_INVALID,500,true,true,ErrorContract.generated.ts/errorStatus,1,04_tools/scripts/check/adapters.mjs:28,[FACT] 定义合法；当前精确字面量消费者已记录
ERR-AU-007-1021,01_core_hexin/packages/contract/definitions/errors.yml:2043,REDIS_LEASE_READ_INVALID,500,true,true,ErrorContract.generated.ts/errorStatus,1,04_tools/scripts/check/adapters.mjs:29,[FACT] 定义合法；当前精确字面量消费者已记录
ERR-AU-007-1022,01_core_hexin/packages/contract/definitions/errors.yml:2045,REFUND_ALLOCATION_RULE_REQUIRED,400,true,true,ErrorContract.generated.ts/errorStatus,0,,[FACT] 定义合法；零精确字面量不是删除证据
ERR-AU-007-1023,01_core_hexin/packages/contract/definitions/errors.yml:2047,REFUND_ALREADY_REQUESTED,500,true,true,ErrorContract.generated.ts/errorStatus,0,,[FACT] 定义合法；零精确字面量不是删除证据
ERR-AU-007-1024,01_core_hexin/packages/contract/definitions/errors.yml:2049,REFUND_AMOUNT_EXCEEDED,500,true,true,ErrorContract.generated.ts/errorStatus,0,,[FACT] 定义合法；零精确字面量不是删除证据
ERR-AU-007-1025,01_core_hexin/packages/contract/definitions/errors.yml:2051,REFUND_AMOUNT_INVALID,400,true,true,ErrorContract.generated.ts/errorStatus,0,,[FACT] 定义合法；零精确字面量不是删除证据
ERR-AU-007-1026,01_core_hexin/packages/contract/definitions/errors.yml:2053,REFUND_CHANNEL_UNSUPPORTED,400,true,true,ErrorContract.generated.ts/errorStatus,0,,[FACT] 定义合法；零精确字面量不是删除证据
ERR-AU-007-1027,01_core_hexin/packages/contract/definitions/errors.yml:2055,REFUND_FINANCE_CHANNEL_UNSUPPORTED,400,true,true,ErrorContract.generated.ts/errorStatus,0,,[FACT] 定义合法；零精确字面量不是删除证据
ERR-AU-007-1028,01_core_hexin/packages/contract/definitions/errors.yml:2057,REFUND_FINANCE_EVIDENCE_MISMATCH,409,true,true,ErrorContract.generated.ts/errorStatus,0,,[FACT] 定义合法；零精确字面量不是删除证据
ERR-AU-007-1029,01_core_hexin/packages/contract/definitions/errors.yml:2059,REFUND_INTERNAL_EVIDENCE_MISMATCH,409,true,true,ErrorContract.generated.ts/errorStatus,0,,[FACT] 定义合法；零精确字面量不是删除证据
ERR-AU-007-1030,01_core_hexin/packages/contract/definitions/errors.yml:2061,REFUND_OPERATOR_NOT_AUTHORIZED,500,true,true,ErrorContract.generated.ts/errorStatus,0,,[FACT] 定义合法；零精确字面量不是删除证据
ERR-AU-007-1031,01_core_hexin/packages/contract/definitions/errors.yml:2063,REFUND_WEBHOOK_INTEGRITY_MISMATCH,409,true,true,ErrorContract.generated.ts/errorStatus,1,01_core_hexin/services/commerce/src/modules/payment_zhifu/05_interface_jieru/http/PaymentWebhook.ts:56,[FACT] 定义合法；当前精确字面量消费者已记录
ERR-AU-007-1032,01_core_hexin/packages/contract/definitions/errors.yml:2065,REGISTRATION_REQUIRED,400,true,true,ErrorContract.generated.ts/errorStatus,0,,[FACT] 定义合法；零精确字面量不是删除证据
ERR-AU-007-1033,01_core_hexin/packages/contract/definitions/errors.yml:2067,RELEASE_APPROVAL_INVALID,400,true,true,ErrorContract.generated.ts/errorStatus,1,04_tools/scripts/release/validate.mjs:24,[FACT] 定义合法；当前精确字面量消费者已记录
ERR-AU-007-1034,01_core_hexin/packages/contract/definitions/errors.yml:2069,RELEASE_BUNDLE_FILE_MISSING,400,true,true,ErrorContract.generated.ts/errorStatus,0,,[FACT] 定义合法；零精确字面量不是删除证据
ERR-AU-007-1035,01_core_hexin/packages/contract/definitions/errors.yml:2071,RELEASE_BUNDLE_ROOT_INVALID,400,true,true,ErrorContract.generated.ts/errorStatus,1,04_tools/scripts/release/validatebundle.mjs:8,[FACT] 定义合法；当前精确字面量消费者已记录
ERR-AU-007-1036,01_core_hexin/packages/contract/definitions/errors.yml:2073,RELEASE_CANDIDATE_IDENTITY_MISMATCH,409,true,true,ErrorContract.generated.ts/errorStatus,1,04_tools/scripts/release/validatebundle.mjs:17,[FACT] 定义合法；当前精确字面量消费者已记录
ERR-AU-007-1037,01_core_hexin/packages/contract/definitions/errors.yml:2075,RELEASE_CLIENT_ARTIFACT_MISMATCH,409,true,true,ErrorContract.generated.ts/errorStatus,0,,[FACT] 定义合法；零精确字面量不是删除证据
ERR-AU-007-1038,01_core_hexin/packages/contract/definitions/errors.yml:2077,RELEASE_CLIENT_INVALID,400,true,true,ErrorContract.generated.ts/errorStatus,0,,[FACT] 定义合法；零精确字面量不是删除证据
ERR-AU-007-1039,01_core_hexin/packages/contract/definitions/errors.yml:2079,RELEASE_CLIENT_SET_INVALID,400,true,true,ErrorContract.generated.ts/errorStatus,1,04_tools/scripts/release/validate.mjs:18,[FACT] 定义合法；当前精确字面量消费者已记录
ERR-AU-007-1040,01_core_hexin/packages/contract/definitions/errors.yml:2081,RELEASE_COMMERCE_ARTIFACT_MISMATCH,409,true,true,ErrorContract.generated.ts/errorStatus,1,04_tools/scripts/release/validatebundle.mjs:20,[FACT] 定义合法；当前精确字面量消费者已记录
ERR-AU-007-1041,01_core_hexin/packages/contract/definitions/errors.yml:2083,RELEASE_COMMIT_INVALID,400,true,true,ErrorContract.generated.ts/errorStatus,1,04_tools/scripts/release/validate.mjs:13,[FACT] 定义合法；当前精确字面量消费者已记录
ERR-AU-007-1042,01_core_hexin/packages/contract/definitions/errors.yml:2085,RELEASE_EVIDENCE_HASH_MISMATCH,409,true,true,ErrorContract.generated.ts/errorStatus,1,04_tools/scripts/release/validatebundle.mjs:18,[FACT] 定义合法；当前精确字面量消费者已记录
ERR-AU-007-1043,01_core_hexin/packages/contract/definitions/errors.yml:2087,RELEASE_ID_INVALID,400,true,true,ErrorContract.generated.ts/errorStatus,1,04_tools/scripts/release/validate.mjs:12,[FACT] 定义合法；当前精确字面量消费者已记录
ERR-AU-007-1044,01_core_hexin/packages/contract/definitions/errors.yml:2089,RELEASE_MANIFEST_REQUIRED,400,true,true,ErrorContract.generated.ts/errorStatus,1,04_tools/scripts/release/validate.mjs:5,[FACT] 定义合法；当前精确字面量消费者已记录
ERR-AU-007-1045,01_core_hexin/packages/contract/definitions/errors.yml:2091,RELEASE_POINTER_MISMATCH,409,true,true,ErrorContract.generated.ts/errorStatus,1,04_tools/scripts/release/validatebundle.mjs:27,[FACT] 定义合法；当前精确字面量消费者已记录
ERR-AU-007-1046,01_core_hexin/packages/contract/definitions/errors.yml:2093,RELEASE_PROMOTION_LINK_MISMATCH,409,true,true,ErrorContract.generated.ts/errorStatus,1,04_tools/scripts/release/validatebundle.mjs:19,[FACT] 定义合法；当前精确字面量消费者已记录
ERR-AU-007-1047,01_core_hexin/packages/contract/definitions/errors.yml:2095,RELEASE_ROLLBACK_EVIDENCE_INVALID,400,true,true,ErrorContract.generated.ts/errorStatus,1,04_tools/scripts/release/validate.mjs:29,[FACT] 定义合法；当前精确字面量消费者已记录
ERR-AU-007-1048,01_core_hexin/packages/contract/definitions/errors.yml:2097,RELEASE_RUNTIME_IDENTITY_INVALID,400,true,true,ErrorContract.generated.ts/errorStatus,1,04_tools/scripts/release/validate.mjs:15,[FACT] 定义合法；当前精确字面量消费者已记录
ERR-AU-007-1049,01_core_hexin/packages/contract/definitions/errors.yml:2099,RELEASE_SBOM_MISMATCH,409,true,true,ErrorContract.generated.ts/errorStatus,1,04_tools/scripts/release/validatebundle.mjs:21,[FACT] 定义合法；当前精确字面量消费者已记录
ERR-AU-007-1050,01_core_hexin/packages/contract/definitions/errors.yml:2101,RELEASE_SCHEMA_HEAD_INVALID,400,true,true,ErrorContract.generated.ts/errorStatus,1,04_tools/scripts/release/validate.mjs:14,[FACT] 定义合法；当前精确字面量消费者已记录
ERR-AU-007-1051,01_core_hexin/packages/contract/definitions/errors.yml:2103,RELEASE_SCHEMA_INVALID,400,true,true,ErrorContract.generated.ts/errorStatus,1,04_tools/scripts/release/validate.mjs:11,[FACT] 定义合法；当前精确字面量消费者已记录
ERR-AU-007-1052,01_core_hexin/packages/contract/definitions/errors.yml:2105,RELEASE_SNAPSHOT_EVIDENCE_INVALID,400,true,true,ErrorContract.generated.ts/errorStatus,1,04_tools/scripts/release/validate.mjs:23,[FACT] 定义合法；当前精确字面量消费者已记录
ERR-AU-007-1053,01_core_hexin/packages/contract/definitions/errors.yml:2107,RELEASE_SPECIAL_FILE_FORBIDDEN,403,true,true,ErrorContract.generated.ts/errorStatus,0,,[FACT] 定义合法；零精确字面量不是删除证据
ERR-AU-007-1054,01_core_hexin/packages/contract/definitions/errors.yml:2109,RELEASE_STAGE_EVIDENCE_INVALID,400,true,true,ErrorContract.generated.ts/errorStatus,1,04_tools/scripts/release/validate.mjs:26,[FACT] 定义合法；当前精确字面量消费者已记录
ERR-AU-007-1055,01_core_hexin/packages/contract/definitions/errors.yml:2111,RELEASE_STATIC_BUCKET_INVALID,400,true,true,ErrorContract.generated.ts/errorStatus,1,04_tools/scripts/release/validate.mjs:25,[FACT] 定义合法；当前精确字面量消费者已记录
ERR-AU-007-1056,01_core_hexin/packages/contract/definitions/errors.yml:2113,RELEASE_SUPPLY_CHAIN_EVIDENCE_INVALID,400,true,true,ErrorContract.generated.ts/errorStatus,1,04_tools/scripts/release/validate.mjs:17,[FACT] 定义合法；当前精确字面量消费者已记录
ERR-AU-007-1057,01_core_hexin/packages/contract/definitions/errors.yml:2115,REMOVED_MEMBERSHIP_TABLE_REFERENCE_REMAINS,500,true,true,ErrorContract.generated.ts/errorStatus,0,,[FACT] 定义合法；零精确字面量不是删除证据
ERR-AU-007-1058,01_core_hexin/packages/contract/definitions/errors.yml:2117,REPAIR_MIGRATION_SEQUENCE_DRIFT,500,true,true,ErrorContract.generated.ts/errorStatus,0,,[FACT] 定义合法；零精确字面量不是删除证据
ERR-AU-007-1059,01_core_hexin/packages/contract/definitions/errors.yml:2119,REPORT_AUTHORIZATION_SNAPSHOT_REQUIRED,400,true,true,ErrorContract.generated.ts/errorStatus,1,01_core_hexin/services/commerce/src/modules/reporting/03_application_yingyong/command/ProjectEvent.ts:136,[FACT] 定义合法；当前精确字面量消费者已记录
ERR-AU-007-1060,01_core_hexin/packages/contract/definitions/errors.yml:2121,REPORT_EVENT_MAPPING_MISSING,400,true,true,ErrorContract.generated.ts/errorStatus,0,,[FACT] 定义合法；零精确字面量不是删除证据
ERR-AU-007-1061,01_core_hexin/packages/contract/definitions/errors.yml:2123,REPORT_EVENT_VERSION_UNSUPPORTED,400,true,true,ErrorContract.generated.ts/errorStatus,0,,[FACT] 定义合法；零精确字面量不是删除证据
ERR-AU-007-1062,01_core_hexin/packages/contract/definitions/errors.yml:2125,REPORT_EXPORT_ATTEMPTS_INVALID,400,true,true,ErrorContract.generated.ts/errorStatus,1,01_core_hexin/services/commerce/src/modules/reporting/05_interface_jieru/job/ExportJobRunner.ts:12,[FACT] 定义合法；当前精确字面量消费者已记录
ERR-AU-007-1063,01_core_hexin/packages/contract/definitions/errors.yml:2127,REPORT_EXPORT_OBJECT_INVALID,400,true,true,ErrorContract.generated.ts/errorStatus,1,01_core_hexin/services/commerce/src/modules/reporting/03_application_yingyong/query/GetExport.ts:17,[FACT] 定义合法；当前精确字面量消费者已记录
ERR-AU-007-1064,01_core_hexin/packages/contract/definitions/errors.yml:2129,REPORT_EXPORT_SCAN_OR_INTEGRITY_FAILED,409,true,true,ErrorContract.generated.ts/errorStatus,1,01_core_hexin/services/commerce/src/modules/reporting/05_interface_jieru/job/ExportJobRunner.ts:46,[FACT] 定义合法；当前精确字面量消费者已记录
ERR-AU-007-1065,01_core_hexin/packages/contract/definitions/errors.yml:2131,REPORT_EXPORT_STATE_CONFLICT,409,true,true,ErrorContract.generated.ts/errorStatus,1,01_core_hexin/services/commerce/src/modules/reporting/04_adapters_shixian/persistence/PgReportingRepository.ts:227,[FACT] 定义合法；当前精确字面量消费者已记录
ERR-AU-007-1066,01_core_hexin/packages/contract/definitions/errors.yml:2133,REPORT_EXPORT_TYPE_UNSUPPORTED,400,true,true,ErrorContract.generated.ts/errorStatus,1,01_core_hexin/services/commerce/src/modules/reporting/02_domain_yewu/model/ExportJob.ts:29,[FACT] 定义合法；当前精确字面量消费者已记录
ERR-AU-007-1067,01_core_hexin/packages/contract/definitions/errors.yml:2135,REPORT_FILTER_INVALID,400,true,true,ErrorContract.generated.ts/errorStatus,3,01_core_hexin/services/commerce/src/modules/reporting/03_application_yingyong/ReportingReadOperations.ts:113,[FACT] 定义合法；当前精确字面量消费者已记录
ERR-AU-007-1068,01_core_hexin/packages/contract/definitions/errors.yml:2137,REPORT_FILTER_TOO_LARGE,413,true,true,ErrorContract.generated.ts/errorStatus,2,01_core_hexin/services/commerce/src/modules/reporting/03_application_yingyong/command/CreateExport.ts:13,[FACT] 定义合法；当前精确字面量消费者已记录
ERR-AU-007-1069,01_core_hexin/packages/contract/definitions/errors.yml:2139,REPORT_INBOX_LEASE_LOST,503,true,true,ErrorContract.generated.ts/errorStatus,1,01_core_hexin/services/commerce/src/modules/reporting/04_adapters_shixian/persistence/PgReportingRepository.ts:158,[FACT] 定义合法；当前精确字面量消费者已记录
ERR-AU-007-1070,01_core_hexin/packages/contract/definitions/errors.yml:2141,REPORT_INTEGER_INVALID,400,true,true,ErrorContract.generated.ts/errorStatus,1,01_core_hexin/services/commerce/src/modules/reporting/04_adapters_shixian/persistence/PgReportingRepository.ts:262,[FACT] 定义合法；当前精确字面量消费者已记录
ERR-AU-007-1071,01_core_hexin/packages/contract/definitions/errors.yml:2143,REPORT_METRIC_INVALID,400,true,true,ErrorContract.generated.ts/errorStatus,1,01_core_hexin/services/commerce/src/modules/reporting/02_domain_yewu/model/Projection.ts:31,[FACT] 定义合法；当前精确字面量消费者已记录
ERR-AU-007-1072,01_core_hexin/packages/contract/definitions/errors.yml:2145,REPORT_ORDER_PROJECTION_MISSING,400,true,true,ErrorContract.generated.ts/errorStatus,3,01_core_hexin/services/commerce/src/modules/reporting/04_adapters_shixian/persistence/PgReportingRepository.ts:126,[FACT] 定义合法；当前精确字面量消费者已记录
ERR-AU-007-1073,01_core_hexin/packages/contract/definitions/errors.yml:2147,REPORT_PERIOD_INVALID,400,true,true,ErrorContract.generated.ts/errorStatus,2,01_core_hexin/services/commerce/src/modules/reporting/03_application_yingyong/ReportingReadOperations.ts:106,[FACT] 定义合法；当前精确字面量消费者已记录
ERR-AU-007-1074,01_core_hexin/packages/contract/definitions/errors.yml:2149,REPORT_PROJECTION_OFFSET_FAILED,500,true,true,ErrorContract.generated.ts/errorStatus,1,01_core_hexin/services/commerce/src/modules/reporting/04_adapters_shixian/persistence/PgReportingRepository.ts:163,[FACT] 定义合法；当前精确字面量消费者已记录
ERR-AU-007-1075,01_core_hexin/packages/contract/definitions/errors.yml:2151,REPORTING_QUERY_INDEX_MISSING,400,false,true,ErrorContract.generated.ts/errorStatus,0,,[FACT] 定义合法；零精确字面量不是删除证据
ERR-AU-007-1076,01_core_hexin/packages/contract/definitions/errors.yml:2153,REQUEST_ABORTED,408,true,true,ErrorContract.generated.ts/errorStatus,4,01_core_hexin/packages/sdk/src/ApiClient.ts:136,[FACT] 定义合法；当前精确字面量消费者已记录
ERR-AU-007-1077,01_core_hexin/packages/contract/definitions/errors.yml:2155,REQUEST_BODY_TOO_LARGE,413,true,true,ErrorContract.generated.ts/errorStatus,3,01_core_hexin/services/commerce/src/foundation/interface/HttpApp.ts:141,[FACT] 定义合法；当前精确字面量消费者已记录
ERR-AU-007-1078,01_core_hexin/packages/contract/definitions/errors.yml:2157,REQUEST_HOST_MISSING,400,true,true,ErrorContract.generated.ts/errorStatus,1,01_core_hexin/services/commerce/src/foundation/interface/NodeServer.ts:69,[FACT] 定义合法；当前精确字面量消费者已记录
ERR-AU-007-1079,01_core_hexin/packages/contract/definitions/errors.yml:2159,REQUEST_JSON_INVALID,400,true,true,ErrorContract.generated.ts/errorStatus,1,01_core_hexin/services/commerce/src/foundation/interface/HttpApp.ts:149,[FACT] 定义合法；当前精确字面量消费者已记录
ERR-AU-007-1080,01_core_hexin/packages/contract/definitions/errors.yml:2161,RESOURCE_LOADING_ELEMENT_REQUIRED,400,true,true,ErrorContract.generated.ts/errorStatus,0,,[FACT] 定义合法；零精确字面量不是删除证据
ERR-AU-007-1081,01_core_hexin/packages/contract/definitions/errors.yml:2163,RESOURCE_NOT_FOUND,404,true,true,ErrorContract.generated.ts/errorStatus,23,01_core_hexin/services/commerce/src/foundation/application/ModuleOperations.ts:220,[FACT] 定义合法；当前精确字面量消费者已记录
ERR-AU-007-1082,01_core_hexin/packages/contract/definitions/errors.yml:2165,RESOURCE_NOT_READY,503,true,true,ErrorContract.generated.ts/errorStatus,1,01_core_hexin/services/commerce/src/foundation/security/AccessPipeline.ts:84,[FACT] 定义合法；当前精确字面量消费者已记录
ERR-AU-007-1083,01_core_hexin/packages/contract/definitions/errors.yml:2167,RESOURCE_RESULT_ID_MISSING,400,true,true,ErrorContract.generated.ts/errorStatus,0,,[FACT] 定义合法；零精确字面量不是删除证据
ERR-AU-007-1084,01_core_hexin/packages/contract/definitions/errors.yml:2169,RESOURCE_SCOPE_NOT_FOUND,404,true,true,ErrorContract.generated.ts/errorStatus,0,,[FACT] 定义合法；零精确字面量不是删除证据
ERR-AU-007-1085,01_core_hexin/packages/contract/definitions/errors.yml:2171,RESOURCE_STATE_ELEMENT_REQUIRED,400,true,true,ErrorContract.generated.ts/errorStatus,0,,[FACT] 定义合法；零精确字面量不是删除证据
ERR-AU-007-1086,01_core_hexin/packages/contract/definitions/errors.yml:2173,RETIRED_DEPLOYMENT_REFERENCE,500,true,true,ErrorContract.generated.ts/errorStatus,0,,[FACT] 定义合法；零精确字面量不是删除证据
ERR-AU-007-1087,01_core_hexin/packages/contract/definitions/errors.yml:2175,RETRY_ATTEMPTS_INVALID,400,true,true,ErrorContract.generated.ts/errorStatus,1,01_core_hexin/packages/sdk/src/RetryPolicy.ts:8,[FACT] 定义合法；当前精确字面量消费者已记录
ERR-AU-007-1088,01_core_hexin/packages/contract/definitions/errors.yml:2177,RETRY_DELAY_INVALID,400,true,true,ErrorContract.generated.ts/errorStatus,1,01_core_hexin/packages/kernel/src/Retry.ts:37,[FACT] 定义合法；当前精确字面量消费者已记录
ERR-AU-007-1089,01_core_hexin/packages/contract/definitions/errors.yml:2179,RETRY_EXHAUSTED,503,true,true,ErrorContract.generated.ts/errorStatus,1,01_core_hexin/packages/kernel/src/Retry.ts:32,[FACT] 定义合法；当前精确字面量消费者已记录
ERR-AU-007-1090,01_core_hexin/packages/contract/definitions/errors.yml:2181,RETRY_POLICY_INVALID,400,true,true,ErrorContract.generated.ts/errorStatus,1,01_core_hexin/packages/kernel/src/Retry.ts:46,[FACT] 定义合法；当前精确字面量消费者已记录
ERR-AU-007-1091,01_core_hexin/packages/contract/definitions/errors.yml:2183,RETURN_INSPECTION_CONFLICT,409,true,true,ErrorContract.generated.ts/errorStatus,1,01_core_hexin/services/commerce/src/modules/fulfillment/03_application_yingyong/FulfillmentOperations.ts:65,[FACT] 定义合法；当前精确字面量消费者已记录
ERR-AU-007-1092,01_core_hexin/packages/contract/definitions/errors.yml:2185,RETURN_RESTOCK_NOT_RUNNABLE,409,true,true,ErrorContract.generated.ts/errorStatus,1,01_core_hexin/services/commerce/src/modules/inventory/05_interface_jieru/job/InventorySyncJob.ts:31,[FACT] 定义合法；当前精确字面量消费者已记录
ERR-AU-007-1093,01_core_hexin/packages/contract/definitions/errors.yml:2187,RISK_ACTIVE_VERSION_STATE_MISMATCH,409,true,true,ErrorContract.generated.ts/errorStatus,0,,[FACT] 定义合法；零精确字面量不是删除证据
ERR-AU-007-1094,01_core_hexin/packages/contract/definitions/errors.yml:2189,RISK_CASE_ACTION_INVALID,400,true,true,ErrorContract.generated.ts/errorStatus,1,01_core_hexin/services/commerce/src/modules/risk/03_application_yingyong/command/ReviewRiskCase.ts:10,[FACT] 定义合法；当前精确字面量消费者已记录
ERR-AU-007-1095,01_core_hexin/packages/contract/definitions/errors.yml:2191,RISK_CASE_EVIDENCE_INVALID,400,true,true,ErrorContract.generated.ts/errorStatus,1,01_core_hexin/services/commerce/src/modules/risk/03_application_yingyong/command/ReviewRiskCase.ts:22,[FACT] 定义合法；当前精确字面量消费者已记录
ERR-AU-007-1096,01_core_hexin/packages/contract/definitions/errors.yml:2193,RISK_CASE_INVALID,400,true,true,ErrorContract.generated.ts/errorStatus,1,01_core_hexin/services/commerce/src/modules/risk/02_domain_yewu/model/RiskCase.ts:5,[FACT] 定义合法；当前精确字面量消费者已记录
ERR-AU-007-1097,01_core_hexin/packages/contract/definitions/errors.yml:2195,RISK_CASE_REVIEWER_SEPARATION_REQUIRED,403,true,true,ErrorContract.generated.ts/errorStatus,1,01_core_hexin/services/commerce/src/modules/risk/02_domain_yewu/model/RiskCase.ts:9,[FACT] 定义合法；当前精确字面量消费者已记录
ERR-AU-007-1098,01_core_hexin/packages/contract/definitions/errors.yml:2197,RISK_CASE_TRANSITION_INVALID,409,true,true,ErrorContract.generated.ts/errorStatus,1,01_core_hexin/services/commerce/src/modules/risk/02_domain_yewu/model/RiskCase.ts:14,[FACT] 定义合法；当前精确字面量消费者已记录
ERR-AU-007-1099,01_core_hexin/packages/contract/definitions/errors.yml:2199,RISK_POLICY_ACTION_INVALID,400,true,true,ErrorContract.generated.ts/errorStatus,1,01_core_hexin/services/commerce/src/modules/risk/03_application_yingyong/command/ManageRiskPolicy.ts:19,[FACT] 定义合法；当前精确字面量消费者已记录
ERR-AU-007-1100,01_core_hexin/packages/contract/definitions/errors.yml:2201,RISK_POLICY_FIELD_UNKNOWN,404,true,true,ErrorContract.generated.ts/errorStatus,1,01_core_hexin/services/commerce/src/modules/risk/02_domain_yewu/model/RiskPolicy.ts:94,[FACT] 定义合法；当前精确字面量消费者已记录
ERR-AU-007-1101,01_core_hexin/packages/contract/definitions/errors.yml:2203,RISK_POLICY_IDENTITY_INVALID,400,true,true,ErrorContract.generated.ts/errorStatus,1,01_core_hexin/services/commerce/src/modules/risk/02_domain_yewu/model/RiskPolicy.ts:23,[FACT] 定义合法；当前精确字面量消费者已记录
ERR-AU-007-1102,01_core_hexin/packages/contract/definitions/errors.yml:2205,RISK_POLICY_LIST_INVALID,400,true,true,ErrorContract.generated.ts/errorStatus,1,01_core_hexin/services/commerce/src/modules/risk/02_domain_yewu/model/RiskPolicy.ts:80,[FACT] 定义合法；当前精确字面量消费者已记录
ERR-AU-007-1103,01_core_hexin/packages/contract/definitions/errors.yml:2207,RISK_POLICY_NUMBER_INVALID,400,true,true,ErrorContract.generated.ts/errorStatus,1,01_core_hexin/services/commerce/src/modules/risk/02_domain_yewu/model/RiskPolicy.ts:86,[FACT] 定义合法；当前精确字面量消费者已记录
ERR-AU-007-1104,01_core_hexin/packages/contract/definitions/errors.yml:2209,RISK_POLICY_SCORE_SIGNAL_INVALID,400,true,true,ErrorContract.generated.ts/errorStatus,1,01_core_hexin/services/commerce/src/modules/risk/02_domain_yewu/model/RiskPolicy.ts:64,[FACT] 定义合法；当前精确字面量消费者已记录
ERR-AU-007-1105,01_core_hexin/packages/contract/definitions/errors.yml:2211,RISK_POLICY_SCORES_INVALID,400,false,true,ErrorContract.generated.ts/errorStatus,1,01_core_hexin/services/commerce/src/modules/risk/02_domain_yewu/model/RiskPolicy.ts:61,[FACT] 定义合法；当前精确字面量消费者已记录
ERR-AU-007-1106,01_core_hexin/packages/contract/definitions/errors.yml:2213,RISK_POLICY_VELOCITY_OUTCOME_INVALID,400,true,true,ErrorContract.generated.ts/errorStatus,1,01_core_hexin/services/commerce/src/modules/risk/02_domain_yewu/model/RiskPolicy.ts:55,[FACT] 定义合法；当前精确字面量消费者已记录
ERR-AU-007-1107,01_core_hexin/packages/contract/definitions/errors.yml:2215,RISK_REPLAY_PREVIEW_INVALID,400,true,true,ErrorContract.generated.ts/errorStatus,1,01_core_hexin/services/commerce/src/modules/risk/04_adapters_shixian/persistence/PgRiskRepository.ts:202,[FACT] 定义合法；当前精确字面量消费者已记录
ERR-AU-007-1108,01_core_hexin/packages/contract/definitions/errors.yml:2217,RISK_ROLLOUT_INVALID,400,true,true,ErrorContract.generated.ts/errorStatus,1,01_core_hexin/services/commerce/src/modules/risk/03_application_yingyong/command/ManageRiskPolicy.ts:30,[FACT] 定义合法；当前精确字面量消费者已记录
ERR-AU-007-1109,01_core_hexin/packages/contract/definitions/errors.yml:2219,RISK_SIGNAL_INVALID,400,true,true,ErrorContract.generated.ts/errorStatus,1,01_core_hexin/services/commerce/src/modules/risk/02_domain_yewu/model/Signal.ts:9,[FACT] 定义合法；当前精确字面量消费者已记录
ERR-AU-007-1110,01_core_hexin/packages/contract/definitions/errors.yml:2221,RLS_SCOPE_READ_ISOLATION_INVALID,400,true,true,ErrorContract.generated.ts/errorStatus,1,04_tools/scripts/audit/database-contracts.mjs:612,[FACT] 定义合法；当前精确字面量消费者已记录
ERR-AU-007-1111,01_core_hexin/packages/contract/definitions/errors.yml:2223,RLS_SCOPE_WRITE_ISOLATION_INVALID,400,true,true,ErrorContract.generated.ts/errorStatus,1,04_tools/scripts/audit/database-contracts.mjs:623,[FACT] 定义合法；当前精确字面量消费者已记录
ERR-AU-007-1112,01_core_hexin/packages/contract/definitions/errors.yml:2225,ROLE_CODE_CONFLICT,409,true,true,ErrorContract.generated.ts/errorStatus,0,,[FACT] 定义合法；零精确字面量不是删除证据
ERR-AU-007-1113,01_core_hexin/packages/contract/definitions/errors.yml:2227,ROLE_GRANT_EXCEEDS_ACTOR,500,true,true,ErrorContract.generated.ts/errorStatus,0,,[FACT] 定义合法；零精确字面量不是删除证据
ERR-AU-007-1114,01_core_hexin/packages/contract/definitions/errors.yml:2229,ROLE_NOT_FOUND,404,true,true,ErrorContract.generated.ts/errorStatus,0,,[FACT] 定义合法；零精确字面量不是删除证据
ERR-AU-007-1115,01_core_hexin/packages/contract/definitions/errors.yml:2231,ROUTE_DUPLICATE,500,true,true,ErrorContract.generated.ts/errorStatus,0,,[FACT] 定义合法；零精确字面量不是删除证据
ERR-AU-007-1116,01_core_hexin/packages/contract/definitions/errors.yml:2233,ROUTE_OPERATIONS_MISSING,500,true,true,ErrorContract.generated.ts/errorStatus,0,,[FACT] 定义合法；零精确字面量不是删除证据
ERR-AU-007-1117,01_core_hexin/packages/contract/definitions/errors.yml:2235,ROUTE_REGISTRY_FROZEN,500,true,true,ErrorContract.generated.ts/errorStatus,1,01_core_hexin/services/commerce/src/bootstrap/RouteRegistry.ts:29,[FACT] 定义合法；当前精确字面量消费者已记录
ERR-AU-007-1118,01_core_hexin/packages/contract/definitions/errors.yml:2237,ROUTE_REGISTRY_NOT_FROZEN,500,true,true,ErrorContract.generated.ts/errorStatus,1,01_core_hexin/services/commerce/src/bootstrap/RouteRegistry.ts:47,[FACT] 定义合法；当前精确字面量消费者已记录
ERR-AU-007-1119,01_core_hexin/packages/contract/definitions/errors.yml:2239,RUNTIME_CONTRACT_CHECKSUM_MISMATCH,409,true,true,ErrorContract.generated.ts/errorStatus,0,,[FACT] 定义合法；零精确字面量不是删除证据
ERR-AU-007-1120,01_core_hexin/packages/contract/definitions/errors.yml:2241,SCOPE_DENIED,403,true,true,ErrorContract.generated.ts/errorStatus,16,01_core_hexin/services/commerce/src/foundation/security/AccessPipeline.ts:73,[FACT] 定义合法；当前精确字面量消费者已记录
ERR-AU-007-1121,01_core_hexin/packages/contract/definitions/errors.yml:2243,SCOPE_GRANT_EXCEEDS_ACTOR,500,true,true,ErrorContract.generated.ts/errorStatus,0,,[FACT] 定义合法；零精确字面量不是删除证据
ERR-AU-007-1122,01_core_hexin/packages/contract/definitions/errors.yml:2245,SCOPE_MISMATCH,409,true,true,ErrorContract.generated.ts/errorStatus,0,,[FACT] 定义合法；零精确字面量不是删除证据
ERR-AU-007-1123,01_core_hexin/packages/contract/definitions/errors.yml:2247,SCOPE_NOT_ALLOWED_FOR_OPERATION,403,true,true,ErrorContract.generated.ts/errorStatus,5,01_core_hexin/services/commerce/src/modules/member/03_application_yingyong/MemberCustomProfileOperations.ts:45,[FACT] 定义合法；当前精确字面量消费者已记录
ERR-AU-007-1124,01_core_hexin/packages/contract/definitions/errors.yml:2249,SDK_BASE_URL_INVALID,500,true,true,ErrorContract.generated.ts/errorStatus,1,01_core_hexin/packages/sdk/src/ApiClient.ts:29,[FACT] 定义合法；当前精确字面量消费者已记录
ERR-AU-007-1125,01_core_hexin/packages/contract/definitions/errors.yml:2251,SDK_CONTRACT_VERSION_MISMATCH,409,true,true,ErrorContract.generated.ts/errorStatus,0,,[FACT] 定义合法；零精确字面量不是删除证据
ERR-AU-007-1126,01_core_hexin/packages/contract/definitions/errors.yml:2253,SDK_EXPECTED_VERSION_REQUIRED,400,true,true,ErrorContract.generated.ts/errorStatus,1,01_core_hexin/packages/sdk/src/ApiClient.ts:39,[FACT] 定义合法；当前精确字面量消费者已记录
ERR-AU-007-1127,01_core_hexin/packages/contract/definitions/errors.yml:2255,SDK_IDEMPOTENCY_KEY_REQUIRED,400,true,true,ErrorContract.generated.ts/errorStatus,1,01_core_hexin/packages/sdk/src/ApiClient.ts:42,[FACT] 定义合法；当前精确字面量消费者已记录
ERR-AU-007-1128,01_core_hexin/packages/contract/definitions/errors.yml:2257,SDK_OPERATION_FROZEN,409,true,true,ErrorContract.generated.ts/errorStatus,1,01_core_hexin/packages/sdk/src/ApiClient.ts:37,[FACT] 定义合法；当前精确字面量消费者已记录
ERR-AU-007-1129,01_core_hexin/packages/contract/definitions/errors.yml:2259,SDK_PATH_VALUE_MISSING,500,true,true,ErrorContract.generated.ts/errorStatus,0,,[FACT] 定义合法；零精确字面量不是删除证据
ERR-AU-007-1130,01_core_hexin/packages/contract/definitions/errors.yml:2261,SDK_SECURE_ID_SOURCE_UNAVAILABLE,503,true,true,ErrorContract.generated.ts/errorStatus,1,01_core_hexin/packages/sdk/src/RequestContextFactory.ts:49,[FACT] 定义合法；当前精确字面量消费者已记录
ERR-AU-007-1131,01_core_hexin/packages/contract/definitions/errors.yml:2263,SECRET_READ_FAILED,500,true,true,ErrorContract.generated.ts/errorStatus,1,01_core_hexin/services/commerce/src/foundation/infrastructure/SecretStore.ts:41,[FACT] 定义合法；当前精确字面量消费者已记录
ERR-AU-007-1132,01_core_hexin/packages/contract/definitions/errors.yml:2265,SECRET_REFERENCE_INVALID,500,true,true,ErrorContract.generated.ts/errorStatus,1,01_core_hexin/services/commerce/src/foundation/infrastructure/SecretStore.ts:36,[FACT] 定义合法；当前精确字面量消费者已记录
ERR-AU-007-1133,01_core_hexin/packages/contract/definitions/errors.yml:2267,SECRET_STORE_ENDPOINT_INVALID,500,true,true,ErrorContract.generated.ts/errorStatus,1,01_core_hexin/services/commerce/src/foundation/infrastructure/SecretStore.ts:30,[FACT] 定义合法；当前精确字面量消费者已记录
ERR-AU-007-1134,01_core_hexin/packages/contract/definitions/errors.yml:2269,SECRET_VALUE_INVALID,500,true,true,ErrorContract.generated.ts/errorStatus,1,01_core_hexin/services/commerce/src/foundation/infrastructure/SecretStore.ts:43,[FACT] 定义合法；当前精确字面量消费者已记录
ERR-AU-007-1135,01_core_hexin/packages/contract/definitions/errors.yml:2271,SECURITY_DEFINER_SEARCH_PATH_UNSET,500,true,true,ErrorContract.generated.ts/errorStatus,0,,[FACT] 定义合法；零精确字面量不是删除证据
ERR-AU-007-1136,01_core_hexin/packages/contract/definitions/errors.yml:2273,SELF_ACCESS_MUTATION_FORBIDDEN,403,true,true,ErrorContract.generated.ts/errorStatus,0,,[FACT] 定义合法；零精确字面量不是删除证据
ERR-AU-007-1137,01_core_hexin/packages/contract/definitions/errors.yml:2275,SELF_ROLE_MUTATION_FORBIDDEN,403,true,true,ErrorContract.generated.ts/errorStatus,0,,[FACT] 定义合法；零精确字面量不是删除证据
ERR-AU-007-1138,01_core_hexin/packages/contract/definitions/errors.yml:2277,SEMAPHORE_CAPACITY_INVALID,400,true,true,ErrorContract.generated.ts/errorStatus,1,01_core_hexin/packages/kernel/src/Semaphore.ts:15,[FACT] 定义合法；当前精确字面量消费者已记录
ERR-AU-007-1139,01_core_hexin/packages/contract/definitions/errors.yml:2279,SEMAPHORE_QUEUE_FULL,429,true,true,ErrorContract.generated.ts/errorStatus,1,01_core_hexin/packages/kernel/src/Semaphore.ts:37,[FACT] 定义合法；当前精确字面量消费者已记录
ERR-AU-007-1140,01_core_hexin/packages/contract/definitions/errors.yml:2281,SEMAPHORE_QUEUE_INVALID,400,true,true,ErrorContract.generated.ts/errorStatus,1,01_core_hexin/packages/kernel/src/Semaphore.ts:16,[FACT] 定义合法；当前精确字面量消费者已记录
ERR-AU-007-1141,01_core_hexin/packages/contract/definitions/errors.yml:2283,SETTLEMENT_LINE_TOTAL_MISMATCH,409,true,true,ErrorContract.generated.ts/errorStatus,1,01_core_hexin/services/commerce/src/modules/finance/05_interface_jieru/job/SettlementJob.ts:138,[FACT] 定义合法；当前精确字面量消费者已记录
ERR-AU-007-1142,01_core_hexin/packages/contract/definitions/errors.yml:2285,SETTLEMENT_NOT_RUNNABLE,409,true,true,ErrorContract.generated.ts/errorStatus,3,01_core_hexin/services/commerce/src/modules/finance/05_interface_jieru/job/SettlementJob.ts:52,[FACT] 定义合法；当前精确字面量消费者已记录
ERR-AU-007-1143,01_core_hexin/packages/contract/definitions/errors.yml:2287,SFL_ADMIN_IDENTITY_REQUIRED,409,true,true,ErrorContract.generated.ts/errorStatus,0,,[FACT] 定义合法；零精确字面量不是删除证据
ERR-AU-007-1144,01_core_hexin/packages/contract/definitions/errors.yml:2289,SFL_ADMIN_SCOPE_ORGANIZATION_MISMATCH,409,true,true,ErrorContract.generated.ts/errorStatus,0,,[FACT] 定义合法；零精确字面量不是删除证据
ERR-AU-007-1145,01_core_hexin/packages/contract/definitions/errors.yml:2291,SFL_ADMIN_SCOPE_REALM_MISMATCH,409,true,true,ErrorContract.generated.ts/errorStatus,0,,[FACT] 定义合法；零精确字面量不是删除证据
ERR-AU-007-1146,01_core_hexin/packages/contract/definitions/errors.yml:2293,SFL_ADMIN_SCOPE_TARGET_NOT_ACTIVE_OPERATOR,409,true,true,ErrorContract.generated.ts/errorStatus,0,,[FACT] 定义合法；零精确字面量不是删除证据
ERR-AU-007-1147,01_core_hexin/packages/contract/definitions/errors.yml:2295,SHOP_SMOKE_BASE_URL_INVALID,400,true,true,ErrorContract.generated.ts/errorStatus,1,01_core_hexin/packages/config/src/SmokeEnvironment.ts:12,[FACT] 定义合法；当前精确字面量消费者已记录
ERR-AU-007-1148,01_core_hexin/packages/contract/definitions/errors.yml:2297,SHOP_SMOKE_RELEASE_INVALID,400,true,true,ErrorContract.generated.ts/errorStatus,1,01_core_hexin/packages/config/src/SmokeEnvironment.ts:13,[FACT] 定义合法；当前精确字面量消费者已记录
ERR-AU-007-1149,01_core_hexin/packages/contract/definitions/errors.yml:2299,SIMULATION_TARGET_NOT_FOUND,404,true,true,ErrorContract.generated.ts/errorStatus,0,,[FACT] 定义合法；零精确字面量不是删除证据
ERR-AU-007-1150,01_core_hexin/packages/contract/definitions/errors.yml:2301,SIMULATION_VOUCHER_REQUIRED,400,true,true,ErrorContract.generated.ts/errorStatus,0,,[FACT] 定义合法；零精确字面量不是删除证据
ERR-AU-007-1151,01_core_hexin/packages/contract/definitions/errors.yml:2303,SKU_NOT_AVAILABLE,500,true,true,ErrorContract.generated.ts/errorStatus,0,,[FACT] 定义合法；零精确字面量不是删除证据
ERR-AU-007-1152,01_core_hexin/packages/contract/definitions/errors.yml:2305,SKU_NOT_ELIGIBLE,500,true,true,ErrorContract.generated.ts/errorStatus,0,,[FACT] 定义合法；零精确字面量不是删除证据
ERR-AU-007-1153,01_core_hexin/packages/contract/definitions/errors.yml:2307,SMOKE_PROBE_FAILED,500,true,true,ErrorContract.generated.ts/errorStatus,0,,[FACT] 定义合法；零精确字面量不是删除证据
ERR-AU-007-1154,01_core_hexin/packages/contract/definitions/errors.yml:2309,SMOKE_PROBE_INVALID,400,true,true,ErrorContract.generated.ts/errorStatus,0,,[FACT] 定义合法；零精确字面量不是删除证据
ERR-AU-007-1155,01_core_hexin/packages/contract/definitions/errors.yml:2311,SOURCE_MIGRATION_LEDGER_MISSING,400,true,true,ErrorContract.generated.ts/errorStatus,0,,[FACT] 定义合法；零精确字面量不是删除证据
ERR-AU-007-1156,01_core_hexin/packages/contract/definitions/errors.yml:2313,SOURCE_OBJECT_MANIFEST_INVALID,400,true,true,ErrorContract.generated.ts/errorStatus,0,,[FACT] 定义合法；零精确字面量不是删除证据
ERR-AU-007-1157,01_core_hexin/packages/contract/definitions/errors.yml:2315,SPECIFICATION_EMPTY,400,true,true,ErrorContract.generated.ts/errorStatus,2,01_core_hexin/packages/kernel/src/Specification.ts:7,[FACT] 定义合法；当前精确字面量消费者已记录
ERR-AU-007-1158,01_core_hexin/packages/contract/definitions/errors.yml:2317,STAGE_AND_CANDIDATE_REQUIRED,400,true,true,ErrorContract.generated.ts/errorStatus,1,04_tools/scripts/release/stage.mjs:50,[FACT] 定义合法；当前精确字面量消费者已记录
ERR-AU-007-1159,01_core_hexin/packages/contract/definitions/errors.yml:2319,STAGE_CANDIDATE_MISMATCH,409,true,true,ErrorContract.generated.ts/errorStatus,1,04_tools/scripts/release/stage.mjs:27,[FACT] 定义合法；当前精确字面量消费者已记录
ERR-AU-007-1160,01_core_hexin/packages/contract/definitions/errors.yml:2321,STAGE_CHECK_INVALID,400,true,true,ErrorContract.generated.ts/errorStatus,0,,[FACT] 定义合法；零精确字面量不是删除证据
ERR-AU-007-1161,01_core_hexin/packages/contract/definitions/errors.yml:2323,STAGE_COMMIT_MISMATCH,409,true,true,ErrorContract.generated.ts/errorStatus,1,04_tools/scripts/release/stage.mjs:26,[FACT] 定义合法；当前精确字面量消费者已记录
ERR-AU-007-1162,01_core_hexin/packages/contract/definitions/errors.yml:2325,STAGE_EVIDENCE_STALE,409,true,true,ErrorContract.generated.ts/errorStatus,1,04_tools/scripts/release/stage.mjs:29,[FACT] 定义合法；当前精确字面量消费者已记录
ERR-AU-007-1163,01_core_hexin/packages/contract/definitions/errors.yml:2327,STAGE_PROVIDER_INVALID,400,true,true,ErrorContract.generated.ts/errorStatus,0,,[FACT] 定义合法；零精确字面量不是删除证据
ERR-AU-007-1164,01_core_hexin/packages/contract/definitions/errors.yml:2329,STAGE_PROVIDER_SET_INVALID,400,true,true,ErrorContract.generated.ts/errorStatus,1,04_tools/scripts/release/stage.mjs:39,[FACT] 定义合法；当前精确字面量消费者已记录
ERR-AU-007-1165,01_core_hexin/packages/contract/definitions/errors.yml:2331,STAGE_REQUIREMENT_INVALID,400,true,true,ErrorContract.generated.ts/errorStatus,0,,[FACT] 定义合法；零精确字面量不是删除证据
ERR-AU-007-1166,01_core_hexin/packages/contract/definitions/errors.yml:2333,STAGE_REQUIREMENT_SET_INVALID,400,true,true,ErrorContract.generated.ts/errorStatus,1,04_tools/scripts/release/stage.mjs:34,[FACT] 定义合法；当前精确字面量消费者已记录
ERR-AU-007-1167,01_core_hexin/packages/contract/definitions/errors.yml:2335,STAGE_SCHEMA_INVALID,400,true,true,ErrorContract.generated.ts/errorStatus,1,04_tools/scripts/release/stage.mjs:24,[FACT] 定义合法；当前精确字面量消费者已记录
ERR-AU-007-1168,01_core_hexin/packages/contract/definitions/errors.yml:2337,STAGE_TIME_INVALID,400,true,true,ErrorContract.generated.ts/errorStatus,1,04_tools/scripts/release/stage.mjs:28,[FACT] 定义合法；当前精确字面量消费者已记录
ERR-AU-007-1169,01_core_hexin/packages/contract/definitions/errors.yml:2339,STALE_SCOPE_RESPONSE,409,true,true,ErrorContract.generated.ts/errorStatus,0,,[FACT] 定义合法；零精确字面量不是删除证据
ERR-AU-007-1170,01_core_hexin/packages/contract/definitions/errors.yml:2341,STATE_INVALID,400,true,true,ErrorContract.generated.ts/errorStatus,1,01_core_hexin/services/commerce/src/modules/channel/05_interface_jieru/http/ChannelRoutes.ts:167,[FACT] 定义合法；当前精确字面量消费者已记录
ERR-AU-007-1171,01_core_hexin/packages/contract/definitions/errors.yml:2343,STATEMENT_CURRENCY_UNSUPPORTED,400,false,true,ErrorContract.generated.ts/errorStatus,1,01_core_hexin/services/commerce/src/modules/finance/03_application_yingyong/command/ReconcileStatement.ts:107,[FACT] 定义合法；当前精确字面量消费者已记录
ERR-AU-007-1172,01_core_hexin/packages/contract/definitions/errors.yml:2345,STATEMENT_DATE_INVALID,400,true,true,ErrorContract.generated.ts/errorStatus,1,01_core_hexin/services/commerce/src/modules/channel/03_application_yingyong/command/RunSync.ts:37,[FACT] 定义合法；当前精确字面量消费者已记录
ERR-AU-007-1173,01_core_hexin/packages/contract/definitions/errors.yml:2347,STATEMENT_HASH_INVALID,400,true,true,ErrorContract.generated.ts/errorStatus,1,01_core_hexin/services/commerce/src/modules/channel/05_interface_jieru/job/ChannelSyncJob.ts:142,[FACT] 定义合法；当前精确字面量消费者已记录
ERR-AU-007-1174,01_core_hexin/packages/contract/definitions/errors.yml:2349,STATEMENT_INTEGRITY_FAILED,409,true,true,ErrorContract.generated.ts/errorStatus,1,01_core_hexin/services/commerce/src/modules/finance/03_application_yingyong/command/ReconcileStatement.ts:17,[FACT] 定义合法；当前精确字面量消费者已记录
ERR-AU-007-1175,01_core_hexin/packages/contract/definitions/errors.yml:2351,STATEMENT_REFERENCE_DUPLICATE,409,true,true,ErrorContract.generated.ts/errorStatus,1,01_core_hexin/services/commerce/src/modules/finance/03_application_yingyong/command/ReconcileStatement.ts:99,[FACT] 定义合法；当前精确字面量消费者已记录
ERR-AU-007-1176,01_core_hexin/packages/contract/definitions/errors.yml:2353,STATEMENT_TOTAL_OVERFLOW,500,true,true,ErrorContract.generated.ts/errorStatus,1,01_core_hexin/services/commerce/src/modules/finance/03_application_yingyong/command/ReconcileStatement.ts:111,[FACT] 定义合法；当前精确字面量消费者已记录
ERR-AU-007-1177,01_core_hexin/packages/contract/definitions/errors.yml:2355,STATEMENT_TYPE_INVALID,400,true,true,ErrorContract.generated.ts/errorStatus,1,01_core_hexin/services/commerce/src/modules/finance/03_application_yingyong/command/ReconcileStatement.ts:110,[FACT] 定义合法；当前精确字面量消费者已记录
ERR-AU-007-1178,01_core_hexin/packages/contract/definitions/errors.yml:2357,STEP_UP_CHALLENGE_EXPIRED,500,true,true,ErrorContract.generated.ts/errorStatus,0,,[FACT] 定义合法；零精确字面量不是删除证据
ERR-AU-007-1179,01_core_hexin/packages/contract/definitions/errors.yml:2359,STEP_UP_CHALLENGE_INVALID,400,true,true,ErrorContract.generated.ts/errorStatus,0,,[FACT] 定义合法；零精确字面量不是删除证据
ERR-AU-007-1180,01_core_hexin/packages/contract/definitions/errors.yml:2361,STEP_UP_DESTINATION_MISSING,409,true,true,ErrorContract.generated.ts/errorStatus,2,01_core_hexin/services/commerce/src/modules/identity/05_interface_jieru/http/MobileWechatOperations.ts:135,[FACT] 定义合法；当前精确字面量消费者已记录
ERR-AU-007-1181,01_core_hexin/packages/contract/definitions/errors.yml:2363,STEP_UP_FACTOR_NOT_CONFIGURED,500,true,true,ErrorContract.generated.ts/errorStatus,0,,[FACT] 定义合法；零精确字面量不是删除证据
ERR-AU-007-1182,01_core_hexin/packages/contract/definitions/errors.yml:2365,STEP_UP_IDENTITY_INVALID,400,true,true,ErrorContract.generated.ts/errorStatus,0,,[FACT] 定义合法；零精确字面量不是删除证据
ERR-AU-007-1183,01_core_hexin/packages/contract/definitions/errors.yml:2367,STEP_UP_SESSION_INVALID,400,true,true,ErrorContract.generated.ts/errorStatus,0,,[FACT] 定义合法；零精确字面量不是删除证据
ERR-AU-007-1184,01_core_hexin/packages/contract/definitions/errors.yml:2369,STEPUP_REQUIRED,403,false,true,ErrorContract.generated.ts/errorStatus,1,01_core_hexin/services/commerce/src/foundation/security/AccessPipeline.ts:87,[FACT] 定义合法；当前精确字面量消费者已记录
ERR-AU-007-1185,01_core_hexin/packages/contract/definitions/errors.yml:2371,STOCK_EXHAUSTED,409,true,true,ErrorContract.generated.ts/errorStatus,0,,[FACT] 定义合法；零精确字面量不是删除证据
ERR-AU-007-1186,01_core_hexin/packages/contract/definitions/errors.yml:2373,STORE_ROUTE_FORBIDDEN,403,true,true,ErrorContract.generated.ts/errorStatus,0,,[FACT] 定义合法；零精确字面量不是删除证据
ERR-AU-007-1187,01_core_hexin/packages/contract/definitions/errors.yml:2375,STORE_SCOPE_MISSING,400,true,true,ErrorContract.generated.ts/errorStatus,0,,[FACT] 定义合法；零精确字面量不是删除证据
ERR-AU-007-1188,01_core_hexin/packages/contract/definitions/errors.yml:2377,STORE_SESSION_MISSING,401,true,true,ErrorContract.generated.ts/errorStatus,0,,[FACT] 定义合法；零精确字面量不是删除证据
ERR-AU-007-1189,01_core_hexin/packages/contract/definitions/errors.yml:2379,STOREFRONT_CONFIG_INVALID,500,false,true,ErrorContract.generated.ts/errorStatus,0,,[FACT] 定义合法；零精确字面量不是删除证据
ERR-AU-007-1190,01_core_hexin/packages/contract/definitions/errors.yml:2381,STOREFRONT_MALL_ID_INVALID,400,true,true,ErrorContract.generated.ts/errorStatus,0,,[FACT] 定义合法；零精确字面量不是删除证据
ERR-AU-007-1191,01_core_hexin/packages/contract/definitions/errors.yml:2383,STOREFRONT_MALL_SCOPE_MISSING,400,true,true,ErrorContract.generated.ts/errorStatus,0,,[FACT] 定义合法；零精确字面量不是删除证据
ERR-AU-007-1192,01_core_hexin/packages/contract/definitions/errors.yml:2385,STOREFRONT_MEMBERSHIP_REQUIRED,400,true,true,ErrorContract.generated.ts/errorStatus,0,,[FACT] 定义合法；零精确字面量不是删除证据
ERR-AU-007-1193,01_core_hexin/packages/contract/definitions/errors.yml:2387,STOREFRONT_OFFER_CAPABILITY_MISSING,400,true,true,ErrorContract.generated.ts/errorStatus,0,,[FACT] 定义合法；零精确字面量不是删除证据
ERR-AU-007-1194,01_core_hexin/packages/contract/definitions/errors.yml:2389,STOREFRONT_ROOT_MISSING,500,true,true,ErrorContract.generated.ts/errorStatus,0,,[FACT] 定义合法；零精确字面量不是删除证据
ERR-AU-007-1195,01_core_hexin/packages/contract/definitions/errors.yml:2391,STOREFRONT_ROUTE_MODULE_INVALID,500,true,true,ErrorContract.generated.ts/errorStatus,0,,[FACT] 定义合法；零精确字面量不是删除证据
ERR-AU-007-1196,01_core_hexin/packages/contract/definitions/errors.yml:2393,STOREFRONT_RUNTIME_MISSING,400,true,true,ErrorContract.generated.ts/errorStatus,0,,[FACT] 定义合法；零精确字面量不是删除证据
ERR-AU-007-1197,01_core_hexin/packages/contract/definitions/errors.yml:2395,STOREFRONT_SCOPE_MISSING,400,true,true,ErrorContract.generated.ts/errorStatus,0,,[FACT] 定义合法；零精确字面量不是删除证据
ERR-AU-007-1198,01_core_hexin/packages/contract/definitions/errors.yml:2397,STOREFRONT_SESSION_MISSING,401,true,true,ErrorContract.generated.ts/errorStatus,0,,[FACT] 定义合法；零精确字面量不是删除证据
ERR-AU-007-1199,01_core_hexin/packages/contract/definitions/errors.yml:2399,STRING_ARRAY_REQUIRED,400,true,true,ErrorContract.generated.ts/errorStatus,1,01_core_hexin/services/commerce/src/modules/support/03_application_yingyong/command/AssignTicket.ts:100,[FACT] 定义合法；当前精确字面量消费者已记录
ERR-AU-007-1200,01_core_hexin/packages/contract/definitions/errors.yml:2401,SUPPLIER_EXPORT_ID_INVALID,400,true,true,ErrorContract.generated.ts/errorStatus,0,,[FACT] 定义合法；零精确字面量不是删除证据
ERR-AU-007-1201,01_core_hexin/packages/contract/definitions/errors.yml:2403,SUPPLIER_ROUTE_FORBIDDEN,403,true,true,ErrorContract.generated.ts/errorStatus,0,,[FACT] 定义合法；零精确字面量不是删除证据
ERR-AU-007-1202,01_core_hexin/packages/contract/definitions/errors.yml:2405,SUPPLIER_SCOPE_MISSING,400,true,true,ErrorContract.generated.ts/errorStatus,0,,[FACT] 定义合法；零精确字面量不是删除证据
ERR-AU-007-1203,01_core_hexin/packages/contract/definitions/errors.yml:2407,SUPPLIER_SESSION_MISSING,401,true,true,ErrorContract.generated.ts/errorStatus,0,,[FACT] 定义合法；零精确字面量不是删除证据
ERR-AU-007-1204,01_core_hexin/packages/contract/definitions/errors.yml:2409,SUPPLIER_STOCK_RECONCILIATION_REQUIRED,400,true,true,ErrorContract.generated.ts/errorStatus,0,,[FACT] 定义合法；零精确字面量不是删除证据
ERR-AU-007-1205,01_core_hexin/packages/contract/definitions/errors.yml:2411,SUPPLIER_STOCK_SNAPSHOT_INVALID,400,true,true,ErrorContract.generated.ts/errorStatus,0,,[FACT] 定义合法；零精确字面量不是删除证据
ERR-AU-007-1206,01_core_hexin/packages/contract/definitions/errors.yml:2413,SUPPORT_AGENT_CAPACITY_EXCEEDED,429,true,true,ErrorContract.generated.ts/errorStatus,1,01_core_hexin/services/commerce/src/modules/support/03_application_yingyong/command/AssignTicket.ts:35,[FACT] 定义合法；当前精确字面量消费者已记录
ERR-AU-007-1207,01_core_hexin/packages/contract/definitions/errors.yml:2415,SUPPORT_APPEND_ONLY,500,true,true,ErrorContract.generated.ts/errorStatus,0,,[FACT] 定义合法；零精确字面量不是删除证据
ERR-AU-007-1208,01_core_hexin/packages/contract/definitions/errors.yml:2417,SUPPORT_ASSIGNMENT_INVALID,400,true,true,ErrorContract.generated.ts/errorStatus,1,01_core_hexin/services/commerce/src/modules/support/03_application_yingyong/command/AssignTicket.ts:21,[FACT] 定义合法；当前精确字面量消费者已记录
ERR-AU-007-1209,01_core_hexin/packages/contract/definitions/errors.yml:2419,SUPPORT_ASSIGNMENT_RULE_INVALID,400,true,true,ErrorContract.generated.ts/errorStatus,1,01_core_hexin/services/commerce/src/modules/support/02_domain_yewu/model/AssignmentRule.ts:8,[FACT] 定义合法；当前精确字面量消费者已记录
ERR-AU-007-1210,01_core_hexin/packages/contract/definitions/errors.yml:2421,SUPPORT_ATTACHMENT_HASH_INVALID,400,true,true,ErrorContract.generated.ts/errorStatus,1,01_core_hexin/services/commerce/src/modules/support/03_application_yingyong/command/SendMessage.ts:42,[FACT] 定义合法；当前精确字面量消费者已记录
ERR-AU-007-1211,01_core_hexin/packages/contract/definitions/errors.yml:2423,SUPPORT_ATTACHMENT_TOO_LARGE,413,true,true,ErrorContract.generated.ts/errorStatus,1,01_core_hexin/services/commerce/src/modules/support/03_application_yingyong/command/SendMessage.ts:43,[FACT] 定义合法；当前精确字面量消费者已记录
ERR-AU-007-1212,01_core_hexin/packages/contract/definitions/errors.yml:2425,SUPPORT_ATTACHMENT_TYPE_INVALID,400,true,true,ErrorContract.generated.ts/errorStatus,1,01_core_hexin/services/commerce/src/modules/support/03_application_yingyong/command/SendMessage.ts:58,[FACT] 定义合法；当前精确字面量消费者已记录
ERR-AU-007-1213,01_core_hexin/packages/contract/definitions/errors.yml:2427,SUPPORT_BENEFIT_REFERENCE_INVALID,400,true,true,ErrorContract.generated.ts/errorStatus,1,01_core_hexin/services/commerce/src/modules/support/04_adapters_shixian/persistence/PgSupportRepository.ts:28,[FACT] 定义合法；当前精确字面量消费者已记录
ERR-AU-007-1214,01_core_hexin/packages/contract/definitions/errors.yml:2429,SUPPORT_CONVERSATION_INVALID,400,true,true,ErrorContract.generated.ts/errorStatus,1,01_core_hexin/services/commerce/src/modules/support/02_domain_yewu/model/Conversation.ts:6,[FACT] 定义合法；当前精确字面量消费者已记录
ERR-AU-007-1215,01_core_hexin/packages/contract/definitions/errors.yml:2431,SUPPORT_FORM_INVALID,400,true,true,ErrorContract.generated.ts/errorStatus,0,,[FACT] 定义合法；零精确字面量不是删除证据
ERR-AU-007-1216,01_core_hexin/packages/contract/definitions/errors.yml:2433,SUPPORT_KEYSET_INDEX_MISSING,400,true,true,ErrorContract.generated.ts/errorStatus,0,,[FACT] 定义合法；零精确字面量不是删除证据
ERR-AU-007-1217,01_core_hexin/packages/contract/definitions/errors.yml:2435,SUPPORT_MESSAGE_APPEND_FAILED,500,true,true,ErrorContract.generated.ts/errorStatus,1,01_core_hexin/services/commerce/src/modules/support/04_adapters_shixian/persistence/PgSupportRepository.ts:60,[FACT] 定义合法；当前精确字面量消费者已记录
ERR-AU-007-1218,01_core_hexin/packages/contract/definitions/errors.yml:2437,SUPPORT_MESSAGE_INVALID,400,true,true,ErrorContract.generated.ts/errorStatus,1,01_core_hexin/services/commerce/src/modules/support/02_domain_yewu/model/Message.ts:8,[FACT] 定义合法；当前精确字面量消费者已记录
ERR-AU-007-1219,01_core_hexin/packages/contract/definitions/errors.yml:2439,SUPPORT_ORDER_SCOPE_INVALID,400,true,true,ErrorContract.generated.ts/errorStatus,1,01_core_hexin/services/commerce/src/modules/support/04_adapters_shixian/persistence/PgSupportRepository.ts:19,[FACT] 定义合法；当前精确字面量消费者已记录
ERR-AU-007-1220,01_core_hexin/packages/contract/definitions/errors.yml:2441,SUPPORT_PRIORITY_INVALID,400,true,true,ErrorContract.generated.ts/errorStatus,1,01_core_hexin/services/commerce/src/modules/support/03_application_yingyong/command/CloseTicket.ts:50,[FACT] 定义合法；当前精确字面量消费者已记录
ERR-AU-007-1221,01_core_hexin/packages/contract/definitions/errors.yml:2443,SUPPORT_REASSIGNMENT_BATCH_EXCEEDED,413,true,true,ErrorContract.generated.ts/errorStatus,1,01_core_hexin/services/commerce/src/modules/support/03_application_yingyong/command/AssignTicket.ts:45,[FACT] 定义合法；当前精确字面量消费者已记录
ERR-AU-007-1222,01_core_hexin/packages/contract/definitions/errors.yml:2445,SUPPORT_REFERENCE_TYPE_INVALID,400,true,true,ErrorContract.generated.ts/errorStatus,1,01_core_hexin/services/commerce/src/modules/support/04_adapters_shixian/persistence/PgSupportRepository.ts:23,[FACT] 定义合法；当前精确字面量消费者已记录
ERR-AU-007-1223,01_core_hexin/packages/contract/definitions/errors.yml:2447,SUPPORT_RESPONSE_INVALID,502,true,true,ErrorContract.generated.ts/errorStatus,0,,[FACT] 定义合法；零精确字面量不是删除证据
ERR-AU-007-1224,01_core_hexin/packages/contract/definitions/errors.yml:2449,SUPPORT_SLA_INVALID,400,true,true,ErrorContract.generated.ts/errorStatus,1,01_core_hexin/services/commerce/src/modules/support/02_domain_yewu/model/Sla.ts:7,[FACT] 定义合法；当前精确字面量消费者已记录
ERR-AU-007-1225,01_core_hexin/packages/contract/definitions/errors.yml:2451,SUPPORT_SLA_NOT_CONFIGURED,500,true,true,ErrorContract.generated.ts/errorStatus,1,01_core_hexin/services/commerce/src/modules/support/04_adapters_shixian/persistence/PgSupportRepository.ts:50,[FACT] 定义合法；当前精确字面量消费者已记录
ERR-AU-007-1226,01_core_hexin/packages/contract/definitions/errors.yml:2453,SUPPORT_SLA_PHASE_INVALID,400,true,true,ErrorContract.generated.ts/errorStatus,1,01_core_hexin/services/commerce/src/modules/support/05_interface_jieru/job/SlaJob.ts:61,[FACT] 定义合法；当前精确字面量消费者已记录
ERR-AU-007-1227,01_core_hexin/packages/contract/definitions/errors.yml:2455,SUPPORT_SLA_VERSION_CONFLICT,409,true,true,ErrorContract.generated.ts/errorStatus,1,01_core_hexin/services/commerce/src/modules/support/03_application_yingyong/command/AssignTicket.ts:91,[FACT] 定义合法；当前精确字面量消费者已记录
ERR-AU-007-1228,01_core_hexin/packages/contract/definitions/errors.yml:2457,SUPPORT_STATE_INVALID,409,true,true,ErrorContract.generated.ts/errorStatus,1,01_core_hexin/services/commerce/src/modules/support/03_application_yingyong/command/CloseTicket.ts:47,[FACT] 定义合法；当前精确字面量消费者已记录
ERR-AU-007-1229,01_core_hexin/packages/contract/definitions/errors.yml:2459,SUPPORT_TICKET_INVALID,400,true,true,ErrorContract.generated.ts/errorStatus,1,01_core_hexin/services/commerce/src/modules/support/02_domain_yewu/model/Ticket.ts:12,[FACT] 定义合法；当前精确字面量消费者已记录
ERR-AU-007-1230,01_core_hexin/packages/contract/definitions/errors.yml:2461,SUPPORT_TICKET_NOT_WRITABLE,409,true,true,ErrorContract.generated.ts/errorStatus,1,01_core_hexin/services/commerce/src/modules/support/03_application_yingyong/command/SendMessage.ts:41,[FACT] 定义合法；当前精确字面量消费者已记录
ERR-AU-007-1231,01_core_hexin/packages/contract/definitions/errors.yml:2463,SUPPORT_TICKET_TRANSITION_INVALID,409,true,true,ErrorContract.generated.ts/errorStatus,0,,[FACT] 定义合法；零精确字面量不是删除证据
ERR-AU-007-1232,01_core_hexin/packages/contract/definitions/errors.yml:2465,SUPPORT_VIEW_UNKNOWN,404,true,true,ErrorContract.generated.ts/errorStatus,0,,[FACT] 定义合法；零精确字面量不是删除证据
ERR-AU-007-1233,01_core_hexin/packages/contract/definitions/errors.yml:2467,SYNC_KIND_INVALID,400,true,true,ErrorContract.generated.ts/errorStatus,1,01_core_hexin/services/commerce/src/modules/channel/03_application_yingyong/command/RunSync.ts:35,[FACT] 定义合法；当前精确字面量消费者已记录
ERR-AU-007-1234,01_core_hexin/packages/contract/definitions/errors.yml:2469,SYSTEM_ROLE_READ_ONLY,500,true,true,ErrorContract.generated.ts/errorStatus,0,,[FACT] 定义合法；零精确字面量不是删除证据
ERR-AU-007-1235,01_core_hexin/packages/contract/definitions/errors.yml:2471,TARGET_CATALOG_INVALID,400,true,true,ErrorContract.generated.ts/errorStatus,0,,[FACT] 定义合法；零精确字面量不是删除证据
ERR-AU-007-1236,01_core_hexin/packages/contract/definitions/errors.yml:2473,TARGET_MEMBERSHIP_OUTSIDE_ACTOR_SCOPE,500,true,true,ErrorContract.generated.ts/errorStatus,0,,[FACT] 定义合法；零精确字面量不是删除证据
ERR-AU-007-1237,01_core_hexin/packages/contract/definitions/errors.yml:2475,TARGET_SCHEMA_SET_MISMATCH,409,true,true,ErrorContract.generated.ts/errorStatus,0,,[FACT] 定义合法；零精确字面量不是删除证据
ERR-AU-007-1238,01_core_hexin/packages/contract/definitions/errors.yml:2477,TARGET_SCHEMA_VERSION_MISSING,400,true,true,ErrorContract.generated.ts/errorStatus,0,,[FACT] 定义合法；零精确字面量不是删除证据
ERR-AU-007-1239,01_core_hexin/packages/contract/definitions/errors.yml:2479,TARGET_TABLE_RLS_DISABLED,500,true,true,ErrorContract.generated.ts/errorStatus,0,,[FACT] 定义合法；零精确字面量不是删除证据
ERR-AU-007-1240,01_core_hexin/packages/contract/definitions/errors.yml:2481,TELEMETRY_BUFFER_CONFIG_INVALID,500,true,true,ErrorContract.generated.ts/errorStatus,1,01_core_hexin/packages/telemetry/src/ClientErrors.ts:43,[FACT] 定义合法；当前精确字面量消费者已记录
ERR-AU-007-1241,01_core_hexin/packages/contract/definitions/errors.yml:2483,TELEMETRY_ENDPOINT_INVALID,500,true,true,ErrorContract.generated.ts/errorStatus,1,01_core_hexin/packages/telemetry/src/browser.ts:8,[FACT] 定义合法；当前精确字面量消费者已记录
ERR-AU-007-1242,01_core_hexin/packages/contract/definitions/errors.yml:2485,TENANT_ALREADY_ATTACHED_TO_DISTRIBUTOR,500,true,true,ErrorContract.generated.ts/errorStatus,0,,[FACT] 定义合法；零精确字面量不是删除证据
ERR-AU-007-1243,01_core_hexin/packages/contract/definitions/errors.yml:2487,TERMS_ACCEPTANCE_REQUIRED,400,true,true,ErrorContract.generated.ts/errorStatus,1,01_core_hexin/services/commerce/src/modules/identity/05_interface_jieru/http/RegistrationOperations.ts:227,[FACT] 定义合法；当前精确字面量消费者已记录
ERR-AU-007-1244,01_core_hexin/packages/contract/definitions/errors.yml:2489,TEST_BINDING_DUPLICATE,500,true,true,ErrorContract.generated.ts/errorStatus,0,,[FACT] 定义合法；零精确字面量不是删除证据
ERR-AU-007-1245,01_core_hexin/packages/contract/definitions/errors.yml:2491,TEST_BINDING_MISSING,500,true,true,ErrorContract.generated.ts/errorStatus,0,,[FACT] 定义合法；零精确字面量不是删除证据
ERR-AU-007-1246,01_core_hexin/packages/contract/definitions/errors.yml:2493,TEST_CLOCK_ADVANCE_INVALID,500,true,true,ErrorContract.generated.ts/errorStatus,1,01_core_hexin/packages/testing/src/TestClock.ts:15,[FACT] 定义合法；当前精确字面量消费者已记录
ERR-AU-007-1247,01_core_hexin/packages/contract/definitions/errors.yml:2495,TEST_IDENTITY_REMAINS,500,true,true,ErrorContract.generated.ts/errorStatus,0,,[FACT] 定义合法；零精确字面量不是删除证据
ERR-AU-007-1248,01_core_hexin/packages/contract/definitions/errors.yml:2497,TEST_PRODUCT_NOT_ORDERABLE,500,true,true,ErrorContract.generated.ts/errorStatus,0,,[FACT] 定义合法；零精确字面量不是删除证据
ERR-AU-007-1249,01_core_hexin/packages/contract/definitions/errors.yml:2499,TEST_RSA_KEYPAIR_REQUIRED,500,true,true,ErrorContract.generated.ts/errorStatus,2,01_core_hexin/extensions/payment/wechat/test/TestKeys.ts:57,[FACT] 定义合法；当前精确字面量消费者已记录
ERR-AU-007-1250,01_core_hexin/packages/contract/definitions/errors.yml:2501,TMALLMARKET_MANIFEST_SIGNATURE_MISSING,400,true,true,ErrorContract.generated.ts/errorStatus,1,01_core_hexin/extensions/providers/tmallmarket/manifest.ts:22,[FACT] 定义合法；当前精确字面量消费者已记录
ERR-AU-007-1251,01_core_hexin/packages/contract/definitions/errors.yml:2503,TRANSACTION_CONTEXT_INACTIVE,500,true,true,ErrorContract.generated.ts/errorStatus,1,01_core_hexin/services/commerce/src/foundation/application/UnitOfWork.ts:47,[FACT] 定义合法；当前精确字面量消费者已记录
ERR-AU-007-1252,01_core_hexin/packages/contract/definitions/errors.yml:2505,TRANSACTION_CONTEXT_MISSING,500,true,true,ErrorContract.generated.ts/errorStatus,1,01_core_hexin/services/commerce/src/foundation/application/ExecutionKernel.ts:70,[FACT] 定义合法；当前精确字面量消费者已记录
ERR-AU-007-1253,01_core_hexin/packages/contract/definitions/errors.yml:2507,TRANSACTION_RETRY_EXHAUSTED,503,true,true,ErrorContract.generated.ts/errorStatus,1,01_core_hexin/services/commerce/src/foundation/infrastructure/PgUnitOfWork.ts:54,[FACT] 定义合法；当前精确字面量消费者已记录
ERR-AU-007-1254,01_core_hexin/packages/contract/definitions/errors.yml:2509,UNSAFE_INVENTORY_CUTOVER_PARTIAL_COMMIT,500,true,true,ErrorContract.generated.ts/errorStatus,1,04_tools/scripts/audit/database-contracts.mjs:500,[FACT] 定义合法；当前精确字面量消费者已记录
ERR-AU-007-1255,01_core_hexin/packages/contract/definitions/errors.yml:2511,UNSAFE_INVENTORY_CUTOVER_UNEXPECTEDLY_SUCCEEDED,500,true,true,ErrorContract.generated.ts/errorStatus,1,04_tools/scripts/audit/database-contracts.mjs:503,[FACT] 定义合法；当前精确字面量消费者已记录
ERR-AU-007-1256,01_core_hexin/packages/contract/definitions/errors.yml:2513,UNUSED,500,true,true,ErrorContract.generated.ts/errorStatus,0,,[FACT] 定义合法；零精确字面量不是删除证据
ERR-AU-007-1257,01_core_hexin/packages/contract/definitions/errors.yml:2515,VALIDATION_FAILED,400,true,true,ErrorContract.generated.ts/errorStatus,4,01_core_hexin/services/commerce/src/foundation/interface/Validation.ts:10,[FACT] 定义合法；当前精确字面量消费者已记录
ERR-AU-007-1258,01_core_hexin/packages/contract/definitions/errors.yml:2517,VENDOR_AUTH_INVALID,400,true,true,ErrorContract.generated.ts/errorStatus,1,01_core_hexin/extensions/vendors/core/src/Auth.ts:15,[FACT] 定义合法；当前精确字面量消费者已记录
ERR-AU-007-1259,01_core_hexin/packages/contract/definitions/errors.yml:2519,VENDOR_BASE_URL_HTTPS_REQUIRED,400,true,true,ErrorContract.generated.ts/errorStatus,1,01_core_hexin/extensions/vendors/core/src/Connection.ts:15,[FACT] 定义合法；当前精确字面量消费者已记录
ERR-AU-007-1260,01_core_hexin/packages/contract/definitions/errors.yml:2521,VENDOR_CIRCUIT_POLICY_INVALID,400,true,true,ErrorContract.generated.ts/errorStatus,1,01_core_hexin/extensions/vendors/core/src/CircuitPolicy.ts:8,[FACT] 定义合法；当前精确字面量消费者已记录
ERR-AU-007-1261,01_core_hexin/packages/contract/definitions/errors.yml:2523,VENDOR_CONCURRENCY_INVALID,400,true,true,ErrorContract.generated.ts/errorStatus,1,01_core_hexin/extensions/vendors/core/src/RatePolicy.ts:24,[FACT] 定义合法；当前精确字面量消费者已记录
ERR-AU-007-1262,01_core_hexin/packages/contract/definitions/errors.yml:2525,VENDOR_CONNECTION_ID_MISSING,400,true,true,ErrorContract.generated.ts/errorStatus,1,01_core_hexin/extensions/vendors/core/src/Connection.ts:13,[FACT] 定义合法；当前精确字面量消费者已记录
ERR-AU-007-1263,01_core_hexin/packages/contract/definitions/errors.yml:2527,VENDOR_DEADLINE_EXCEEDED,504,true,true,ErrorContract.generated.ts/errorStatus,1,01_core_hexin/extensions/vendors/core/src/Client.ts:75,[FACT] 定义合法；当前精确字面量消费者已记录
ERR-AU-007-1264,01_core_hexin/packages/contract/definitions/errors.yml:2529,VENDOR_ENDPOINT_INVALID,400,true,true,ErrorContract.generated.ts/errorStatus,1,01_core_hexin/extensions/vendors/core/src/Connection.ts:19,[FACT] 定义合法；当前精确字面量消费者已记录
ERR-AU-007-1265,01_core_hexin/packages/contract/definitions/errors.yml:2531,VENDOR_HEALTH_OPERATION_MISSING,400,true,true,ErrorContract.generated.ts/errorStatus,1,01_core_hexin/extensions/vendors/core/src/Connection.ts:17,[FACT] 定义合法；当前精确字面量消费者已记录
ERR-AU-007-1266,01_core_hexin/packages/contract/definitions/errors.yml:2533,VENDOR_HMAC_SECRET_INVALID,400,true,true,ErrorContract.generated.ts/errorStatus,1,01_core_hexin/extensions/vendors/core/src/Signer.ts:11,[FACT] 定义合法；当前精确字面量消费者已记录
ERR-AU-007-1267,01_core_hexin/packages/contract/definitions/errors.yml:2535,VENDOR_RATE_POLICY_INVALID,400,true,true,ErrorContract.generated.ts/errorStatus,1,01_core_hexin/extensions/vendors/core/src/RatePolicy.ts:7,[FACT] 定义合法；当前精确字面量消费者已记录
ERR-AU-007-1268,01_core_hexin/packages/contract/definitions/errors.yml:2537,VENDOR_RSA_SECRET_INVALID,400,true,true,ErrorContract.generated.ts/errorStatus,1,01_core_hexin/extensions/vendors/core/src/Signer.ts:29,[FACT] 定义合法；当前精确字面量消费者已记录
ERR-AU-007-1269,01_core_hexin/packages/contract/definitions/errors.yml:2539,VENDOR_SECRET_MISSING,400,true,true,ErrorContract.generated.ts/errorStatus,1,01_core_hexin/extensions/vendors/core/src/Connection.ts:16,[FACT] 定义合法；当前精确字面量消费者已记录
ERR-AU-007-1270,01_core_hexin/packages/contract/definitions/errors.yml:2541,VERIFICATION_DEVICE_DENIED,403,true,true,ErrorContract.generated.ts/errorStatus,1,01_core_hexin/services/commerce/src/modules/verification/03_application_yingyong/VerificationOperations.ts:56,[FACT] 定义合法；当前精确字面量消费者已记录
ERR-AU-007-1271,01_core_hexin/packages/contract/definitions/errors.yml:2543,VERIFICATION_MEMBER_INACTIVE,409,true,true,ErrorContract.generated.ts/errorStatus,1,01_core_hexin/services/commerce/src/modules/verification/03_application_yingyong/VerificationOperations.ts:30,[FACT] 定义合法；当前精确字面量消费者已记录
ERR-AU-007-1272,01_core_hexin/packages/contract/definitions/errors.yml:2545,VERIFICATION_NONCE_REPLAYED,409,true,true,ErrorContract.generated.ts/errorStatus,1,01_core_hexin/services/commerce/src/modules/verification/03_application_yingyong/VerificationOperations.ts:68,[FACT] 定义合法；当前精确字面量消费者已记录
ERR-AU-007-1273,01_core_hexin/packages/contract/definitions/errors.yml:2547,VERIFICATION_PURPOSE_UNSUPPORTED,400,true,true,ErrorContract.generated.ts/errorStatus,1,01_core_hexin/services/commerce/src/modules/verification/03_application_yingyong/VerificationOperations.ts:124,[FACT] 定义合法；当前精确字面量消费者已记录
ERR-AU-007-1274,01_core_hexin/packages/contract/definitions/errors.yml:2549,VERSION_CONFLICT,409,true,true,ErrorContract.generated.ts/errorStatus,37,01_core_hexin/services/commerce/src/modules/access/01_public_gongkai/AccessPort.ts:292,[FACT] 定义合法；当前精确字面量消费者已记录
ERR-AU-007-1275,01_core_hexin/packages/contract/definitions/errors.yml:2551,VERSION_CONFLICT_OR_CONNECTION_ACTIVE,409,true,true,ErrorContract.generated.ts/errorStatus,1,01_core_hexin/services/commerce/src/modules/channel/03_application_yingyong/command/CreateConnection.ts:48,[FACT] 定义合法；当前精确字面量消费者已记录
ERR-AU-007-1276,01_core_hexin/packages/contract/definitions/errors.yml:2553,VERSION_INVALID,400,true,true,ErrorContract.generated.ts/errorStatus,1,01_core_hexin/packages/kernel/src/Version.ts:7,[FACT] 定义合法；当前精确字面量消费者已记录
ERR-AU-007-1277,01_core_hexin/packages/contract/definitions/errors.yml:2555,VOUCHER_ALLOCATION_MISSING,400,true,true,ErrorContract.generated.ts/errorStatus,0,,[FACT] 定义合法；零精确字面量不是删除证据
ERR-AU-007-1278,01_core_hexin/packages/contract/definitions/errors.yml:2557,VOUCHER_API_RESPONSE_INVALID,502,true,true,ErrorContract.generated.ts/errorStatus,0,,[FACT] 定义合法；零精确字面量不是删除证据
ERR-AU-007-1279,01_core_hexin/packages/contract/definitions/errors.yml:2559,VOUCHER_APPROVAL_LINK_MISSING,400,true,true,ErrorContract.generated.ts/errorStatus,0,,[FACT] 定义合法；零精确字面量不是删除证据
ERR-AU-007-1280,01_core_hexin/packages/contract/definitions/errors.yml:2561,VOUCHER_APPROVED_RESERVE_REQUIRED,400,true,true,ErrorContract.generated.ts/errorStatus,2,01_core_hexin/services/commerce/src/modules/voucher/03_application_yingyong/VoucherOperations.ts:149,[FACT] 定义合法；当前精确字面量消费者已记录
ERR-AU-007-1281,01_core_hexin/packages/contract/definitions/errors.yml:2563,VOUCHER_BALANCE_INSUFFICIENT,409,true,true,ErrorContract.generated.ts/errorStatus,2,01_core_hexin/services/commerce/src/modules/voucher/04_adapters_shixian/VoucherPort.ts:39,[FACT] 定义合法；当前精确字面量消费者已记录
ERR-AU-007-1282,01_core_hexin/packages/contract/definitions/errors.yml:2565,VOUCHER_BATCH_ACTION_INVALID,400,true,true,ErrorContract.generated.ts/errorStatus,1,01_core_hexin/services/commerce/src/modules/voucher/03_application_yingyong/VoucherOperations.ts:204,[FACT] 定义合法；当前精确字面量消费者已记录
ERR-AU-007-1283,01_core_hexin/packages/contract/definitions/errors.yml:2567,VOUCHER_BATCH_TOO_LARGE,413,true,true,ErrorContract.generated.ts/errorStatus,1,01_core_hexin/services/commerce/src/modules/voucher/03_application_yingyong/VoucherOperations.ts:122,[FACT] 定义合法；当前精确字面量消费者已记录
ERR-AU-007-1284,01_core_hexin/packages/contract/definitions/errors.yml:2569,VOUCHER_BINDING_CONFLICT,409,true,true,ErrorContract.generated.ts/errorStatus,1,01_core_hexin/services/commerce/src/modules/voucher/03_application_yingyong/VoucherOperations.ts:231,[FACT] 定义合法；当前精确字面量消费者已记录
ERR-AU-007-1285,01_core_hexin/packages/contract/definitions/errors.yml:2571,VOUCHER_CARD_DUPLICATE,409,true,true,ErrorContract.generated.ts/errorStatus,1,01_core_hexin/services/commerce/src/modules/voucher/04_adapters_shixian/persistence/PgVoucherImport.ts:66,[FACT] 定义合法；当前精确字面量消费者已记录
ERR-AU-007-1286,01_core_hexin/packages/contract/definitions/errors.yml:2573,VOUCHER_CARD_LIBRARY_ALLOCATION_INSUFFICIENT,409,true,true,ErrorContract.generated.ts/errorStatus,2,01_core_hexin/services/commerce/src/modules/voucher/03_application_yingyong/VoucherOperations.ts:141,[FACT] 定义合法；当前精确字面量消费者已记录
ERR-AU-007-1287,01_core_hexin/packages/contract/definitions/errors.yml:2575,VOUCHER_CARD_LIBRARY_INSUFFICIENT,409,true,true,ErrorContract.generated.ts/errorStatus,3,01_core_hexin/services/commerce/src/modules/voucher/03_application_yingyong/VoucherOperations.ts:136,[FACT] 定义合法；当前精确字面量消费者已记录
ERR-AU-007-1288,01_core_hexin/packages/contract/definitions/errors.yml:2577,VOUCHER_CARD_LIBRARY_MODE_INVALID,400,true,true,ErrorContract.generated.ts/errorStatus,1,01_core_hexin/services/commerce/src/modules/voucher/03_application_yingyong/VoucherImportOperations.ts:22,[FACT] 定义合法；当前精确字面量消费者已记录
ERR-AU-007-1289,01_core_hexin/packages/contract/definitions/errors.yml:2579,VOUCHER_CARD_LIBRARY_NOT_READY,409,true,true,ErrorContract.generated.ts/errorStatus,1,01_core_hexin/services/commerce/src/modules/voucher/03_application_yingyong/VoucherOperations.ts:132,[FACT] 定义合法；当前精确字面量消费者已记录
ERR-AU-007-1290,01_core_hexin/packages/contract/definitions/errors.yml:2581,VOUCHER_CARD_POOL_NOT_AVAILABLE,500,true,true,ErrorContract.generated.ts/errorStatus,0,,[FACT] 定义合法；零精确字面量不是删除证据
ERR-AU-007-1291,01_core_hexin/packages/contract/definitions/errors.yml:2583,VOUCHER_CLIENT_INPUT_INVALID,400,true,true,ErrorContract.generated.ts/errorStatus,0,,[FACT] 定义合法；零精确字面量不是删除证据
ERR-AU-007-1292,01_core_hexin/packages/contract/definitions/errors.yml:2585,VOUCHER_DECISION_CONFLICT_OR_SEPARATION,409,true,true,ErrorContract.generated.ts/errorStatus,1,01_core_hexin/services/commerce/src/modules/voucher/03_application_yingyong/VoucherOperations.ts:99,[FACT] 定义合法；当前精确字面量消费者已记录
ERR-AU-007-1293,01_core_hexin/packages/contract/definitions/errors.yml:2587,VOUCHER_DISABLED,409,true,true,ErrorContract.generated.ts/errorStatus,0,,[FACT] 定义合法；零精确字面量不是删除证据
ERR-AU-007-1294,01_core_hexin/packages/contract/definitions/errors.yml:2589,VOUCHER_EXPIRED,409,true,true,ErrorContract.generated.ts/errorStatus,0,,[FACT] 定义合法；零精确字面量不是删除证据
ERR-AU-007-1295,01_core_hexin/packages/contract/definitions/errors.yml:2591,VOUCHER_EXPIRY_INVALID,400,true,true,ErrorContract.generated.ts/errorStatus,1,01_core_hexin/services/commerce/src/modules/voucher/03_application_yingyong/VoucherOperations.ts:207,[FACT] 定义合法；当前精确字面量消费者已记录
ERR-AU-007-1296,01_core_hexin/packages/contract/definitions/errors.yml:2593,VOUCHER_EXTENSION_NOT_LATER,409,true,true,ErrorContract.generated.ts/errorStatus,1,01_core_hexin/services/commerce/src/modules/voucher/05_interface_jieru/job/VoucherJobs.ts:172,[FACT] 定义合法；当前精确字面量消费者已记录
ERR-AU-007-1297,01_core_hexin/packages/contract/definitions/errors.yml:2595,VOUCHER_EXTENSION_STATE_INVALID,409,true,true,ErrorContract.generated.ts/errorStatus,1,01_core_hexin/services/commerce/src/modules/voucher/05_interface_jieru/job/VoucherJobs.ts:171,[FACT] 定义合法；当前精确字面量消费者已记录
ERR-AU-007-1298,01_core_hexin/packages/contract/definitions/errors.yml:2597,VOUCHER_FINGERPRINT_DUPLICATE,409,true,true,ErrorContract.generated.ts/errorStatus,0,,[FACT] 定义合法；零精确字面量不是删除证据
ERR-AU-007-1299,01_core_hexin/packages/contract/definitions/errors.yml:2599,VOUCHER_HOLD_MANAGE_OPERATION_REQUIRED,501,true,true,ErrorContract.generated.ts/errorStatus,0,,[FACT] 定义合法；零精确字面量不是删除证据
ERR-AU-007-1300,01_core_hexin/packages/contract/definitions/errors.yml:2601,VOUCHER_HOLD_MISSING,400,true,true,ErrorContract.generated.ts/errorStatus,1,01_core_hexin/services/commerce/src/modules/voucher/04_adapters_shixian/VoucherPort.ts:60,[FACT] 定义合法；当前精确字面量消费者已记录
ERR-AU-007-1301,01_core_hexin/packages/contract/definitions/errors.yml:2603,VOUCHER_HOLD_READ_OPERATION_REQUIRED,501,true,true,ErrorContract.generated.ts/errorStatus,0,,[FACT] 定义合法；零精确字面量不是删除证据
ERR-AU-007-1302,01_core_hexin/packages/contract/definitions/errors.yml:2605,VOUCHER_IMPORT_PROGRESS_INVALID,400,true,true,ErrorContract.generated.ts/errorStatus,0,,[FACT] 定义合法；零精确字面量不是删除证据
ERR-AU-007-1303,01_core_hexin/packages/contract/definitions/errors.yml:2607,VOUCHER_IMPORT_STAGE_INCOMPLETE,409,true,true,ErrorContract.generated.ts/errorStatus,1,01_core_hexin/services/commerce/src/modules/voucher/04_adapters_shixian/persistence/PgVoucherImport.ts:56,[FACT] 定义合法；当前精确字面量消费者已记录
ERR-AU-007-1304,01_core_hexin/packages/contract/definitions/errors.yml:2609,VOUCHER_INSUFFICIENT_BALANCE,500,true,true,ErrorContract.generated.ts/errorStatus,0,,[FACT] 定义合法；零精确字面量不是删除证据
ERR-AU-007-1305,01_core_hexin/packages/contract/definitions/errors.yml:2611,VOUCHER_ISSUE_ACCOUNTING_MISSING,400,true,true,ErrorContract.generated.ts/errorStatus,1,01_core_hexin/services/commerce/src/modules/voucher/05_interface_jieru/job/VoucherJobs.ts:108,[FACT] 定义合法；当前精确字面量消费者已记录
ERR-AU-007-1306,01_core_hexin/packages/contract/definitions/errors.yml:2613,VOUCHER_ISSUE_BATCH_COMPLETE,409,true,true,ErrorContract.generated.ts/errorStatus,3,01_core_hexin/services/commerce/src/modules/voucher/03_application_yingyong/VoucherOperations.ts:179,[FACT] 定义合法；当前精确字面量消费者已记录
ERR-AU-007-1307,01_core_hexin/packages/contract/definitions/errors.yml:2615,VOUCHER_ISSUE_BATCH_NOT_RETRYABLE,409,true,true,ErrorContract.generated.ts/errorStatus,1,01_core_hexin/services/commerce/src/modules/voucher/03_application_yingyong/VoucherOperations.ts:177,[FACT] 定义合法；当前精确字面量消费者已记录
ERR-AU-007-1308,01_core_hexin/packages/contract/definitions/errors.yml:2617,VOUCHER_ISSUE_BATCH_NOT_RUNNABLE,409,true,true,ErrorContract.generated.ts/errorStatus,2,01_core_hexin/services/commerce/src/modules/voucher/05_interface_jieru/job/VoucherJobs.ts:36,[FACT] 定义合法；当前精确字面量消费者已记录
ERR-AU-007-1309,01_core_hexin/packages/contract/definitions/errors.yml:2619,VOUCHER_ISSUE_COUNT_CONFLICT,409,true,true,ErrorContract.generated.ts/errorStatus,1,01_core_hexin/services/commerce/src/modules/voucher/05_interface_jieru/job/VoucherJobs.ts:100,[FACT] 定义合法；当前精确字面量消费者已记录
ERR-AU-007-1310,01_core_hexin/packages/contract/definitions/errors.yml:2621,VOUCHER_ISSUE_JOB_ACTIVE,409,true,true,ErrorContract.generated.ts/errorStatus,1,01_core_hexin/services/commerce/src/modules/voucher/03_application_yingyong/VoucherOperations.ts:181,[FACT] 定义合法；当前精确字面量消费者已记录
ERR-AU-007-1311,01_core_hexin/packages/contract/definitions/errors.yml:2623,VOUCHER_MEMBER_SCOPE_INVALID,400,true,true,ErrorContract.generated.ts/errorStatus,1,01_core_hexin/services/commerce/src/modules/voucher/03_application_yingyong/VoucherOperations.ts:227,[FACT] 定义合法；当前精确字面量消费者已记录
ERR-AU-007-1312,01_core_hexin/packages/contract/definitions/errors.yml:2625,VOUCHER_MERCHANT_REFERENCE_DUPLICATE,409,true,true,ErrorContract.generated.ts/errorStatus,0,,[FACT] 定义合法；零精确字面量不是删除证据
ERR-AU-007-1313,01_core_hexin/packages/contract/definitions/errors.yml:2627,VOUCHER_NOT_ACTIVATABLE,500,true,true,ErrorContract.generated.ts/errorStatus,0,,[FACT] 定义合法；零精确字面量不是删除证据
ERR-AU-007-1314,01_core_hexin/packages/contract/definitions/errors.yml:2629,VOUCHER_NOT_DISABLEABLE,500,true,true,ErrorContract.generated.ts/errorStatus,0,,[FACT] 定义合法；零精确字面量不是删除证据
ERR-AU-007-1315,01_core_hexin/packages/contract/definitions/errors.yml:2631,VOUCHER_NOT_EXTENDABLE,500,true,true,ErrorContract.generated.ts/errorStatus,0,,[FACT] 定义合法；零精确字面量不是删除证据
ERR-AU-007-1316,01_core_hexin/packages/contract/definitions/errors.yml:2633,VOUCHER_NOT_FOUND,404,true,true,ErrorContract.generated.ts/errorStatus,1,01_core_hexin/services/commerce/src/modules/voucher/05_interface_jieru/job/VoucherJobs.ts:167,[FACT] 定义合法；当前精确字面量消费者已记录
ERR-AU-007-1317,01_core_hexin/packages/contract/definitions/errors.yml:2635,VOUCHER_NOT_REDEEMABLE,409,true,true,ErrorContract.generated.ts/errorStatus,1,01_core_hexin/services/commerce/src/modules/verification/03_application_yingyong/VerificationOperations.ts:38,[FACT] 定义合法；当前精确字面量消费者已记录
ERR-AU-007-1318,01_core_hexin/packages/contract/definitions/errors.yml:2637,VOUCHER_NOT_USABLE,409,true,true,ErrorContract.generated.ts/errorStatus,2,01_core_hexin/services/commerce/src/modules/checkout_jiesuan/03_application_yingyong/queries_duqu/QuoteReader.ts:231,[FACT] 定义合法；当前精确字面量消费者已记录
ERR-AU-007-1319,01_core_hexin/packages/contract/definitions/errors.yml:2639,VOUCHER_NOT_VOIDABLE,500,true,true,ErrorContract.generated.ts/errorStatus,0,,[FACT] 定义合法；零精确字面量不是删除证据
ERR-AU-007-1320,01_core_hexin/packages/contract/definitions/errors.yml:2641,VOUCHER_OPERATOR_NOT_AUTHORIZED,500,true,true,ErrorContract.generated.ts/errorStatus,0,,[FACT] 定义合法；零精确字面量不是删除证据
ERR-AU-007-1321,01_core_hexin/packages/contract/definitions/errors.yml:2643,VOUCHER_PROGRAM_INACTIVE,409,true,true,ErrorContract.generated.ts/errorStatus,2,01_core_hexin/services/commerce/src/modules/voucher/03_application_yingyong/VoucherOperations.ts:86,[FACT] 定义合法；当前精确字面量消费者已记录
ERR-AU-007-1322,01_core_hexin/packages/contract/definitions/errors.yml:2645,VOUCHER_PROGRAM_NOT_AVAILABLE,500,true,true,ErrorContract.generated.ts/errorStatus,0,,[FACT] 定义合法；零精确字面量不是删除证据
ERR-AU-007-1323,01_core_hexin/packages/contract/definitions/errors.yml:2647,VOUCHER_PROGRAM_STATUS_INVALID,400,true,true,ErrorContract.generated.ts/errorStatus,1,01_core_hexin/services/commerce/src/modules/voucher/03_application_yingyong/VoucherOperations.ts:56,[FACT] 定义合法；当前精确字面量消费者已记录
ERR-AU-007-1324,01_core_hexin/packages/contract/definitions/errors.yml:2649,VOUCHER_RECONCILIATION_REFERENCE_DUPLICATE,409,true,true,ErrorContract.generated.ts/errorStatus,0,,[FACT] 定义合法；零精确字面量不是删除证据
ERR-AU-007-1325,01_core_hexin/packages/contract/definitions/errors.yml:2651,VOUCHER_REDEMPTION_ALREADY_REVERSED,500,true,true,ErrorContract.generated.ts/errorStatus,0,,[FACT] 定义合法；零精确字面量不是删除证据
ERR-AU-007-1326,01_core_hexin/packages/contract/definitions/errors.yml:2653,VOUCHER_REDEMPTION_CONFLICT,409,true,true,ErrorContract.generated.ts/errorStatus,1,01_core_hexin/services/commerce/src/modules/verification/03_application_yingyong/VerificationOperations.ts:112,[FACT] 定义合法；当前精确字面量消费者已记录
ERR-AU-007-1327,01_core_hexin/packages/contract/definitions/errors.yml:2655,VOUCHER_REDEMPTION_CREATE_OPERATION_REQUIRED,501,true,true,ErrorContract.generated.ts/errorStatus,0,,[FACT] 定义合法；零精确字面量不是删除证据
ERR-AU-007-1328,01_core_hexin/packages/contract/definitions/errors.yml:2657,VOUCHER_REDEMPTION_DUPLICATE,409,true,true,ErrorContract.generated.ts/errorStatus,1,01_core_hexin/services/commerce/src/modules/voucher/04_adapters_shixian/VoucherPort.ts:70,[FACT] 定义合法；当前精确字面量消费者已记录
ERR-AU-007-1329,01_core_hexin/packages/contract/definitions/errors.yml:2659,VOUCHER_REDEMPTION_NOT_FOUND,404,true,true,ErrorContract.generated.ts/errorStatus,0,,[FACT] 定义合法；零精确字面量不是删除证据
ERR-AU-007-1330,01_core_hexin/packages/contract/definitions/errors.yml:2661,VOUCHER_REDEMPTION_NOT_REVERSIBLE,500,true,true,ErrorContract.generated.ts/errorStatus,0,,[FACT] 定义合法；零精确字面量不是删除证据
ERR-AU-007-1331,01_core_hexin/packages/contract/definitions/errors.yml:2663,VOUCHER_REDEMPTION_REVERSAL_CONFLICT,409,true,true,ErrorContract.generated.ts/errorStatus,1,01_core_hexin/services/commerce/src/modules/voucher/03_application_yingyong/VoucherOperations.ts:245,[FACT] 定义合法；当前精确字面量消费者已记录
ERR-AU-007-1332,01_core_hexin/packages/contract/definitions/errors.yml:2665,VOUCHER_REFERENCE_REQUIRED,400,true,true,ErrorContract.generated.ts/errorStatus,2,01_core_hexin/services/commerce/src/modules/payment_zhifu/03_application_yingyong/services_fuwu/PaymentSettlement.ts:91,[FACT] 定义合法；当前精确字面量消费者已记录
ERR-AU-007-1333,01_core_hexin/packages/contract/definitions/errors.yml:2667,VOUCHER_REFUND_EXCEEDS_REDEMPTION,409,true,true,ErrorContract.generated.ts/errorStatus,1,01_core_hexin/services/commerce/src/modules/voucher/04_adapters_shixian/VoucherPort.ts:86,[FACT] 定义合法；当前精确字面量消费者已记录
ERR-AU-007-1334,01_core_hexin/packages/contract/definitions/errors.yml:2669,VOUCHER_REFUND_REDEMPTION_MISSING,400,true,true,ErrorContract.generated.ts/errorStatus,1,01_core_hexin/services/commerce/src/modules/voucher/04_adapters_shixian/VoucherPort.ts:83,[FACT] 定义合法；当前精确字面量消费者已记录
ERR-AU-007-1335,01_core_hexin/packages/contract/definitions/errors.yml:2671,VOUCHER_REFUND_REFERENCE_MISSING,400,true,true,ErrorContract.generated.ts/errorStatus,1,01_core_hexin/services/commerce/src/modules/payment_zhifu/03_application_yingyong/services_fuwu/RefundSettlement.ts:117,[FACT] 定义合法；当前精确字面量消费者已记录
ERR-AU-007-1336,01_core_hexin/packages/contract/definitions/errors.yml:2673,VOUCHER_RESERVE_ALREADY_DECIDED,500,true,true,ErrorContract.generated.ts/errorStatus,0,,[FACT] 定义合法；零精确字面量不是删除证据
ERR-AU-007-1337,01_core_hexin/packages/contract/definitions/errors.yml:2675,VOUCHER_RESERVE_NOT_APPROVED,500,true,true,ErrorContract.generated.ts/errorStatus,0,,[FACT] 定义合法；零精确字面量不是删除证据
ERR-AU-007-1338,01_core_hexin/packages/contract/definitions/errors.yml:2677,VOUCHER_RESERVE_NOT_FOUND,404,true,true,ErrorContract.generated.ts/errorStatus,0,,[FACT] 定义合法；零精确字面量不是删除证据
ERR-AU-007-1339,01_core_hexin/packages/contract/definitions/errors.yml:2679,VOUCHER_RESERVE_NOT_PENDING,500,true,true,ErrorContract.generated.ts/errorStatus,0,,[FACT] 定义合法；零精确字面量不是删除证据
ERR-AU-007-1340,01_core_hexin/packages/contract/definitions/errors.yml:2681,VOUCHER_RESERVE_VALUE_MISMATCH,409,true,true,ErrorContract.generated.ts/errorStatus,0,,[FACT] 定义合法；零精确字面量不是删除证据
ERR-AU-007-1341,01_core_hexin/packages/contract/definitions/errors.yml:2683,VOUCHER_REVERSAL_AMOUNT_DIFFERENCE,500,true,true,ErrorContract.generated.ts/errorStatus,0,,[FACT] 定义合法；零精确字面量不是删除证据
ERR-AU-007-1342,01_core_hexin/packages/contract/definitions/errors.yml:2685,VOUCHER_REVERSAL_BALANCE_CONFLICT,409,true,true,ErrorContract.generated.ts/errorStatus,0,,[FACT] 定义合法；零精确字面量不是删除证据
ERR-AU-007-1343,01_core_hexin/packages/contract/definitions/errors.yml:2687,VOUCHER_SECURE_STAGE_INCOMPLETE,500,true,true,ErrorContract.generated.ts/errorStatus,0,,[FACT] 定义合法；零精确字面量不是删除证据
ERR-AU-007-1344,01_core_hexin/packages/contract/definitions/errors.yml:2689,VOUCHER_SELECTION_DUPLICATE,409,true,true,ErrorContract.generated.ts/errorStatus,1,01_core_hexin/services/commerce/src/modules/voucher/04_adapters_shixian/VoucherPort.ts:29,[FACT] 定义合法；当前精确字面量消费者已记录
ERR-AU-007-1345,01_core_hexin/packages/contract/definitions/errors.yml:2691,VOUCHER_STAGE_REMAINS,500,true,true,ErrorContract.generated.ts/errorStatus,0,,[FACT] 定义合法；零精确字面量不是删除证据
ERR-AU-007-1346,01_core_hexin/packages/contract/definitions/errors.yml:2693,VOUCHER_STATE_CONFLICT,409,true,true,ErrorContract.generated.ts/errorStatus,0,,[FACT] 定义合法；零精确字面量不是删除证据
ERR-AU-007-1347,01_core_hexin/packages/contract/definitions/errors.yml:2695,VOUCHER_STATE_INVALID,409,true,true,ErrorContract.generated.ts/errorStatus,2,01_core_hexin/services/commerce/src/modules/voucher/02_domain_yewu/policy/VoucherPolicy.ts:13,[FACT] 定义合法；当前精确字面量消费者已记录
ERR-AU-007-1348,01_core_hexin/packages/contract/definitions/errors.yml:2697,VOUCHER_STATUS_BATCH_NOT_RUNNABLE,409,true,true,ErrorContract.generated.ts/errorStatus,1,01_core_hexin/services/commerce/src/modules/voucher/05_interface_jieru/job/VoucherJobs.ts:144,[FACT] 定义合法；当前精确字面量消费者已记录
ERR-AU-007-1349,01_core_hexin/packages/contract/definitions/errors.yml:2699,VOUCHER_TENDER_AMOUNT_INVALID,400,true,true,ErrorContract.generated.ts/errorStatus,1,01_core_hexin/services/commerce/src/modules/voucher/04_adapters_shixian/VoucherPort.ts:37,[FACT] 定义合法；当前精确字面量消费者已记录
ERR-AU-007-1350,01_core_hexin/packages/contract/definitions/errors.yml:2701,VOUCHER_VERSION_CONFLICT,409,true,true,ErrorContract.generated.ts/errorStatus,0,,[FACT] 定义合法；零精确字面量不是删除证据
ERR-AU-007-1351,01_core_hexin/packages/contract/definitions/errors.yml:2703,VOUCHER_VOID,409,true,true,ErrorContract.generated.ts/errorStatus,0,,[FACT] 定义合法；零精确字面量不是删除证据
ERR-AU-007-1352,01_core_hexin/packages/contract/definitions/errors.yml:2705,VOUCHER_VOID_HOLD_NOT_FOUND,404,true,true,ErrorContract.generated.ts/errorStatus,0,,[FACT] 定义合法；零精确字面量不是删除证据
ERR-AU-007-1353,01_core_hexin/packages/contract/definitions/errors.yml:2707,VOUCHER_VOID_HOLD_NOT_OPEN,500,true,true,ErrorContract.generated.ts/errorStatus,0,,[FACT] 定义合法；零精确字面量不是删除证据
ERR-AU-007-1354,01_core_hexin/packages/contract/definitions/errors.yml:2709,WECHAT_APP_ID_INVALID,400,true,true,ErrorContract.generated.ts/errorStatus,1,01_core_hexin/extensions/payment/wechat/src/Crypto.ts:39,[FACT] 定义合法；当前精确字面量消费者已记录
ERR-AU-007-1355,01_core_hexin/packages/contract/definitions/errors.yml:2711,WECHAT_APPLICATION_CONFIG_INVALID,400,false,true,ErrorContract.generated.ts/errorStatus,1,01_core_hexin/packages/config/src/WechatApplication.ts:60,[FACT] 定义合法；当前精确字面量消费者已记录
ERR-AU-007-1356,01_core_hexin/packages/contract/definitions/errors.yml:2713,WECHAT_AUTHORIZATION_SCENE_INVALID,400,true,true,ErrorContract.generated.ts/errorStatus,2,01_core_hexin/services/commerce/src/modules/identity/05_interface_jieru/http/WechatOperations.ts:48,[FACT] 定义合法；当前精确字面量消费者已记录
ERR-AU-007-1357,01_core_hexin/packages/contract/definitions/errors.yml:2715,WECHAT_AUTHORIZATION_STATE_MISSING,400,true,true,ErrorContract.generated.ts/errorStatus,0,,[FACT] 定义合法；零精确字面量不是删除证据
ERR-AU-007-1358,01_core_hexin/packages/contract/definitions/errors.yml:2717,WECHAT_AUTHORIZATION_URL_INVALID,400,true,true,ErrorContract.generated.ts/errorStatus,2,01_core_hexin/services/commerce/src/modules/identity/04_adapters_shixian/providers_waibu/WechatIdentityGateway.ts:160,[FACT] 定义合法；当前精确字面量消费者已记录
ERR-AU-007-1359,01_core_hexin/packages/contract/definitions/errors.yml:2719,WECHAT_BIND_ROLLBACK,500,true,true,ErrorContract.generated.ts/errorStatus,0,,[FACT] 定义合法；零精确字面量不是删除证据
ERR-AU-007-1360,01_core_hexin/packages/contract/definitions/errors.yml:2721,WECHAT_BINDING_TOKEN_INVALID,400,false,true,ErrorContract.generated.ts/errorStatus,1,01_core_hexin/services/commerce/src/modules/identity/04_adapters_shixian/persistence_cunchu/IdentityPersistence.ts:17,[FACT] 定义合法；当前精确字面量消费者已记录
ERR-AU-007-1361,01_core_hexin/packages/contract/definitions/errors.yml:2723,WECHAT_CODE_EXCHANGE_FAILED,502,true,true,ErrorContract.generated.ts/errorStatus,2,01_core_hexin/services/commerce/src/modules/identity/04_adapters_shixian/providers_waibu/WechatIdentityGateway.ts:70,[FACT] 定义合法；当前精确字面量消费者已记录
ERR-AU-007-1362,01_core_hexin/packages/contract/definitions/errors.yml:2725,WECHAT_CODE_INVALID,400,true,true,ErrorContract.generated.ts/errorStatus,1,01_core_hexin/services/commerce/src/modules/identity/04_adapters_shixian/providers_waibu/WechatIdentityGateway.ts:59,[FACT] 定义合法；当前精确字面量消费者已记录
ERR-AU-007-1363,01_core_hexin/packages/contract/definitions/errors.yml:2727,WECHAT_CODE_REJECTED,401,true,true,ErrorContract.generated.ts/errorStatus,1,01_core_hexin/services/commerce/src/modules/identity/04_adapters_shixian/providers_waibu/WechatIdentityGateway.ts:72,[FACT] 定义合法；当前精确字面量消费者已记录
ERR-AU-007-1364,01_core_hexin/packages/contract/definitions/errors.yml:2729,WECHAT_DELIVERY_CONFIGURATION_INVALID,500,true,true,ErrorContract.generated.ts/errorStatus,1,01_core_hexin/services/commerce/src/modules/notification/04_adapters_shixian/adapter/WechatChannel.ts:22,[FACT] 定义合法；当前精确字面量消费者已记录
ERR-AU-007-1365,01_core_hexin/packages/contract/definitions/errors.yml:2731,WECHAT_DELIVERY_FAILED,503,true,true,ErrorContract.generated.ts/errorStatus,1,01_core_hexin/services/commerce/src/modules/notification/04_adapters_shixian/adapter/WechatChannel.ts:36,[FACT] 定义合法；当前精确字面量消费者已记录
ERR-AU-007-1366,01_core_hexin/packages/contract/definitions/errors.yml:2733,WECHAT_DELIVERY_REJECTED,502,true,true,ErrorContract.generated.ts/errorStatus,1,01_core_hexin/services/commerce/src/modules/notification/04_adapters_shixian/adapter/WechatChannel.ts:39,[FACT] 定义合法；当前精确字面量消费者已记录
ERR-AU-007-1367,01_core_hexin/packages/contract/definitions/errors.yml:2735,WECHAT_DELIVERY_REQUEST_INVALID,400,true,true,ErrorContract.generated.ts/errorStatus,1,01_core_hexin/services/commerce/src/modules/notification/04_adapters_shixian/adapter/WechatChannel.ts:28,[FACT] 定义合法；当前精确字面量消费者已记录
ERR-AU-007-1368,01_core_hexin/packages/contract/definitions/errors.yml:2737,WECHAT_IDENTITY_ALREADY_BOUND,409,true,true,ErrorContract.generated.ts/errorStatus,1,01_core_hexin/services/commerce/src/modules/identity/04_adapters_shixian/persistence_cunchu/IdentityPersistence.ts:21,[FACT] 定义合法；当前精确字面量消费者已记录
ERR-AU-007-1369,01_core_hexin/packages/contract/definitions/errors.yml:2739,WECHAT_IDENTITY_BIND_CONFLICT,409,true,true,ErrorContract.generated.ts/errorStatus,1,01_core_hexin/services/commerce/src/modules/identity/04_adapters_shixian/persistence_cunchu/IdentityPersistence.ts:33,[FACT] 定义合法；当前精确字面量消费者已记录
ERR-AU-007-1370,01_core_hexin/packages/contract/definitions/errors.yml:2741,WECHAT_IDENTITY_CONFIGURATION_INVALID,500,true,true,ErrorContract.generated.ts/errorStatus,1,01_core_hexin/services/commerce/src/modules/identity/04_adapters_shixian/providers_waibu/WechatIdentityGateway.ts:185,[FACT] 定义合法；当前精确字面量消费者已记录
ERR-AU-007-1371,01_core_hexin/packages/contract/definitions/errors.yml:2743,WECHAT_IDENTITY_NOT_BOUND,401,true,true,ErrorContract.generated.ts/errorStatus,1,01_core_hexin/services/commerce/src/modules/notification/03_application_yingyong/command/ChangePreference.ts:33,[FACT] 定义合法；当前精确字面量消费者已记录
ERR-AU-007-1372,01_core_hexin/packages/contract/definitions/errors.yml:2745,WECHAT_IDENTITY_REQUIRED,400,true,true,ErrorContract.generated.ts/errorStatus,2,01_core_hexin/services/commerce/src/modules/payment_zhifu/03_application_yingyong/services_fuwu/ExternalPaymentIntentOperations.ts:92,[FACT] 定义合法；当前精确字面量消费者已记录
ERR-AU-007-1373,01_core_hexin/packages/contract/definitions/errors.yml:2747,WECHAT_IDENTITY_RESPONSE_INVALID,400,true,true,ErrorContract.generated.ts/errorStatus,4,01_core_hexin/services/commerce/src/modules/identity/04_adapters_shixian/providers_waibu/WechatIdentityGateway.ts:73,[FACT] 定义合法；当前精确字面量消费者已记录
ERR-AU-007-1374,01_core_hexin/packages/contract/definitions/errors.yml:2749,WECHAT_IDENTITY_REVOKED,401,true,true,ErrorContract.generated.ts/errorStatus,1,01_core_hexin/services/commerce/src/modules/identity/05_interface_jieru/http/WechatOperations.ts:93,[FACT] 定义合法；当前精确字面量消费者已记录
ERR-AU-007-1375,01_core_hexin/packages/contract/definitions/errors.yml:2751,WECHAT_IDENTITY_SECURE_STAGE_INCOMPLETE,500,true,true,ErrorContract.generated.ts/errorStatus,0,,[FACT] 定义合法；零精确字面量不是删除证据
ERR-AU-007-1376,01_core_hexin/packages/contract/definitions/errors.yml:2753,WECHAT_IDENTITY_STAGE_REMAINS,500,true,true,ErrorContract.generated.ts/errorStatus,0,,[FACT] 定义合法；零精确字面量不是删除证据
ERR-AU-007-1377,01_core_hexin/packages/contract/definitions/errors.yml:2755,WECHAT_LOGIN_CODE_MISSING,401,true,true,ErrorContract.generated.ts/errorStatus,0,,[FACT] 定义合法；零精确字面量不是删除证据
ERR-AU-007-1378,01_core_hexin/packages/contract/definitions/errors.yml:2757,WECHAT_MEMBERSHIP_INACTIVE,409,true,true,ErrorContract.generated.ts/errorStatus,1,01_core_hexin/services/commerce/src/modules/identity/05_interface_jieru/http/WechatOperations.ts:129,[FACT] 定义合法；当前精确字面量消费者已记录
ERR-AU-007-1379,01_core_hexin/packages/contract/definitions/errors.yml:2759,WECHAT_OAUTH_STATE_INVALID,409,true,true,ErrorContract.generated.ts/errorStatus,1,01_core_hexin/services/commerce/src/modules/identity/04_adapters_shixian/providers_waibu/WechatIdentityGateway.ts:45,[FACT] 定义合法；当前精确字面量消费者已记录
ERR-AU-007-1380,01_core_hexin/packages/contract/definitions/errors.yml:2761,WECHAT_OUT_TRADE_NO_INVALID,400,true,true,ErrorContract.generated.ts/errorStatus,0,,[FACT] 定义合法；零精确字面量不是删除证据
ERR-AU-007-1381,01_core_hexin/packages/contract/definitions/errors.yml:2763,WECHAT_PAY_API_V3_KEY_INVALID,400,true,true,ErrorContract.generated.ts/errorStatus,2,01_core_hexin/extensions/payment/wechat/src/Crypto.ts:68,[FACT] 定义合法；当前精确字面量消费者已记录
ERR-AU-007-1382,01_core_hexin/packages/contract/definitions/errors.yml:2765,WECHAT_PAY_BASE64_INVALID,400,true,true,ErrorContract.generated.ts/errorStatus,2,01_core_hexin/extensions/payment/wechat/src/Crypto.ts:116,[FACT] 定义合法；当前精确字面量消费者已记录
ERR-AU-007-1383,01_core_hexin/packages/contract/definitions/errors.yml:2767,WECHAT_PAY_CLOCK_INVALID,400,true,true,ErrorContract.generated.ts/errorStatus,2,01_core_hexin/extensions/payment/wechat/src/Crypto.ts:93,[FACT] 定义合法；当前精确字面量消费者已记录
ERR-AU-007-1384,01_core_hexin/packages/contract/definitions/errors.yml:2769,WECHAT_PAY_KEY_INVALID,400,true,true,ErrorContract.generated.ts/errorStatus,1,01_core_hexin/extensions/payment/wechat/src/Crypto.ts:100,[FACT] 定义合法；当前精确字面量消费者已记录
ERR-AU-007-1385,01_core_hexin/packages/contract/definitions/errors.yml:2771,WECHAT_PAY_NONCE_INVALID,400,true,true,ErrorContract.generated.ts/errorStatus,2,01_core_hexin/extensions/payment/wechat/src/Crypto.ts:43,[FACT] 定义合法；当前精确字面量消费者已记录
ERR-AU-007-1386,01_core_hexin/packages/contract/definitions/errors.yml:2773,WECHAT_PAY_NOTIFICATION_BODY_MISSING,400,true,true,ErrorContract.generated.ts/errorStatus,1,01_core_hexin/services/commerce/src/modules/payment_zhifu/05_interface_jieru/http/PaymentWebhook.ts:16,[FACT] 定义合法；当前精确字面量消费者已记录
ERR-AU-007-1387,01_core_hexin/packages/contract/definitions/errors.yml:2775,WECHAT_PAY_PREPAY_ID_INVALID,400,true,true,ErrorContract.generated.ts/errorStatus,2,01_core_hexin/extensions/payment/wechat/src/Crypto.ts:40,[FACT] 定义合法；当前精确字面量消费者已记录
ERR-AU-007-1388,01_core_hexin/packages/contract/definitions/errors.yml:2777,WECHAT_PAYMENT_ATTEMPT_CONFLICT,409,false,true,ErrorContract.generated.ts/errorStatus,0,,[FACT] 定义合法；零精确字面量不是删除证据
ERR-AU-007-1389,01_core_hexin/packages/contract/definitions/errors.yml:2779,WECHAT_PAYMENT_ATTEMPT_NOT_FOUND,404,true,true,ErrorContract.generated.ts/errorStatus,0,,[FACT] 定义合法；零精确字面量不是删除证据
ERR-AU-007-1390,01_core_hexin/packages/contract/definitions/errors.yml:2781,WECHAT_PAYMENT_LINKAGE_INVALID,400,true,true,ErrorContract.generated.ts/errorStatus,0,,[FACT] 定义合法；零精确字面量不是删除证据
ERR-AU-007-1391,01_core_hexin/packages/contract/definitions/errors.yml:2783,WECHAT_PAYMENT_OBSERVATION_INVALID,400,true,true,ErrorContract.generated.ts/errorStatus,0,,[FACT] 定义合法；零精确字面量不是删除证据
ERR-AU-007-1392,01_core_hexin/packages/contract/definitions/errors.yml:2785,WECHAT_PAYMENT_OBSERVATION_REPLAY_MISMATCH,409,true,true,ErrorContract.generated.ts/errorStatus,0,,[FACT] 定义合法；零精确字面量不是删除证据
ERR-AU-007-1393,01_core_hexin/packages/contract/definitions/errors.yml:2787,WECHAT_PREPAY_INPUT_INVALID,400,true,true,ErrorContract.generated.ts/errorStatus,0,,[FACT] 定义合法；零精确字面量不是删除证据
ERR-AU-007-1394,01_core_hexin/packages/contract/definitions/errors.yml:2789,WECHAT_PREPAY_INVALID,400,true,true,ErrorContract.generated.ts/errorStatus,0,,[FACT] 定义合法；零精确字面量不是删除证据
ERR-AU-007-1395,01_core_hexin/packages/contract/definitions/errors.yml:2791,WECHAT_PREPAY_RESULT_INVALID,400,true,true,ErrorContract.generated.ts/errorStatus,0,,[FACT] 定义合法；零精确字面量不是删除证据
ERR-AU-007-1396,01_core_hexin/packages/contract/definitions/errors.yml:2793,WECHAT_REFUND_ATTEMPT_IDENTITY_IMMUTABLE,500,true,true,ErrorContract.generated.ts/errorStatus,0,,[FACT] 定义合法；零精确字面量不是删除证据
ERR-AU-007-1397,01_core_hexin/packages/contract/definitions/errors.yml:2795,WECHAT_REFUND_CLOSED_STATE_MISMATCH,409,true,true,ErrorContract.generated.ts/errorStatus,0,,[FACT] 定义合法；零精确字面量不是删除证据
ERR-AU-007-1398,01_core_hexin/packages/contract/definitions/errors.yml:2797,WECHAT_REFUND_COMMAND_NOT_FOUND,404,true,true,ErrorContract.generated.ts/errorStatus,0,,[FACT] 定义合法；零精确字面量不是删除证据
ERR-AU-007-1399,01_core_hexin/packages/contract/definitions/errors.yml:2799,WECHAT_REFUND_EVENT_EVIDENCE_MISMATCH,409,true,true,ErrorContract.generated.ts/errorStatus,0,,[FACT] 定义合法；零精确字面量不是删除证据
ERR-AU-007-1400,01_core_hexin/packages/contract/definitions/errors.yml:2801,WECHAT_REFUND_EVENT_IDENTITY_IMMUTABLE,500,true,true,ErrorContract.generated.ts/errorStatus,0,,[FACT] 定义合法；零精确字面量不是删除证据
ERR-AU-007-1401,01_core_hexin/packages/contract/definitions/errors.yml:2803,WECHAT_REFUND_EVENT_INBOX_MISMATCH,409,true,true,ErrorContract.generated.ts/errorStatus,0,,[FACT] 定义合法；零精确字面量不是删除证据
ERR-AU-007-1402,01_core_hexin/packages/contract/definitions/errors.yml:2805,WECHAT_REFUND_EVENT_NOT_FOUND,404,true,true,ErrorContract.generated.ts/errorStatus,0,,[FACT] 定义合法；零精确字面量不是删除证据
ERR-AU-007-1403,01_core_hexin/packages/contract/definitions/errors.yml:2807,WECHAT_REFUND_EVENT_REPLAY_INPUT_INVALID,400,true,true,ErrorContract.generated.ts/errorStatus,0,,[FACT] 定义合法；零精确字面量不是删除证据
ERR-AU-007-1404,01_core_hexin/packages/contract/definitions/errors.yml:2809,WECHAT_REFUND_EVENT_REPLAY_NOT_AUTHORIZED,500,true,true,ErrorContract.generated.ts/errorStatus,0,,[FACT] 定义合法；零精确字面量不是删除证据
ERR-AU-007-1405,01_core_hexin/packages/contract/definitions/errors.yml:2811,WECHAT_REFUND_EVENT_REPLAY_STATE_INVALID,409,true,true,ErrorContract.generated.ts/errorStatus,0,,[FACT] 定义合法；零精确字面量不是删除证据
ERR-AU-007-1406,01_core_hexin/packages/contract/definitions/errors.yml:2813,WECHAT_REFUND_EVENT_STATE_INVALID,409,true,true,ErrorContract.generated.ts/errorStatus,0,,[FACT] 定义合法；零精确字面量不是删除证据
ERR-AU-007-1407,01_core_hexin/packages/contract/definitions/errors.yml:2815,WECHAT_REFUND_EVENT_WORKER_INVALID,400,true,true,ErrorContract.generated.ts/errorStatus,0,,[FACT] 定义合法；零精确字面量不是删除证据
ERR-AU-007-1408,01_core_hexin/packages/contract/definitions/errors.yml:2817,WECHAT_REFUND_NOTIFICATION_EVIDENCE_MISMATCH,409,true,true,ErrorContract.generated.ts/errorStatus,0,,[FACT] 定义合法；零精确字面量不是删除证据
ERR-AU-007-1409,01_core_hexin/packages/contract/definitions/errors.yml:2819,WECHAT_REFUND_NOTIFICATION_INVALID,400,true,true,ErrorContract.generated.ts/errorStatus,0,,[FACT] 定义合法；零精确字面量不是删除证据
ERR-AU-007-1410,01_core_hexin/packages/contract/definitions/errors.yml:2821,WECHAT_REFUND_NOTIFICATION_REPLAY_MISMATCH,409,true,true,ErrorContract.generated.ts/errorStatus,0,,[FACT] 定义合法；零精确字面量不是删除证据
ERR-AU-007-1411,01_core_hexin/packages/contract/definitions/errors.yml:2823,WECHAT_REFUND_ORDER_AMOUNT_EXCEEDED,500,true,true,ErrorContract.generated.ts/errorStatus,0,,[FACT] 定义合法；零精确字面量不是删除证据
ERR-AU-007-1412,01_core_hexin/packages/contract/definitions/errors.yml:2825,WECHAT_REFUND_PAYMENT_AMOUNT_EXCEEDED,500,true,true,ErrorContract.generated.ts/errorStatus,0,,[FACT] 定义合法；零精确字面量不是删除证据
ERR-AU-007-1413,01_core_hexin/packages/contract/definitions/errors.yml:2827,WECHAT_REFUND_PAYMENT_EVIDENCE_MISSING,400,true,true,ErrorContract.generated.ts/errorStatus,0,,[FACT] 定义合法；零精确字面量不是删除证据
ERR-AU-007-1414,01_core_hexin/packages/contract/definitions/errors.yml:2829,WECHAT_REFUND_PROVIDER_ID_CONFLICT,409,true,true,ErrorContract.generated.ts/errorStatus,0,,[FACT] 定义合法；零精确字面量不是删除证据
ERR-AU-007-1415,01_core_hexin/packages/contract/definitions/errors.yml:2831,WECHAT_REFUND_RESULT_EVIDENCE_MISMATCH,409,true,true,ErrorContract.generated.ts/errorStatus,0,,[FACT] 定义合法；零精确字面量不是删除证据
ERR-AU-007-1416,01_core_hexin/packages/contract/definitions/errors.yml:2833,WECHAT_REFUND_RESULT_INVALID,400,true,true,ErrorContract.generated.ts/errorStatus,0,,[FACT] 定义合法；零精确字面量不是删除证据
ERR-AU-007-1417,01_core_hexin/packages/contract/definitions/errors.yml:2835,WECHAT_REFUND_SUCCESS_STATE_MISMATCH,409,true,true,ErrorContract.generated.ts/errorStatus,0,,[FACT] 定义合法；零精确字面量不是删除证据
ERR-AU-007-1418,01_core_hexin/packages/contract/definitions/errors.yml:2837,WECHAT_REFUND_TERMINAL_STATE_CONFLICT,409,true,true,ErrorContract.generated.ts/errorStatus,0,,[FACT] 定义合法；零精确字面量不是删除证据
ERR-AU-007-1419,01_core_hexin/packages/contract/definitions/errors.yml:2839,WECHAT_REFUND_WORKER_INVALID,400,true,true,ErrorContract.generated.ts/errorStatus,0,,[FACT] 定义合法；零精确字面量不是删除证据
ERR-AU-007-1420,01_core_hexin/packages/contract/definitions/errors.yml:2841,WECHAT_REFUNDED_PAYMENT_EVIDENCE_MISMATCH,409,false,true,ErrorContract.generated.ts/errorStatus,0,,[FACT] 定义合法；零精确字面量不是删除证据
ERR-AU-007-1421,01_core_hexin/packages/contract/definitions/errors.yml:2843,WECHAT_SCENE_INVALID,400,true,true,ErrorContract.generated.ts/errorStatus,1,01_core_hexin/services/commerce/src/modules/identity/05_interface_jieru/http/WechatOperations.ts:44,[FACT] 定义合法；当前精确字面量消费者已记录
ERR-AU-007-1422,01_core_hexin/packages/contract/definitions/errors.yml:2845,WECHAT_SESSION_ACTION_INVALID,400,true,true,ErrorContract.generated.ts/errorStatus,1,01_core_hexin/services/commerce/src/modules/identity/05_interface_jieru/http/WechatOperations.ts:56,[FACT] 定义合法；当前精确字面量消费者已记录
ERR-AU-007-1423,01_core_hexin/packages/contract/definitions/errors.yml:2847,WECHAT_SESSION_INVALID,400,true,true,ErrorContract.generated.ts/errorStatus,0,,[FACT] 定义合法；零精确字面量不是删除证据
ERR-AU-007-1424,01_core_hexin/packages/contract/definitions/errors.yml:2849,WECHAT_SESSION_RESPONSE_INVALID,400,true,true,ErrorContract.generated.ts/errorStatus,0,,[FACT] 定义合法；零精确字面量不是删除证据
ERR-AU-007-1425,01_core_hexin/packages/contract/definitions/errors.yml:2851,WECHAT_SUBSCRIPTION_TEMPLATE_MISSING,400,true,true,ErrorContract.generated.ts/errorStatus,0,,[FACT] 定义合法；零精确字面量不是删除证据
ERR-AU-007-1426,01_core_hexin/packages/contract/definitions/errors.yml:2853,WECHAT_TOKEN_FAILED,503,true,true,ErrorContract.generated.ts/errorStatus,1,01_core_hexin/services/commerce/src/modules/notification/04_adapters_shixian/adapter/WechatChannel.ts:54,[FACT] 定义合法；当前精确字面量消费者已记录
ERR-AU-007-1427,01_core_hexin/packages/contract/definitions/errors.yml:2855,WECHAT_TOKEN_REJECTED,502,true,true,ErrorContract.generated.ts/errorStatus,1,01_core_hexin/services/commerce/src/modules/notification/04_adapters_shixian/adapter/WechatChannel.ts:57,[FACT] 定义合法；当前精确字面量消费者已记录
ERR-AU-007-1428,01_core_hexin/packages/contract/definitions/errors.yml:2857,WECHAT_VARIABLE_TOO_LONG,400,true,true,ErrorContract.generated.ts/errorStatus,1,01_core_hexin/services/commerce/src/modules/notification/04_adapters_shixian/adapter/WechatChannel.ts:64,[FACT] 定义合法；当前精确字面量消费者已记录
ERR-AU-007-1429,01_core_hexin/packages/contract/definitions/errors.yml:2859,WECHAT_WEB_PAYMENT_BRIDGE_TIMEOUT,504,true,true,ErrorContract.generated.ts/errorStatus,0,,[FACT] 定义合法；零精确字面量不是删除证据
ERR-AU-007-1430,01_core_hexin/packages/contract/definitions/errors.yml:2861,WECHAT_WEB_PAYMENT_ENVIRONMENT_REQUIRED,400,true,true,ErrorContract.generated.ts/errorStatus,0,,[FACT] 定义合法；零精确字面量不是删除证据
ERR-AU-007-1431,01_core_hexin/packages/contract/definitions/errors.yml:2863,WECHAT_WEB_PAYMENT_FAILED,500,true,true,ErrorContract.generated.ts/errorStatus,0,,[FACT] 定义合法；零精确字面量不是删除证据
ERR-AU-007-1432,01_core_hexin/packages/contract/definitions/errors.yml:2865,WING_CODE_MEDIA_REQUIRED,503,true,true,ErrorContract.generated.ts/errorStatus,0,,[FACT] 定义合法；零精确字面量不是删除证据
ERR-AU-007-1433,01_core_hexin/packages/contract/definitions/errors.yml:2867,WITHDRAWAL_NOT_RUNNABLE,409,true,true,ErrorContract.generated.ts/errorStatus,1,01_core_hexin/services/commerce/src/modules/finance/05_interface_jieru/job/SettlementJob.ts:180,[FACT] 定义合法；当前精确字面量消费者已记录
ERR-AU-007-1434,01_core_hexin/packages/contract/definitions/errors.yml:2869,WORKSPACE_LINK_FORBIDDEN,403,true,true,ErrorContract.generated.ts/errorStatus,0,,[FACT] 定义合法；零精确字面量不是删除证据
ERR-AU-007-1435,01_core_hexin/packages/contract/definitions/errors.yml:2871,WORKSTATION_PAGE_MISSING,400,true,true,ErrorContract.generated.ts/errorStatus,0,,[FACT] 定义合法；零精确字面量不是删除证据
ERR-AU-007-1436,01_core_hexin/packages/contract/definitions/errors.yml:2873,WORKSTATION_SCOPE_MISSING,400,true,true,ErrorContract.generated.ts/errorStatus,0,,[FACT] 定义合法；零精确字面量不是删除证据
ERR-AU-007-1437,01_core_hexin/packages/contract/definitions/errors.yml:2875,WORKSTATION_UNKNOWN,404,true,true,ErrorContract.generated.ts/errorStatus,0,,[FACT] 定义合法；零精确字面量不是删除证据
ERR-AU-007-1438,01_core_hexin/packages/contract/definitions/errors.yml:2877,WRITE_SHORT_CIRCUIT_FORBIDDEN,403,true,true,ErrorContract.generated.ts/errorStatus,1,01_core_hexin/services/commerce/src/foundation/application/ModuleOperations.ts:102,[FACT] 定义合法；当前精确字面量消费者已记录
