"文件编号","路径","所属模块","文件类型","基线 blob SHA","物理行数","审阅范围","审阅者","审阅日期","审计单元","检查点","风险等级","是否二次复核","详细记录","覆盖清单同步","1 存在理由","2 创建或加载者","3 加载条件","4 导出内容","5 导出消费者","6 输入","7 输出","8 状态读写","9 数据库读写","10 网络调用","11 事件","12 环境变量","13 用户权限依赖","14 运行环境依赖","15 初始化副作用","16 模块加载副作用","17 注册职责","18 测试生产差异","19 资源释放","20 失败恢复","21 对应测试","22 测试可信度","23 对应文档","24 文档准确性","25 兼容职责","26 等价重复实现","27 可否独立删除","28 删除首个失败点","29 最终结论与置信度"
"FILE-AU-007-001","01_core_hexin/packages/contract/definitions/capabilities.yml","契约定义目录","结构化YAML","4a4742ec1a819f7b43798b9ad49ded1d99455b66","951","全文件逐行/逐记录深入审阅","Codex主审","2026-09-14","AU-007","CP-07","P3","否（若后续升级则重排）","E-AU-007-005/006/007/008/009/010/011","是","提供契约、生成、检查或真实消费证据","Git tracked人工文件","package import、质量命令、运行入口或人工流程","见exports.csv或源码声明","见exports.csv与communications.csv","YAML/函数参数/上游契约","契约值、校验结果、运行调用或报告信号","目录对象/纯函数或生成过程局部状态","无直接数据库写或本AU不深审","无直接网络或本AU不深审","无事件或本AU不深审","无环境值读取；正式命令依赖本地node_modules","不替代业务授权；无则不适用","Node 22/npm workspace/TypeScript生成链；正式依赖本环境缺失","无未记录初始化写","见functions.csv；无或仅目录解析","无或不适用","见tests.csv；正式执行均环境阻塞","纯契约不持资源；generator/检查进程退出释放","校验失败抛错/进程退出；运行恢复留消费者专项","见tests.csv及对应*.test.ts/正式检查入口","源码分支已人工评估；正式执行因依赖缺失阻塞","summary/history及项目契约文档","文档只作线索，代码与生成结果优先","相关迁移/运行兼容留专项","未证明存在可安全替代","否；未满足G3十三项与独立复核","对应package、质量门禁或运行调用首先失败","[FACT] 人工文件已完成全文件深审；关联F-0041"
"FILE-AU-007-002","01_core_hexin/packages/contract/definitions/errors.yml","契约定义目录","结构化YAML","a1964f8ef199392441dfccb3f535b6b649ad3a19","2878","全文件逐行/逐记录深入审阅","Codex主审","2026-09-14","AU-007","CP-07","P2","否（若后续升级则重排）","E-AU-007-005/006/007/008/009/010/011","是","提供契约、生成、检查或真实消费证据","Git tracked人工文件","package import、质量命令、运行入口或人工流程","见exports.csv或源码声明","见exports.csv与communications.csv","YAML/函数参数/上游契约","契约值、校验结果、运行调用或报告信号","目录对象/纯函数或生成过程局部状态","无直接数据库写或本AU不深审","无直接网络或本AU不深审","无事件或本AU不深审","无环境值读取；正式命令依赖本地node_modules","不替代业务授权；无则不适用","Node 22/npm workspace/TypeScript生成链；正式依赖本环境缺失","无未记录初始化写","见functions.csv；无或仅目录解析","无或不适用","见tests.csv；正式执行均环境阻塞","纯契约不持资源；generator/检查进程退出释放","校验失败抛错/进程退出；运行恢复留消费者专项","见tests.csv及对应*.test.ts/正式检查入口","源码分支已人工评估；正式执行因依赖缺失阻塞","summary/history及项目契约文档","文档只作线索，代码与生成结果优先","相关迁移/运行兼容留专项","未证明存在可安全替代","否；未满足G3十三项与独立复核","对应package、质量门禁或运行调用首先失败","[FACT] 人工文件已完成全文件深审；关联F-0037"
"FILE-AU-007-003","01_core_hexin/packages/contract/definitions/events.yml","契约定义目录","结构化YAML","f7f905f25339869b2c84317e3c5f7bbf2ab1d0a5","471","全文件逐行/逐记录深入审阅","Codex主审","2026-09-14","AU-007","CP-07","P2","否（若后续升级则重排）","E-AU-007-005/006/007/008/009/010/011","是","提供契约、生成、检查或真实消费证据","Git tracked人工文件","package import、质量命令、运行入口或人工流程","见exports.csv或源码声明","见exports.csv与communications.csv","YAML/函数参数/上游契约","契约值、校验结果、运行调用或报告信号","目录对象/纯函数或生成过程局部状态","无直接数据库写或本AU不深审","无直接网络或本AU不深审","见events.csv/communications.csv","无环境值读取；正式命令依赖本地node_modules","不替代业务授权；无则不适用","Node 22/npm workspace/TypeScript生成链；正式依赖本环境缺失","无未记录初始化写","见functions.csv；无或仅目录解析","无或不适用","见tests.csv；正式执行均环境阻塞","纯契约不持资源；generator/检查进程退出释放","校验失败抛错/进程退出；运行恢复留消费者专项","见tests.csv及对应*.test.ts/正式检查入口","源码分支已人工评估；正式执行因依赖缺失阻塞","summary/history及项目契约文档","文档只作线索，代码与生成结果优先","相关迁移/运行兼容留专项","未证明存在可安全替代","否；未满足G3十三项与独立复核","对应package、质量门禁或运行调用首先失败","[FACT] 人工文件已完成全文件深审；关联F-0039"
"FILE-AU-007-004","01_core_hexin/packages/contract/definitions/operations.yml","契约定义目录","结构化YAML","29385f65ec886281a9fe03444440cf998013c3c1","5250","全文件逐行/逐记录深入审阅","Codex主审","2026-09-14","AU-007","CP-07","P1候选","是（RV-0008）","E-AU-007-004","是","提供契约、生成、检查或真实消费证据","Git tracked人工文件","package import、质量命令、运行入口或人工流程","见exports.csv或源码声明","见exports.csv与communications.csv","YAML/函数参数/上游契约","契约值、校验结果、运行调用或报告信号","目录对象/纯函数或生成过程局部状态","无直接数据库写或本AU不深审","无直接网络或本AU不深审","无事件或本AU不深审","无环境值读取；正式命令依赖本地node_modules","permission/audience/capability链见F-0036","Node 22/npm workspace/TypeScript生成链；正式依赖本环境缺失","无未记录初始化写","见functions.csv；无或仅目录解析","无或不适用","见tests.csv；正式执行均环境阻塞","纯契约不持资源；generator/检查进程退出释放","校验失败抛错/进程退出；运行恢复留消费者专项","见tests.csv及对应*.test.ts/正式检查入口","源码分支已人工评估；正式执行因依赖缺失阻塞","summary/history及项目契约文档","文档只作线索，代码与生成结果优先","相关迁移/运行兼容留专项","未证明存在可安全替代","否；未满足G3十三项与独立复核","对应package、质量门禁或运行调用首先失败","[FACT] 人工文件已完成全文件深审；关联F-0036/F-0038/F-0040"
"FILE-AU-007-005","01_core_hexin/packages/contract/package.json","contract package","JSON","5a601596a7c0a72fba3147aaa8208e35e1e9d567","31","全文件逐行/逐记录深入审阅","Codex主审","2026-09-14","AU-007","CP-07","未发现独立问题","否（若后续升级则重排）","E-AU-007-002/003","是","提供契约、生成、检查或真实消费证据","Git tracked人工文件","package import、质量命令、运行入口或人工流程","见exports.csv或源码声明","见exports.csv与communications.csv","YAML/函数参数/上游契约","契约值、校验结果、运行调用或报告信号","目录对象/纯函数或生成过程局部状态","无直接数据库写或本AU不深审","无直接网络或本AU不深审","无事件或本AU不深审","无环境值读取；正式命令依赖本地node_modules","不替代业务授权；无则不适用","Node 22/npm workspace/TypeScript生成链；正式依赖本环境缺失","无未记录初始化写","见functions.csv；无或仅目录解析","无或不适用","见tests.csv；正式执行均环境阻塞","纯契约不持资源；generator/检查进程退出释放","校验失败抛错/进程退出；运行恢复留消费者专项","见tests.csv及对应*.test.ts/正式检查入口","源码分支已人工评估；正式执行因依赖缺失阻塞","summary/history及项目契约文档","文档只作线索，代码与生成结果优先","相关迁移/运行兼容留专项","未证明存在可安全替代","否；未满足G3十三项与独立复核","对应package、质量门禁或运行调用首先失败","[FACT] 人工文件已完成全文件深审"
"FILE-AU-007-006","01_core_hexin/packages/contract/src/AdministratorSegmentContract.test.ts","contract package","TypeScript源码","8dbb2e2ff8b26a0ebcbdbf4f499512bf81af4029","21","全文件逐行/逐记录深入审阅","Codex主审","2026-09-14","AU-007","CP-07","P2","否（若后续升级则重排）","E-AU-007-005/006/007/008/009/010/011","是","提供契约、生成、检查或真实消费证据","Git tracked人工文件","package import、质量命令、运行入口或人工流程","见exports.csv或源码声明","见exports.csv与communications.csv","YAML/函数参数/上游契约","契约值、校验结果、运行调用或报告信号","目录对象/纯函数或生成过程局部状态","无直接数据库写或本AU不深审","无直接网络或本AU不深审","无事件或本AU不深审","无环境值读取；正式命令依赖本地node_modules","不替代业务授权；无则不适用","Node 22/npm workspace/TypeScript生成链；正式依赖本环境缺失","无未记录初始化写","见functions.csv；无或仅目录解析","无或不适用","见tests.csv；正式执行均环境阻塞","纯契约不持资源；generator/检查进程退出释放","校验失败抛错/进程退出；运行恢复留消费者专项","见tests.csv及对应*.test.ts/正式检查入口","源码分支已人工评估；正式执行因依赖缺失阻塞","summary/history及项目契约文档","文档只作线索，代码与生成结果优先","公共package/版本/frozen/生成兼容责任未排除","未证明存在可安全替代","否；未满足G3十三项与独立复核","对应package、质量门禁或运行调用首先失败","[FACT] 人工文件已完成全文件深审；关联F-0040"
"FILE-AU-007-007","01_core_hexin/packages/contract/src/ClientSchema.test.ts","contract package","TypeScript源码","2c46f5a9dcd39b0d2c6ea8e4485fd1aed2c09a3f","27","全文件逐行/逐记录深入审阅","Codex主审","2026-09-14","AU-007","CP-07","未发现独立问题","否（若后续升级则重排）","E-AU-007-002/003","是","提供契约、生成、检查或真实消费证据","Git tracked人工文件","package import、质量命令、运行入口或人工流程","见exports.csv或源码声明","见exports.csv与communications.csv","YAML/函数参数/上游契约","契约值、校验结果、运行调用或报告信号","目录对象/纯函数或生成过程局部状态","无直接数据库写或本AU不深审","无直接网络或本AU不深审","无事件或本AU不深审","无环境值读取；正式命令依赖本地node_modules","不替代业务授权；无则不适用","Node 22/npm workspace/TypeScript生成链；正式依赖本环境缺失","无未记录初始化写","见functions.csv；无或仅目录解析","无或不适用","见tests.csv；正式执行均环境阻塞","纯契约不持资源；generator/检查进程退出释放","校验失败抛错/进程退出；运行恢复留消费者专项","见tests.csv及对应*.test.ts/正式检查入口","源码分支已人工评估；正式执行因依赖缺失阻塞","summary/history及项目契约文档","文档只作线索，代码与生成结果优先","相关迁移/运行兼容留专项","未证明存在可安全替代","否；未满足G3十三项与独立复核","对应package、质量门禁或运行调用首先失败","[FACT] 人工文件已完成全文件深审"
"FILE-AU-007-008","01_core_hexin/packages/contract/src/ClientSchema.ts","contract package","TypeScript源码","c99acc776f6370eee13463b8123bcff0469d241f","19","全文件逐行/逐记录深入审阅","Codex主审","2026-09-14","AU-007","CP-07","未发现独立问题","否（若后续升级则重排）","E-AU-007-002/003","是","提供契约、生成、检查或真实消费证据","Git tracked人工文件","package import、质量命令、运行入口或人工流程","见exports.csv或源码声明","见exports.csv与communications.csv","YAML/函数参数/上游契约","契约值、校验结果、运行调用或报告信号","目录对象/纯函数或生成过程局部状态","无直接数据库写或本AU不深审","无直接网络或本AU不深审","无事件或本AU不深审","无环境值读取；正式命令依赖本地node_modules","不替代业务授权；无则不适用","Node 22/npm workspace/TypeScript生成链；正式依赖本环境缺失","无未记录初始化写","见functions.csv；无或仅目录解析","无或不适用","见tests.csv；正式执行均环境阻塞","纯契约不持资源；generator/检查进程退出释放","校验失败抛错/进程退出；运行恢复留消费者专项","见tests.csv及对应*.test.ts/正式检查入口","源码分支已人工评估；正式执行因依赖缺失阻塞","summary/history及项目契约文档","文档只作线索，代码与生成结果优先","相关迁移/运行兼容留专项","未证明存在可安全替代","否；未满足G3十三项与独立复核","对应package、质量门禁或运行调用首先失败","[FACT] 人工文件已完成全文件深审"
"FILE-AU-007-009","01_core_hexin/packages/contract/src/Contract.test.ts","contract package","TypeScript源码","e8a861a58354477054cfb5d86c8b4dff26ea760e","101","全文件逐行/逐记录深入审阅","Codex主审","2026-09-14","AU-007","CP-07","P2","否（若后续升级则重排）","E-AU-007-005/006/007/008/009/010/011","是","提供契约、生成、检查或真实消费证据","Git tracked人工文件","package import、质量命令、运行入口或人工流程","见exports.csv或源码声明","见exports.csv与communications.csv","YAML/函数参数/上游契约","契约值、校验结果、运行调用或报告信号","目录对象/纯函数或生成过程局部状态","无直接数据库写或本AU不深审","无直接网络或本AU不深审","无事件或本AU不深审","无环境值读取；正式命令依赖本地node_modules","不替代业务授权；无则不适用","Node 22/npm workspace/TypeScript生成链；正式依赖本环境缺失","无未记录初始化写","见functions.csv；无或仅目录解析","无或不适用","见tests.csv；正式执行均环境阻塞","纯契约不持资源；generator/检查进程退出释放","校验失败抛错/进程退出；运行恢复留消费者专项","见tests.csv及对应*.test.ts/正式检查入口","源码分支已人工评估；正式执行因依赖缺失阻塞","summary/history及项目契约文档","文档只作线索，代码与生成结果优先","公共package/版本/frozen/生成兼容责任未排除","未证明存在可安全替代","否；未满足G3十三项与独立复核","对应package、质量门禁或运行调用首先失败","[FACT] 人工文件已完成全文件深审；关联F-0040"
"FILE-AU-007-010","01_core_hexin/packages/contract/src/Contract.ts","contract package","TypeScript源码","2eeb79f7658c1c85c6d78bef51d4a1ad17930086","8","全文件逐行/逐记录深入审阅","Codex主审","2026-09-14","AU-007","CP-07","未发现独立问题","否（若后续升级则重排）","E-AU-007-002/003","是","提供契约、生成、检查或真实消费证据","Git tracked人工文件","package import、质量命令、运行入口或人工流程","见exports.csv或源码声明","见exports.csv与communications.csv","YAML/函数参数/上游契约","契约值、校验结果、运行调用或报告信号","目录对象/纯函数或生成过程局部状态","无直接数据库写或本AU不深审","无直接网络或本AU不深审","无事件或本AU不深审","无环境值读取；正式命令依赖本地node_modules","不替代业务授权；无则不适用","Node 22/npm workspace/TypeScript生成链；正式依赖本环境缺失","无未记录初始化写","见functions.csv；无或仅目录解析","无或不适用","见tests.csv；正式执行均环境阻塞","纯契约不持资源；generator/检查进程退出释放","校验失败抛错/进程退出；运行恢复留消费者专项","见tests.csv及对应*.test.ts/正式检查入口","源码分支已人工评估；正式执行因依赖缺失阻塞","summary/history及项目契约文档","文档只作线索，代码与生成结果优先","公共package/版本/frozen/生成兼容责任未排除","未证明存在可安全替代","否；未满足G3十三项与独立复核","对应package、质量门禁或运行调用首先失败","[FACT] 人工文件已完成全文件深审"
"FILE-AU-007-011","01_core_hexin/packages/contract/src/DeepLinkContract.test.ts","contract package","TypeScript源码","1af1bb7842357577b562c692855ab542922d04a3","14","全文件逐行/逐记录深入审阅","Codex主审","2026-09-14","AU-007","CP-07","P2","否（若后续升级则重排）","E-AU-007-005/006/007/008/009/010/011","是","提供契约、生成、检查或真实消费证据","Git tracked人工文件","package import、质量命令、运行入口或人工流程","见exports.csv或源码声明","见exports.csv与communications.csv","YAML/函数参数/上游契约","契约值、校验结果、运行调用或报告信号","目录对象/纯函数或生成过程局部状态","无直接数据库写或本AU不深审","无直接网络或本AU不深审","无事件或本AU不深审","无环境值读取；正式命令依赖本地node_modules","不替代业务授权；无则不适用","Node 22/npm workspace/TypeScript生成链；正式依赖本环境缺失","无未记录初始化写","见functions.csv；无或仅目录解析","无或不适用","见tests.csv；正式执行均环境阻塞","纯契约不持资源；generator/检查进程退出释放","校验失败抛错/进程退出；运行恢复留消费者专项","见tests.csv及对应*.test.ts/正式检查入口","源码分支已人工评估；正式执行因依赖缺失阻塞","summary/history及项目契约文档","文档只作线索，代码与生成结果优先","公共package/版本/frozen/生成兼容责任未排除","未证明存在可安全替代","否；未满足G3十三项与独立复核","对应package、质量门禁或运行调用首先失败","[FACT] 人工文件已完成全文件深审；关联F-0040/F-0043"
"FILE-AU-007-012","01_core_hexin/packages/contract/src/DeepLinkContract.ts","contract package","TypeScript源码","8dceee975ffab3922c4eb200b6c288ae75270517","27","全文件逐行/逐记录深入审阅","Codex主审","2026-09-14","AU-007","CP-07","P3","否（若后续升级则重排）","E-AU-007-005/006/007/008/009/010/011","是","提供契约、生成、检查或真实消费证据","Git tracked人工文件","package import、质量命令、运行入口或人工流程","见exports.csv或源码声明","见exports.csv与communications.csv","YAML/函数参数/上游契约","契约值、校验结果、运行调用或报告信号","目录对象/纯函数或生成过程局部状态","无直接数据库写或本AU不深审","无直接网络或本AU不深审","无事件或本AU不深审","无环境值读取；正式命令依赖本地node_modules","不替代业务授权；无则不适用","Node 22/npm workspace/TypeScript生成链；正式依赖本环境缺失","无未记录初始化写","见functions.csv；无或仅目录解析","无或不适用","见tests.csv；正式执行均环境阻塞","纯契约不持资源；generator/检查进程退出释放","校验失败抛错/进程退出；运行恢复留消费者专项","见tests.csv及对应*.test.ts/正式检查入口","源码分支已人工评估；正式执行因依赖缺失阻塞","summary/history及项目契约文档","文档只作线索，代码与生成结果优先","公共package/版本/frozen/生成兼容责任未排除","未证明存在可安全替代","否；未满足G3十三项与独立复核","对应package、质量门禁或运行调用首先失败","[FACT] 人工文件已完成全文件深审；关联F-0043"
"FILE-AU-007-013","01_core_hexin/packages/contract/src/ErrorSchema.ts","contract package","TypeScript源码","85b992c754192e36e57c8cdfd025c7bef960ce3c","18","全文件逐行/逐记录深入审阅","Codex主审","2026-09-14","AU-007","CP-07","未发现独立问题","否（若后续升级则重排）","E-AU-007-002/003","是","提供契约、生成、检查或真实消费证据","Git tracked人工文件","package import、质量命令、运行入口或人工流程","见exports.csv或源码声明","见exports.csv与communications.csv","YAML/函数参数/上游契约","契约值、校验结果、运行调用或报告信号","目录对象/纯函数或生成过程局部状态","无直接数据库写或本AU不深审","无直接网络或本AU不深审","无事件或本AU不深审","无环境值读取；正式命令依赖本地node_modules","不替代业务授权；无则不适用","Node 22/npm workspace/TypeScript生成链；正式依赖本环境缺失","无未记录初始化写","见functions.csv；无或仅目录解析","无或不适用","见tests.csv；正式执行均环境阻塞","纯契约不持资源；generator/检查进程退出释放","校验失败抛错/进程退出；运行恢复留消费者专项","见tests.csv及对应*.test.ts/正式检查入口","源码分支已人工评估；正式执行因依赖缺失阻塞","summary/history及项目契约文档","文档只作线索，代码与生成结果优先","相关迁移/运行兼容留专项","未证明存在可安全替代","否；未满足G3十三项与独立复核","对应package、质量门禁或运行调用首先失败","[FACT] 人工文件已完成全文件深审"
"FILE-AU-007-014","01_core_hexin/packages/contract/src/EventContract.ts","contract package","TypeScript源码","140040e88e4bda1656bb144008f7c224cee240c3","12","全文件逐行/逐记录深入审阅","Codex主审","2026-09-14","AU-007","CP-07","未发现独立问题","否（若后续升级则重排）","E-AU-007-002/003","是","提供契约、生成、检查或真实消费证据","Git tracked人工文件","package import、质量命令、运行入口或人工流程","见exports.csv或源码声明","见exports.csv与communications.csv","YAML/函数参数/上游契约","契约值、校验结果、运行调用或报告信号","目录对象/纯函数或生成过程局部状态","无直接数据库写或本AU不深审","无直接网络或本AU不深审","见events.csv/communications.csv","无环境值读取；正式命令依赖本地node_modules","不替代业务授权；无则不适用","Node 22/npm workspace/TypeScript生成链；正式依赖本环境缺失","无未记录初始化写","见functions.csv；无或仅目录解析","无或不适用","见tests.csv；正式执行均环境阻塞","纯契约不持资源；generator/检查进程退出释放","校验失败抛错/进程退出；运行恢复留消费者专项","见tests.csv及对应*.test.ts/正式检查入口","源码分支已人工评估；正式执行因依赖缺失阻塞","summary/history及项目契约文档","文档只作线索，代码与生成结果优先","公共package/版本/frozen/生成兼容责任未排除","未证明存在可安全替代","否；未满足G3十三项与独立复核","对应package、质量门禁或运行调用首先失败","[FACT] 人工文件已完成全文件深审"
"FILE-AU-007-015","01_core_hexin/packages/contract/src/ExperienceContract.ts","contract package","TypeScript源码","07870c365a113ed0c82dcd2e98d396eda228aa9b","81","全文件逐行/逐记录深入审阅","Codex主审","2026-09-14","AU-007","CP-07","未发现独立问题","否（若后续升级则重排）","E-AU-007-002/003","是","提供契约、生成、检查或真实消费证据","Git tracked人工文件","package import、质量命令、运行入口或人工流程","见exports.csv或源码声明","见exports.csv与communications.csv","YAML/函数参数/上游契约","契约值、校验结果、运行调用或报告信号","目录对象/纯函数或生成过程局部状态","无直接数据库写或本AU不深审","无直接网络或本AU不深审","无事件或本AU不深审","无环境值读取；正式命令依赖本地node_modules","不替代业务授权；无则不适用","Node 22/npm workspace/TypeScript生成链；正式依赖本环境缺失","无未记录初始化写","见functions.csv；无或仅目录解析","无或不适用","见tests.csv；正式执行均环境阻塞","纯契约不持资源；generator/检查进程退出释放","校验失败抛错/进程退出；运行恢复留消费者专项","见tests.csv及对应*.test.ts/正式检查入口","源码分支已人工评估；正式执行因依赖缺失阻塞","summary/history及项目契约文档","文档只作线索，代码与生成结果优先","公共package/版本/frozen/生成兼容责任未排除","未证明存在可安全替代","否；未满足G3十三项与独立复核","对应package、质量门禁或运行调用首先失败","[FACT] 人工文件已完成全文件深审"
"FILE-AU-007-016","01_core_hexin/packages/contract/src/FinancialActionPolicy.test.ts","contract package","TypeScript源码","bb9fa5495759cf70e23a3da872bdbd33f711c117","60","全文件逐行/逐记录深入审阅","Codex主审","2026-09-14","AU-007","CP-07","未发现独立问题","否（若后续升级则重排）","E-AU-007-002/003","是","提供契约、生成、检查或真实消费证据","Git tracked人工文件","package import、质量命令、运行入口或人工流程","见exports.csv或源码声明","见exports.csv与communications.csv","YAML/函数参数/上游契约","契约值、校验结果、运行调用或报告信号","目录对象/纯函数或生成过程局部状态","无直接数据库写或本AU不深审","无直接网络或本AU不深审","无事件或本AU不深审","无环境值读取；正式命令依赖本地node_modules","不替代业务授权；无则不适用","Node 22/npm workspace/TypeScript生成链；正式依赖本环境缺失","无未记录初始化写","见functions.csv；无或仅目录解析","无或不适用","见tests.csv；正式执行均环境阻塞","纯契约不持资源；generator/检查进程退出释放","校验失败抛错/进程退出；运行恢复留消费者专项","见tests.csv及对应*.test.ts/正式检查入口","源码分支已人工评估；正式执行因依赖缺失阻塞","summary/history及项目契约文档","文档只作线索，代码与生成结果优先","相关迁移/运行兼容留专项","未证明存在可安全替代","否；未满足G3十三项与独立复核","对应package、质量门禁或运行调用首先失败","[FACT] 人工文件已完成全文件深审"
"FILE-AU-007-017","01_core_hexin/packages/contract/src/FinancialActionPolicy.ts","contract package","TypeScript源码","32a332093282c3bc2439d44d6e7cb5cdbe0cfc4f","97","全文件逐行/逐记录深入审阅","Codex主审","2026-09-14","AU-007","CP-07","未发现独立问题","否（若后续升级则重排）","E-AU-007-002/003","是","提供契约、生成、检查或真实消费证据","Git tracked人工文件","package import、质量命令、运行入口或人工流程","见exports.csv或源码声明","见exports.csv与communications.csv","YAML/函数参数/上游契约","契约值、校验结果、运行调用或报告信号","目录对象/纯函数或生成过程局部状态","无直接数据库写或本AU不深审","无直接网络或本AU不深审","无事件或本AU不深审","无环境值读取；正式命令依赖本地node_modules","不替代业务授权；无则不适用","Node 22/npm workspace/TypeScript生成链；正式依赖本环境缺失","无未记录初始化写","见functions.csv；无或仅目录解析","无或不适用","见tests.csv；正式执行均环境阻塞","纯契约不持资源；generator/检查进程退出释放","校验失败抛错/进程退出；运行恢复留消费者专项","见tests.csv及对应*.test.ts/正式检查入口","源码分支已人工评估；正式执行因依赖缺失阻塞","summary/history及项目契约文档","文档只作线索，代码与生成结果优先","相关迁移/运行兼容留专项","未证明存在可安全替代","否；未满足G3十三项与独立复核","对应package、质量门禁或运行调用首先失败","[FACT] 人工文件已完成全文件深审"
"FILE-AU-007-018","01_core_hexin/packages/contract/src/Operation.gates.test.ts","contract package","TypeScript源码","5b58684232e46a9763b4983bf6a940421450753c","80","全文件逐行/逐记录深入审阅","Codex主审","2026-09-14","AU-007","CP-07","未发现独立问题","否（若后续升级则重排）","E-AU-007-002/003","是","提供契约、生成、检查或真实消费证据","Git tracked人工文件","package import、质量命令、运行入口或人工流程","见exports.csv或源码声明","见exports.csv与communications.csv","YAML/函数参数/上游契约","契约值、校验结果、运行调用或报告信号","目录对象/纯函数或生成过程局部状态","无直接数据库写或本AU不深审","无直接网络或本AU不深审","无事件或本AU不深审","无环境值读取；正式命令依赖本地node_modules","不替代业务授权；无则不适用","Node 22/npm workspace/TypeScript生成链；正式依赖本环境缺失","无未记录初始化写","见functions.csv；无或仅目录解析","无或不适用","见tests.csv；正式执行均环境阻塞","纯契约不持资源；generator/检查进程退出释放","校验失败抛错/进程退出；运行恢复留消费者专项","见tests.csv及对应*.test.ts/正式检查入口","源码分支已人工评估；正式执行因依赖缺失阻塞","summary/history及项目契约文档","文档只作线索，代码与生成结果优先","相关迁移/运行兼容留专项","未证明存在可安全替代","否；未满足G3十三项与独立复核","对应package、质量门禁或运行调用首先失败","[FACT] 人工文件已完成全文件深审"
"FILE-AU-007-019","01_core_hexin/packages/contract/src/Operation.ts","contract package","TypeScript源码","1b11473a4df7055f286e4a9283ede94f184ffef4","105","全文件逐行/逐记录深入审阅","Codex主审","2026-09-14","AU-007","CP-07","未发现独立问题","否（若后续升级则重排）","E-AU-007-002/003","是","提供契约、生成、检查或真实消费证据","Git tracked人工文件","package import、质量命令、运行入口或人工流程","见exports.csv或源码声明","见exports.csv与communications.csv","YAML/函数参数/上游契约","契约值、校验结果、运行调用或报告信号","目录对象/纯函数或生成过程局部状态","无直接数据库写或本AU不深审","无直接网络或本AU不深审","无事件或本AU不深审","无环境值读取；正式命令依赖本地node_modules","不替代业务授权；无则不适用","Node 22/npm workspace/TypeScript生成链；正式依赖本环境缺失","无未记录初始化写","见functions.csv；无或仅目录解析","无或不适用","见tests.csv；正式执行均环境阻塞","纯契约不持资源；generator/检查进程退出释放","校验失败抛错/进程退出；运行恢复留消费者专项","见tests.csv及对应*.test.ts/正式检查入口","源码分支已人工评估；正式执行因依赖缺失阻塞","summary/history及项目契约文档","文档只作线索，代码与生成结果优先","相关迁移/运行兼容留专项","未证明存在可安全替代","否；未满足G3十三项与独立复核","对应package、质量门禁或运行调用首先失败","[FACT] 人工文件已完成全文件深审"
"FILE-AU-007-020","01_core_hexin/packages/contract/src/OperationCatalog.ts","contract package","TypeScript源码","e463a214088eb9e52e508b5720c50ae5a0c2980b","27","全文件逐行/逐记录深入审阅","Codex主审","2026-09-14","AU-007","CP-07","未发现独立问题","否（若后续升级则重排）","E-AU-007-002/003","是","提供契约、生成、检查或真实消费证据","Git tracked人工文件","package import、质量命令、运行入口或人工流程","见exports.csv或源码声明","见exports.csv与communications.csv","YAML/函数参数/上游契约","契约值、校验结果、运行调用或报告信号","目录对象/纯函数或生成过程局部状态","无直接数据库写或本AU不深审","无直接网络或本AU不深审","无事件或本AU不深审","无环境值读取；正式命令依赖本地node_modules","不替代业务授权；无则不适用","Node 22/npm workspace/TypeScript生成链；正式依赖本环境缺失","无未记录初始化写","见functions.csv；无或仅目录解析","无或不适用","见tests.csv；正式执行均环境阻塞","纯契约不持资源；generator/检查进程退出释放","校验失败抛错/进程退出；运行恢复留消费者专项","见tests.csv及对应*.test.ts/正式检查入口","源码分支已人工评估；正式执行因依赖缺失阻塞","summary/history及项目契约文档","文档只作线索，代码与生成结果优先","相关迁移/运行兼容留专项","未证明存在可安全替代","否；未满足G3十三项与独立复核","对应package、质量门禁或运行调用首先失败","[FACT] 人工文件已完成全文件深审"
"FILE-AU-007-021","01_core_hexin/packages/contract/src/PasswordPolicyContract.test.ts","contract package","TypeScript源码","160d0e22f287296f13323ed2945027c102fe74cc","22","全文件逐行/逐记录深入审阅","Codex主审","2026-09-14","AU-007","CP-07","P2","否（若后续升级则重排）","E-AU-007-005/006/007/008/009/010/011","是","提供契约、生成、检查或真实消费证据","Git tracked人工文件","package import、质量命令、运行入口或人工流程","见exports.csv或源码声明","见exports.csv与communications.csv","YAML/函数参数/上游契约","契约值、校验结果、运行调用或报告信号","目录对象/纯函数或生成过程局部状态","无直接数据库写或本AU不深审","无直接网络或本AU不深审","无事件或本AU不深审","无环境值读取；正式命令依赖本地node_modules","不替代业务授权；无则不适用","Node 22/npm workspace/TypeScript生成链；正式依赖本环境缺失","无未记录初始化写","见functions.csv；无或仅目录解析","无或不适用","见tests.csv；正式执行均环境阻塞","纯契约不持资源；generator/检查进程退出释放","校验失败抛错/进程退出；运行恢复留消费者专项","见tests.csv及对应*.test.ts/正式检查入口","源码分支已人工评估；正式执行因依赖缺失阻塞","summary/history及项目契约文档","文档只作线索，代码与生成结果优先","公共package/版本/frozen/生成兼容责任未排除","未证明存在可安全替代","否；未满足G3十三项与独立复核","对应package、质量门禁或运行调用首先失败","[FACT] 人工文件已完成全文件深审；关联F-0040"
"FILE-AU-007-022","01_core_hexin/packages/contract/src/PasswordPolicyContract.ts","contract package","TypeScript源码","56526a87a249db62f4d2db7ebb9ceb6ef0264cc7","12","全文件逐行/逐记录深入审阅","Codex主审","2026-09-14","AU-007","CP-07","未发现独立问题","否（若后续升级则重排）","E-AU-007-002/003","是","提供契约、生成、检查或真实消费证据","Git tracked人工文件","package import、质量命令、运行入口或人工流程","见exports.csv或源码声明","见exports.csv与communications.csv","YAML/函数参数/上游契约","契约值、校验结果、运行调用或报告信号","目录对象/纯函数或生成过程局部状态","无直接数据库写或本AU不深审","无直接网络或本AU不深审","无事件或本AU不深审","无环境值读取；正式命令依赖本地node_modules","不替代业务授权；无则不适用","Node 22/npm workspace/TypeScript生成链；正式依赖本环境缺失","无未记录初始化写","见functions.csv；无或仅目录解析","无或不适用","见tests.csv；正式执行均环境阻塞","纯契约不持资源；generator/检查进程退出释放","校验失败抛错/进程退出；运行恢复留消费者专项","见tests.csv及对应*.test.ts/正式检查入口","源码分支已人工评估；正式执行因依赖缺失阻塞","summary/history及项目契约文档","文档只作线索，代码与生成结果优先","公共package/版本/frozen/生成兼容责任未排除","未证明存在可安全替代","否；未满足G3十三项与独立复核","对应package、质量门禁或运行调用首先失败","[FACT] 人工文件已完成全文件深审"
"FILE-AU-007-023","01_core_hexin/packages/contract/src/StorefrontMemberContract.test.ts","contract package","TypeScript源码","a857f311983eb7fa8df1171f4dbe8847fc948f7f","119","全文件逐行/逐记录深入审阅","Codex主审","2026-09-14","AU-007","CP-07","P1候选","是（RV-0008）","E-AU-007-004","是","提供契约、生成、检查或真实消费证据","Git tracked人工文件","package import、质量命令、运行入口或人工流程","见exports.csv或源码声明","见exports.csv与communications.csv","YAML/函数参数/上游契约","契约值、校验结果、运行调用或报告信号","目录对象/纯函数或生成过程局部状态","无直接数据库写或本AU不深审","无直接网络或本AU不深审","无事件或本AU不深审","无环境值读取；正式命令依赖本地node_modules","permission/audience/capability链见F-0036","Node 22/npm workspace/TypeScript生成链；正式依赖本环境缺失","无未记录初始化写","见functions.csv；无或仅目录解析","无或不适用","见tests.csv；正式执行均环境阻塞","纯契约不持资源；generator/检查进程退出释放","校验失败抛错/进程退出；运行恢复留消费者专项","见tests.csv及对应*.test.ts/正式检查入口","源码分支已人工评估；正式执行因依赖缺失阻塞","summary/history及项目契约文档","文档只作线索，代码与生成结果优先","公共package/版本/frozen/生成兼容责任未排除","未证明存在可安全替代","否；未满足G3十三项与独立复核","对应package、质量门禁或运行调用首先失败","[FACT] 人工文件已完成全文件深审；关联F-0036/F-0040"
"FILE-AU-007-024","01_core_hexin/packages/contract/src/StorefrontMemberContract.ts","contract package","TypeScript源码","0b75006825512d26d3be5160d65aebfa8affdebe","143","全文件逐行/逐记录深入审阅","Codex主审","2026-09-14","AU-007","CP-07","未发现独立问题","否（若后续升级则重排）","E-AU-007-002/003","是","提供契约、生成、检查或真实消费证据","Git tracked人工文件","package import、质量命令、运行入口或人工流程","见exports.csv或源码声明","见exports.csv与communications.csv","YAML/函数参数/上游契约","契约值、校验结果、运行调用或报告信号","目录对象/纯函数或生成过程局部状态","无直接数据库写或本AU不深审","无直接网络或本AU不深审","无事件或本AU不深审","无环境值读取；正式命令依赖本地node_modules","permission/audience/capability链见F-0036","Node 22/npm workspace/TypeScript生成链；正式依赖本环境缺失","无未记录初始化写","见functions.csv；无或仅目录解析","无或不适用","见tests.csv；正式执行均环境阻塞","纯契约不持资源；generator/检查进程退出释放","校验失败抛错/进程退出；运行恢复留消费者专项","见tests.csv及对应*.test.ts/正式检查入口","源码分支已人工评估；正式执行因依赖缺失阻塞","summary/history及项目契约文档","文档只作线索，代码与生成结果优先","公共package/版本/frozen/生成兼容责任未排除","未证明存在可安全替代","否；未满足G3十三项与独立复核","对应package、质量门禁或运行调用首先失败","[FACT] 人工文件已完成全文件深审"
"FILE-AU-007-025","01_core_hexin/packages/contract/src/VerificationContract.ts","contract package","TypeScript源码","4040328fa7dced0a196ab296eb46abb4742fd58e","13","全文件逐行/逐记录深入审阅","Codex主审","2026-09-14","AU-007","CP-07","未发现独立问题","否（若后续升级则重排）","E-AU-007-002/003","是","提供契约、生成、检查或真实消费证据","Git tracked人工文件","package import、质量命令、运行入口或人工流程","见exports.csv或源码声明","见exports.csv与communications.csv","YAML/函数参数/上游契约","契约值、校验结果、运行调用或报告信号","目录对象/纯函数或生成过程局部状态","无直接数据库写或本AU不深审","无直接网络或本AU不深审","无事件或本AU不深审","无环境值读取；正式命令依赖本地node_modules","不替代业务授权；无则不适用","Node 22/npm workspace/TypeScript生成链；正式依赖本环境缺失","无未记录初始化写","见functions.csv；无或仅目录解析","无或不适用","见tests.csv；正式执行均环境阻塞","纯契约不持资源；generator/检查进程退出释放","校验失败抛错/进程退出；运行恢复留消费者专项","见tests.csv及对应*.test.ts/正式检查入口","源码分支已人工评估；正式执行因依赖缺失阻塞","summary/history及项目契约文档","文档只作线索，代码与生成结果优先","公共package/版本/frozen/生成兼容责任未排除","未证明存在可安全替代","否；未满足G3十三项与独立复核","对应package、质量门禁或运行调用首先失败","[FACT] 人工文件已完成全文件深审"
"FILE-AU-007-026","01_core_hexin/packages/contract/src/VoucherTargetContract.test.ts","contract package","TypeScript源码","a7eb76eb324702316e70565aa768bcb19cec34fe","128","全文件逐行/逐记录深入审阅","Codex主审","2026-09-14","AU-007","CP-07","P2","否（若后续升级则重排）","E-AU-007-005/006/007/008/009/010/011","是","提供契约、生成、检查或真实消费证据","Git tracked人工文件","package import、质量命令、运行入口或人工流程","见exports.csv或源码声明","见exports.csv与communications.csv","YAML/函数参数/上游契约","契约值、校验结果、运行调用或报告信号","目录对象/纯函数或生成过程局部状态","无直接数据库写或本AU不深审","无直接网络或本AU不深审","无事件或本AU不深审","无环境值读取；正式命令依赖本地node_modules","不替代业务授权；无则不适用","Node 22/npm workspace/TypeScript生成链；正式依赖本环境缺失","无未记录初始化写","见functions.csv；无或仅目录解析","无或不适用","见tests.csv；正式执行均环境阻塞","纯契约不持资源；generator/检查进程退出释放","校验失败抛错/进程退出；运行恢复留消费者专项","见tests.csv及对应*.test.ts/正式检查入口","源码分支已人工评估；正式执行因依赖缺失阻塞","summary/history及项目契约文档","文档只作线索，代码与生成结果优先","公共package/版本/frozen/生成兼容责任未排除","未证明存在可安全替代","否；未满足G3十三项与独立复核","对应package、质量门禁或运行调用首先失败","[FACT] 人工文件已完成全文件深审；关联F-0040"
"FILE-AU-007-027","01_core_hexin/packages/contract/src/index.ts","contract package","TypeScript源码","d402a124cc3a56c1cf2bc2cac84fb02a2d80d05d","24","全文件逐行/逐记录深入审阅","Codex主审","2026-09-14","AU-007","CP-07","未发现独立问题","否（若后续升级则重排）","E-AU-007-002/003","是","提供契约、生成、检查或真实消费证据","Git tracked人工文件","package import、质量命令、运行入口或人工流程","见exports.csv或源码声明","见exports.csv与communications.csv","YAML/函数参数/上游契约","契约值、校验结果、运行调用或报告信号","目录对象/纯函数或生成过程局部状态","无直接数据库写或本AU不深审","无直接网络或本AU不深审","无事件或本AU不深审","无环境值读取；正式命令依赖本地node_modules","不替代业务授权；无则不适用","Node 22/npm workspace/TypeScript生成链；正式依赖本环境缺失","无未记录初始化写","见functions.csv；无或仅目录解析","无或不适用","见tests.csv；正式执行均环境阻塞","纯契约不持资源；generator/检查进程退出释放","校验失败抛错/进程退出；运行恢复留消费者专项","见tests.csv及对应*.test.ts/正式检查入口","源码分支已人工评估；正式执行因依赖缺失阻塞","summary/history及项目契约文档","文档只作线索，代码与生成结果优先","相关迁移/运行兼容留专项","未证明存在可安全替代","否；未满足G3十三项与独立复核","对应package、质量门禁或运行调用首先失败","[FACT] 人工文件已完成全文件深审"
"FILE-AU-007-028","01_core_hexin/packages/contract/src/provider/Capability.ts","contract package","TypeScript源码","b0b45f5d2b75348a64a97cc53294d76f7de5c4b9","40","全文件逐行/逐记录深入审阅","Codex主审","2026-09-14","AU-007","CP-07","未发现独立问题","否（若后续升级则重排）","E-AU-007-002/003","是","提供契约、生成、检查或真实消费证据","Git tracked人工文件","package import、质量命令、运行入口或人工流程","见exports.csv或源码声明","见exports.csv与communications.csv","YAML/函数参数/上游契约","契约值、校验结果、运行调用或报告信号","目录对象/纯函数或生成过程局部状态","无直接数据库写或本AU不深审","无直接网络或本AU不深审","无事件或本AU不深审","无环境值读取；正式命令依赖本地node_modules","不替代业务授权；无则不适用","Node 22/npm workspace/TypeScript生成链；正式依赖本环境缺失","无未记录初始化写","见functions.csv；无或仅目录解析","无或不适用","见tests.csv；正式执行均环境阻塞","纯契约不持资源；generator/检查进程退出释放","校验失败抛错/进程退出；运行恢复留消费者专项","见tests.csv及对应*.test.ts/正式检查入口","源码分支已人工评估；正式执行因依赖缺失阻塞","summary/history及项目契约文档","文档只作线索，代码与生成结果优先","相关迁移/运行兼容留专项","未证明存在可安全替代","否；未满足G3十三项与独立复核","对应package、质量门禁或运行调用首先失败","[FACT] 人工文件已完成全文件深审"
"FILE-AU-007-029","01_core_hexin/packages/contract/src/provider/DomainRegistrar.test.ts","contract package","TypeScript源码","aac7f04278a94bdddf5f1677685f48ec8df33640","24","全文件逐行/逐记录深入审阅","Codex主审","2026-09-14","AU-007","CP-07","未发现独立问题","否（若后续升级则重排）","E-AU-007-002/003","是","提供契约、生成、检查或真实消费证据","Git tracked人工文件","package import、质量命令、运行入口或人工流程","见exports.csv或源码声明","见exports.csv与communications.csv","YAML/函数参数/上游契约","契约值、校验结果、运行调用或报告信号","目录对象/纯函数或生成过程局部状态","无直接数据库写或本AU不深审","无直接网络或本AU不深审","无事件或本AU不深审","无环境值读取；正式命令依赖本地node_modules","不替代业务授权；无则不适用","Node 22/npm workspace/TypeScript生成链；正式依赖本环境缺失","无未记录初始化写","见functions.csv；无或仅目录解析","无或不适用","见tests.csv；正式执行均环境阻塞","纯契约不持资源；generator/检查进程退出释放","校验失败抛错/进程退出；运行恢复留消费者专项","见tests.csv及对应*.test.ts/正式检查入口","源码分支已人工评估；正式执行因依赖缺失阻塞","summary/history及项目契约文档","文档只作线索，代码与生成结果优先","相关迁移/运行兼容留专项","未证明存在可安全替代","否；未满足G3十三项与独立复核","对应package、质量门禁或运行调用首先失败","[FACT] 人工文件已完成全文件深审"
"FILE-AU-007-030","01_core_hexin/packages/contract/src/provider/DomainRegistrar.ts","contract package","TypeScript源码","dbf1fd859fea12221c48ba98073720ff93422fae","94","全文件逐行/逐记录深入审阅","Codex主审","2026-09-14","AU-007","CP-07","未发现独立问题","否（若后续升级则重排）","E-AU-007-002/003","是","提供契约、生成、检查或真实消费证据","Git tracked人工文件","package import、质量命令、运行入口或人工流程","见exports.csv或源码声明","见exports.csv与communications.csv","YAML/函数参数/上游契约","契约值、校验结果、运行调用或报告信号","目录对象/纯函数或生成过程局部状态","无直接数据库写或本AU不深审","无直接网络或本AU不深审","无事件或本AU不深审","无环境值读取；正式命令依赖本地node_modules","不替代业务授权；无则不适用","Node 22/npm workspace/TypeScript生成链；正式依赖本环境缺失","无未记录初始化写","见functions.csv；无或仅目录解析","无或不适用","见tests.csv；正式执行均环境阻塞","纯契约不持资源；generator/检查进程退出释放","校验失败抛错/进程退出；运行恢复留消费者专项","见tests.csv及对应*.test.ts/正式检查入口","源码分支已人工评估；正式执行因依赖缺失阻塞","summary/history及项目契约文档","文档只作线索，代码与生成结果优先","相关迁移/运行兼容留专项","未证明存在可安全替代","否；未满足G3十三项与独立复核","对应package、质量门禁或运行调用首先失败","[FACT] 人工文件已完成全文件深审"
"FILE-AU-007-031","01_core_hexin/packages/contract/src/provider/Manifest.ts","contract package","TypeScript源码","26028edaeef8dc29724de9d50ef360b081fedf2f","46","全文件逐行/逐记录深入审阅","Codex主审","2026-09-14","AU-007","CP-07","未发现独立问题","否（若后续升级则重排）","E-AU-007-002/003","是","提供契约、生成、检查或真实消费证据","Git tracked人工文件","package import、质量命令、运行入口或人工流程","见exports.csv或源码声明","见exports.csv与communications.csv","YAML/函数参数/上游契约","契约值、校验结果、运行调用或报告信号","目录对象/纯函数或生成过程局部状态","无直接数据库写或本AU不深审","无直接网络或本AU不深审","无事件或本AU不深审","无环境值读取；正式命令依赖本地node_modules","不替代业务授权；无则不适用","Node 22/npm workspace/TypeScript生成链；正式依赖本环境缺失","无未记录初始化写","见functions.csv；无或仅目录解析","无或不适用","见tests.csv；正式执行均环境阻塞","纯契约不持资源；generator/检查进程退出释放","校验失败抛错/进程退出；运行恢复留消费者专项","见tests.csv及对应*.test.ts/正式检查入口","源码分支已人工评估；正式执行因依赖缺失阻塞","summary/history及项目契约文档","文档只作线索，代码与生成结果优先","相关迁移/运行兼容留专项","未证明存在可安全替代","否；未满足G3十三项与独立复核","对应package、质量门禁或运行调用首先失败","[FACT] 人工文件已完成全文件深审"
"FILE-AU-007-032","01_core_hexin/packages/contract/src/provider/Ports.ts","contract package","TypeScript源码","5aa4a1e16764a844e3908845ba5f21966d50725f","72","全文件逐行/逐记录深入审阅","Codex主审","2026-09-14","AU-007","CP-07","未发现独立问题","否（若后续升级则重排）","E-AU-007-002/003","是","提供契约、生成、检查或真实消费证据","Git tracked人工文件","package import、质量命令、运行入口或人工流程","见exports.csv或源码声明","见exports.csv与communications.csv","YAML/函数参数/上游契约","契约值、校验结果、运行调用或报告信号","目录对象/纯函数或生成过程局部状态","无直接数据库写或本AU不深审","无直接网络或本AU不深审","无事件或本AU不深审","无环境值读取；正式命令依赖本地node_modules","不替代业务授权；无则不适用","Node 22/npm workspace/TypeScript生成链；正式依赖本环境缺失","无未记录初始化写","见functions.csv；无或仅目录解析","无或不适用","见tests.csv；正式执行均环境阻塞","纯契约不持资源；generator/检查进程退出释放","校验失败抛错/进程退出；运行恢复留消费者专项","见tests.csv及对应*.test.ts/正式检查入口","源码分支已人工评估；正式执行因依赖缺失阻塞","summary/history及项目契约文档","文档只作线索，代码与生成结果优先","相关迁移/运行兼容留专项","未证明存在可安全替代","否；未满足G3十三项与独立复核","对应package、质量门禁或运行调用首先失败","[FACT] 人工文件已完成全文件深审"
"FILE-AU-007-033","01_core_hexin/packages/contract/src/provider/Provider.ts","contract package","TypeScript源码","7e3b900d3c61eca09adb8657ef68990e82eb81ac","19","全文件逐行/逐记录深入审阅","Codex主审","2026-09-14","AU-007","CP-07","未发现独立问题","否（若后续升级则重排）","E-AU-007-002/003","是","提供契约、生成、检查或真实消费证据","Git tracked人工文件","package import、质量命令、运行入口或人工流程","见exports.csv或源码声明","见exports.csv与communications.csv","YAML/函数参数/上游契约","契约值、校验结果、运行调用或报告信号","目录对象/纯函数或生成过程局部状态","无直接数据库写或本AU不深审","无直接网络或本AU不深审","无事件或本AU不深审","无环境值读取；正式命令依赖本地node_modules","不替代业务授权；无则不适用","Node 22/npm workspace/TypeScript生成链；正式依赖本环境缺失","无未记录初始化写","见functions.csv；无或仅目录解析","无或不适用","见tests.csv；正式执行均环境阻塞","纯契约不持资源；generator/检查进程退出释放","校验失败抛错/进程退出；运行恢复留消费者专项","见tests.csv及对应*.test.ts/正式检查入口","源码分支已人工评估；正式执行因依赖缺失阻塞","summary/history及项目契约文档","文档只作线索，代码与生成结果优先","相关迁移/运行兼容留专项","未证明存在可安全替代","否；未满足G3十三项与独立复核","对应package、质量门禁或运行调用首先失败","[FACT] 人工文件已完成全文件深审"
"FILE-AU-007-034","01_core_hexin/packages/contract/src/provider/ProviderCatalog.ts","contract package","TypeScript源码","16e93db73323fd58d495b0fe01ccfd6ce0af2d56","16","全文件逐行/逐记录深入审阅","Codex主审","2026-09-14","AU-007","CP-07","未发现独立问题","否（若后续升级则重排）","E-AU-007-002/003","是","提供契约、生成、检查或真实消费证据","Git tracked人工文件","package import、质量命令、运行入口或人工流程","见exports.csv或源码声明","见exports.csv与communications.csv","YAML/函数参数/上游契约","契约值、校验结果、运行调用或报告信号","目录对象/纯函数或生成过程局部状态","无直接数据库写或本AU不深审","无直接网络或本AU不深审","无事件或本AU不深审","无环境值读取；正式命令依赖本地node_modules","不替代业务授权；无则不适用","Node 22/npm workspace/TypeScript生成链；正式依赖本环境缺失","无未记录初始化写","见functions.csv；无或仅目录解析","无或不适用","见tests.csv；正式执行均环境阻塞","纯契约不持资源；generator/检查进程退出释放","校验失败抛错/进程退出；运行恢复留消费者专项","见tests.csv及对应*.test.ts/正式检查入口","源码分支已人工评估；正式执行因依赖缺失阻塞","summary/history及项目契约文档","文档只作线索，代码与生成结果优先","相关迁移/运行兼容留专项","未证明存在可安全替代","否；未满足G3十三项与独立复核","对应package、质量门禁或运行调用首先失败","[FACT] 人工文件已完成全文件深审"
"FILE-AU-007-035","01_core_hexin/packages/contract/src/schema/index.ts","contract package","TypeScript源码","1f078f29420f25a94828a94aa9fc93a6541868ac","160","全文件逐行/逐记录深入审阅","Codex主审","2026-09-14","AU-007","CP-07","P2","否（若后续升级则重排）","E-AU-007-005/006/007/008/009/010/011","是","提供契约、生成、检查或真实消费证据","Git tracked人工文件","package import、质量命令、运行入口或人工流程","见exports.csv或源码声明","见exports.csv与communications.csv","YAML/函数参数/上游契约","契约值、校验结果、运行调用或报告信号","目录对象/纯函数或生成过程局部状态","无直接数据库写或本AU不深审","无直接网络或本AU不深审","无事件或本AU不深审","无环境值读取；正式命令依赖本地node_modules","不替代业务授权；无则不适用","Node 22/npm workspace/TypeScript生成链；正式依赖本环境缺失","无未记录初始化写","见functions.csv；无或仅目录解析","无或不适用","见tests.csv；正式执行均环境阻塞","纯契约不持资源；generator/检查进程退出释放","校验失败抛错/进程退出；运行恢复留消费者专项","见tests.csv及对应*.test.ts/正式检查入口","源码分支已人工评估；正式执行因依赖缺失阻塞","summary/history及项目契约文档","文档只作线索，代码与生成结果优先","相关迁移/运行兼容留专项","未证明存在可安全替代","否；未满足G3十三项与独立复核","对应package、质量门禁或运行调用首先失败","[FACT] 人工文件已完成全文件深审；关联F-0038"
"FILE-AU-007-036","01_core_hexin/packages/contract/tsconfig.json","contract package","JSON","0f6383cab43123aeb6ab3f794db4c36deebb0dad","5","全文件逐行/逐记录深入审阅","Codex主审","2026-09-14","AU-007","CP-07","未发现独立问题","否（若后续升级则重排）","E-AU-007-002/003","是","提供契约、生成、检查或真实消费证据","Git tracked人工文件","package import、质量命令、运行入口或人工流程","见exports.csv或源码声明","见exports.csv与communications.csv","YAML/函数参数/上游契约","契约值、校验结果、运行调用或报告信号","目录对象/纯函数或生成过程局部状态","无直接数据库写或本AU不深审","无直接网络或本AU不深审","无事件或本AU不深审","无环境值读取；正式命令依赖本地node_modules","不替代业务授权；无则不适用","Node 22/npm workspace/TypeScript生成链；正式依赖本环境缺失","无未记录初始化写","见functions.csv；无或仅目录解析","无或不适用","见tests.csv；正式执行均环境阻塞","纯契约不持资源；generator/检查进程退出释放","校验失败抛错/进程退出；运行恢复留消费者专项","见tests.csv及对应*.test.ts/正式检查入口","源码分支已人工评估；正式执行因依赖缺失阻塞","summary/history及项目契约文档","文档只作线索，代码与生成结果优先","相关迁移/运行兼容留专项","未证明存在可安全替代","否；未满足G3十三项与独立复核","对应package、质量门禁或运行调用首先失败","[FACT] 人工文件已完成全文件深审"
"FILE-AU-007-037","04_tools/tools/contractgen/package.json","contractgen","JSON","ba964b64845b31f8fa7c737dc7c3a0e4c312baf7","26","全文件逐行/逐记录深入审阅","Codex主审","2026-09-14","AU-007","CP-07","未发现独立问题","否（若后续升级则重排）","E-AU-007-002/003","是","提供契约、生成、检查或真实消费证据","Git tracked人工文件","package import、质量命令、运行入口或人工流程","见exports.csv或源码声明","见exports.csv与communications.csv","YAML/函数参数/上游契约","契约值、校验结果、运行调用或报告信号","目录对象/纯函数或生成过程局部状态","无直接数据库写或本AU不深审","无直接网络或本AU不深审","无事件或本AU不深审","无环境值读取；正式命令依赖本地node_modules","不替代业务授权；无则不适用","Node 22/npm workspace/TypeScript生成链；正式依赖本环境缺失","无未记录初始化写","见functions.csv；无或仅目录解析","无或不适用","见tests.csv；正式执行均环境阻塞","纯契约不持资源；generator/检查进程退出释放","校验失败抛错/进程退出；运行恢复留消费者专项","见tests.csv及对应*.test.ts/正式检查入口","源码分支已人工评估；正式执行因依赖缺失阻塞","summary/history及项目契约文档","文档只作线索，代码与生成结果优先","相关迁移/运行兼容留专项","未证明存在可安全替代","否；未满足G3十三项与独立复核","对应package、质量门禁或运行调用首先失败","[FACT] 人工文件已完成全文件深审"
"FILE-AU-007-038","04_tools/tools/contractgen/src/ClientArtifacts.test.ts","contractgen","TypeScript源码","785e8b5ff68a6d24331518c10a2577797f3eb468","47","全文件逐行/逐记录深入审阅","Codex主审","2026-09-14","AU-007","CP-07","P3","否（若后续升级则重排）","E-AU-007-005/006/007/008/009/010/011","是","提供契约、生成、检查或真实消费证据","Git tracked人工文件","package import、质量命令、运行入口或人工流程","见exports.csv或源码声明","见exports.csv与communications.csv","YAML/函数参数/上游契约","契约值、校验结果、运行调用或报告信号","目录对象/纯函数或生成过程局部状态","无直接数据库写或本AU不深审","无直接网络或本AU不深审","无事件或本AU不深审","无环境值读取；正式命令依赖本地node_modules","不替代业务授权；无则不适用","Node 22/npm workspace/TypeScript生成链；正式依赖本环境缺失","无未记录初始化写","见functions.csv；无或仅目录解析","无或不适用","见tests.csv；正式执行均环境阻塞","纯契约不持资源；generator/检查进程退出释放","校验失败抛错/进程退出；运行恢复留消费者专项","见tests.csv及对应*.test.ts/正式检查入口","源码分支已人工评估；正式执行因依赖缺失阻塞","summary/history及项目契约文档","文档只作线索，代码与生成结果优先","相关迁移/运行兼容留专项","未证明存在可安全替代","否；未满足G3十三项与独立复核","对应package、质量门禁或运行调用首先失败","[FACT] 人工文件已完成全文件深审；关联F-0042"
"FILE-AU-007-039","04_tools/tools/contractgen/src/ClientArtifacts.ts","contractgen","TypeScript源码","4c1cd5a36c58a6ed48e5bd8bd6026140d1904c2b","291","全文件逐行/逐记录深入审阅","Codex主审","2026-09-14","AU-007","CP-07","P2","否（若后续升级则重排）","E-AU-007-005/006/007/008/009/010/011","是","提供契约、生成、检查或真实消费证据","Git tracked人工文件","package import、质量命令、运行入口或人工流程","见exports.csv或源码声明","见exports.csv与communications.csv","YAML/函数参数/上游契约","契约值、校验结果、运行调用或报告信号","目录对象/纯函数或生成过程局部状态","无直接数据库写或本AU不深审","无直接网络或本AU不深审","无事件或本AU不深审","无环境值读取；正式命令依赖本地node_modules","不替代业务授权；无则不适用","Node 22/npm workspace/TypeScript生成链；正式依赖本环境缺失","无未记录初始化写","见functions.csv；无或仅目录解析","无或不适用","见tests.csv；正式执行均环境阻塞","纯契约不持资源；generator/检查进程退出释放","校验失败抛错/进程退出；运行恢复留消费者专项","见tests.csv及对应*.test.ts/正式检查入口","源码分支已人工评估；正式执行因依赖缺失阻塞","summary/history及项目契约文档","文档只作线索，代码与生成结果优先","相关迁移/运行兼容留专项","未证明存在可安全替代","否；未满足G3十三项与独立复核","对应package、质量门禁或运行调用首先失败","[FACT] 人工文件已完成全文件深审；关联F-0038"
"FILE-AU-007-040","04_tools/tools/contractgen/src/ContractGenerator.ts","contractgen","TypeScript源码","650a653348a4463bf1e69f142d70145dc738f8a0","505","全文件逐行/逐记录深入审阅","Codex主审","2026-09-14","AU-007","CP-07","P2","否（若后续升级则重排）","E-AU-007-005/006/007/008/009/010/011","是","提供契约、生成、检查或真实消费证据","Git tracked人工文件","package import、质量命令、运行入口或人工流程","见exports.csv或源码声明","见exports.csv与communications.csv","YAML/函数参数/上游契约","契约值、校验结果、运行调用或报告信号","目录对象/纯函数或生成过程局部状态","无直接数据库写或本AU不深审","无直接网络或本AU不深审","无事件或本AU不深审","无环境值读取；正式命令依赖本地node_modules","不替代业务授权；无则不适用","Node 22/npm workspace/TypeScript生成链；正式依赖本环境缺失","顶层读取目录并在非--check模式写多目标","见functions.csv；无或仅目录解析","路由/事件/生成/门禁注册职责已记录","见tests.csv；正式执行均环境阻塞","纯契约不持资源；generator/检查进程退出释放","check模式只读；写模式后段失败非原子F-0042","见tests.csv及对应*.test.ts/正式检查入口","源码分支已人工评估；正式执行因依赖缺失阻塞","summary/history及项目契约文档","文档只作线索，代码与生成结果优先","公共package/版本/frozen/生成兼容责任未排除","未证明存在可安全替代","否；未满足G3十三项与独立复核","对应package、质量门禁或运行调用首先失败","[FACT] 人工文件已完成全文件深审；关联F-0039/F-0040/F-0041/F-0042"
"FILE-AU-007-041","04_tools/tools/contractgen/tsconfig.json","contractgen","JSON","12c811d74f8af63ccfd37b7a19282712f9df73b8","5","全文件逐行/逐记录深入审阅","Codex主审","2026-09-14","AU-007","CP-07","未发现独立问题","否（若后续升级则重排）","E-AU-007-002/003","是","提供契约、生成、检查或真实消费证据","Git tracked人工文件","package import、质量命令、运行入口或人工流程","见exports.csv或源码声明","见exports.csv与communications.csv","YAML/函数参数/上游契约","契约值、校验结果、运行调用或报告信号","目录对象/纯函数或生成过程局部状态","无直接数据库写或本AU不深审","无直接网络或本AU不深审","无事件或本AU不深审","无环境值读取；正式命令依赖本地node_modules","不替代业务授权；无则不适用","Node 22/npm workspace/TypeScript生成链；正式依赖本环境缺失","无未记录初始化写","见functions.csv；无或仅目录解析","无或不适用","见tests.csv；正式执行均环境阻塞","纯契约不持资源；generator/检查进程退出释放","校验失败抛错/进程退出；运行恢复留消费者专项","见tests.csv及对应*.test.ts/正式检查入口","源码分支已人工评估；正式执行因依赖缺失阻塞","summary/history及项目契约文档","文档只作线索，代码与生成结果优先","相关迁移/运行兼容留专项","未证明存在可安全替代","否；未满足G3十三项与独立复核","对应package、质量门禁或运行调用首先失败","[FACT] 人工文件已完成全文件深审"
"FILE-AU-007-042","01_core_hexin/packages/contract/events.json","contract package","JSON","304a7c2f4728b48ee1dda14840e1232cd332adb5","340","自动生成；核对来源、数量、关键字段与消费者","Codex主审","2026-09-14","AU-007","CP-07","未发现独立问题","否（若后续升级则重排）","E-AU-007-002/003","是","由权威目录生成运行/客户端/数据库投影","contractgen或声明生成链","生成/导入/运行时加载","生成的Operation/Event/Error/API/SDK/SQL投影","仅记录本AU相关消费者","声明源、HTTP输入、数据库或历史状态","静态生成投影","不在本AU推断外部模块完整状态","无直接数据库写或本AU不深审","无直接网络或本AU不深审","见events.csv/communications.csv","无环境值读取；正式命令依赖本地node_modules","不替代业务授权；无则不适用","Node 22/npm workspace/TypeScript生成链；正式依赖本环境缺失","模块导入创建冻结目录/工厂；无写入","可能构建Map/Object；不写外部状态","无或不适用","生产加载生成物；测试多数直接读目录，差异见F-0038","纯契约不持资源；generator/检查进程退出释放","校验失败抛错/进程退出；运行恢复留消费者专项","见tests.csv及对应*.test.ts/正式检查入口","源码分支已人工评估；正式执行因依赖缺失阻塞","summary/history及项目契约文档","文档只作线索，代码与生成结果优先","公共package/版本/frozen/生成兼容责任未排除","未证明存在可安全替代","否；未满足G3十三项与独立复核","生成/编译/路由/SDK/数据库发布首先漂移","[FACT] 自动生成，已核对来源与结构；排除逐行风格审阅"
"FILE-AU-007-043","01_core_hexin/packages/contract/openapi.json","contract package","JSON","1100171da548b516c3491166aced645f205ac237","69349","自动生成；核对来源、数量、关键字段与消费者","Codex主审","2026-09-14","AU-007","CP-07","P2","否（若后续升级则重排）","E-AU-007-005/006/007/008/009/010/011","是","由权威目录生成运行/客户端/数据库投影","contractgen或声明生成链","生成/导入/运行时加载","生成的Operation/Event/Error/API/SDK/SQL投影","仅记录本AU相关消费者","声明源、HTTP输入、数据库或历史状态","静态生成投影","不在本AU推断外部模块完整状态","无直接数据库写或本AU不深审","无直接网络或本AU不深审","无事件或本AU不深审","无环境值读取；正式命令依赖本地node_modules","不替代业务授权；无则不适用","Node 22/npm workspace/TypeScript生成链；正式依赖本环境缺失","模块导入创建冻结目录/工厂；无写入","可能构建Map/Object；不写外部状态","无或不适用","生产加载生成物；测试多数直接读目录，差异见F-0038","纯契约不持资源；generator/检查进程退出释放","校验失败抛错/进程退出；运行恢复留消费者专项","见tests.csv及对应*.test.ts/正式检查入口","源码分支已人工评估；正式执行因依赖缺失阻塞","summary/history及项目契约文档","文档只作线索，代码与生成结果优先","公共package/版本/frozen/生成兼容责任未排除","未证明存在可安全替代","否；未满足G3十三项与独立复核","生成/编译/路由/SDK/数据库发布首先漂移","[FACT] 自动生成，已核对来源与结构；排除逐行风格审阅；关联F-0038"
"FILE-AU-007-044","01_core_hexin/packages/contract/src/ContractIdentity.generated.ts","contract package","TypeScript源码","37db3e50abdc3d5af041f595771e292fcad895c2","3","自动生成；核对来源、数量、关键字段与消费者","Codex主审","2026-09-14","AU-007","CP-07","P2","否（若后续升级则重排）","E-AU-007-005/006/007/008/009/010/011","是","由权威目录生成运行/客户端/数据库投影","contractgen或声明生成链","生成/导入/运行时加载","生成的Operation/Event/Error/API/SDK/SQL投影","仅记录本AU相关消费者","声明源、HTTP输入、数据库或历史状态","静态生成投影","不在本AU推断外部模块完整状态","无直接数据库写或本AU不深审","无直接网络或本AU不深审","无事件或本AU不深审","无环境值读取；正式命令依赖本地node_modules","不替代业务授权；无则不适用","Node 22/npm workspace/TypeScript生成链；正式依赖本环境缺失","模块导入创建冻结目录/工厂；无写入","可能构建Map/Object；不写外部状态","无或不适用","生产加载生成物；测试多数直接读目录，差异见F-0038","纯契约不持资源；generator/检查进程退出释放","校验失败抛错/进程退出；运行恢复留消费者专项","见tests.csv及对应*.test.ts/正式检查入口","源码分支已人工评估；正式执行因依赖缺失阻塞","summary/history及项目契约文档","文档只作线索，代码与生成结果优先","公共package/版本/frozen/生成兼容责任未排除","未证明存在可安全替代","否；未满足G3十三项与独立复核","生成/编译/路由/SDK/数据库发布首先漂移","[FACT] 自动生成，已核对来源与结构；排除逐行风格审阅；关联F-0039"
"FILE-AU-007-045","01_core_hexin/packages/contract/src/ErrorContract.generated.ts","contract package","TypeScript源码","54214167259be7d01acc3dae80cb50228079c527","1449","自动生成；核对来源、数量、关键字段与消费者","Codex主审","2026-09-14","AU-007","CP-07","P2","否（若后续升级则重排）","E-AU-007-005/006/007/008/009/010/011","是","由权威目录生成运行/客户端/数据库投影","contractgen或声明生成链","生成/导入/运行时加载","生成的Operation/Event/Error/API/SDK/SQL投影","仅记录本AU相关消费者","声明源、HTTP输入、数据库或历史状态","静态生成投影","不在本AU推断外部模块完整状态","无直接数据库写或本AU不深审","无直接网络或本AU不深审","无事件或本AU不深审","无环境值读取；正式命令依赖本地node_modules","不替代业务授权；无则不适用","Node 22/npm workspace/TypeScript生成链；正式依赖本环境缺失","模块导入创建冻结目录/工厂；无写入","可能构建Map/Object；不写外部状态","无或不适用","生产加载生成物；测试多数直接读目录，差异见F-0038","纯契约不持资源；generator/检查进程退出释放","校验失败抛错/进程退出；运行恢复留消费者专项","见tests.csv及对应*.test.ts/正式检查入口","源码分支已人工评估；正式执行因依赖缺失阻塞","summary/history及项目契约文档","文档只作线索，代码与生成结果优先","公共package/版本/frozen/生成兼容责任未排除","未证明存在可安全替代","否；未满足G3十三项与独立复核","生成/编译/路由/SDK/数据库发布首先漂移","[FACT] 自动生成，已核对来源与结构；排除逐行风格审阅；关联F-0037"
"FILE-AU-007-046","01_core_hexin/packages/contract/src/RequirementCatalog.generated.ts","contract package","TypeScript源码","72f573f0af97b75f956da48c10292ae489e61989","9","自动生成；核对来源、数量、关键字段与消费者","Codex主审","2026-09-14","AU-007","CP-07","未发现独立问题","否（若后续升级则重排）","E-AU-007-002/003","是","由权威目录生成运行/客户端/数据库投影","requirementgen（本AU仅登记）","生成/导入/运行时加载","生成的Operation/Event/Error/API/SDK/SQL投影","仅记录本AU相关消费者","声明源、HTTP输入、数据库或历史状态","静态生成投影","不在本AU推断外部模块完整状态","无直接数据库写或本AU不深审","无直接网络或本AU不深审","无事件或本AU不深审","无环境值读取；正式命令依赖本地node_modules","不替代业务授权；无则不适用","Node 22/npm workspace/TypeScript生成链；正式依赖本环境缺失","模块导入创建冻结目录/工厂；无写入","可能构建Map/Object；不写外部状态","无或不适用","生产加载生成物；测试多数直接读目录，差异见F-0038","纯契约不持资源；generator/检查进程退出释放","校验失败抛错/进程退出；运行恢复留消费者专项","见tests.csv及对应*.test.ts/正式检查入口","源码分支已人工评估；正式执行因依赖缺失阻塞","summary/history及项目契约文档","文档只作线索，代码与生成结果优先","公共package/版本/frozen/生成兼容责任未排除","未证明存在可安全替代","否；未满足G3十三项与独立复核","生成/编译/路由/SDK/数据库发布首先漂移","[FACT] 自动生成，已核对来源与结构；排除逐行风格审阅"
"FILE-AU-007-047","01_core_hexin/packages/contract/src/EventSerializer.ts","contract package","TypeScript源码","b88ff6cb123b8d876764b77b7a48ca78a26f5afe","83","自动生成；核对来源、数量、关键字段与消费者","Codex主审","2026-09-14","AU-007","CP-07","未发现独立问题","否（若后续升级则重排）","E-AU-007-002/003","是","由权威目录生成运行/客户端/数据库投影","contractgen或声明生成链","生成/导入/运行时加载","生成的Operation/Event/Error/API/SDK/SQL投影","仅记录本AU相关消费者","声明源、HTTP输入、数据库或历史状态","静态生成投影","不在本AU推断外部模块完整状态","无直接数据库写或本AU不深审","无直接网络或本AU不深审","见events.csv/communications.csv","无环境值读取；正式命令依赖本地node_modules","不替代业务授权；无则不适用","Node 22/npm workspace/TypeScript生成链；正式依赖本环境缺失","模块导入创建冻结目录/工厂；无写入","可能构建Map/Object；不写外部状态","无或不适用","生产加载生成物；测试多数直接读目录，差异见F-0038","纯契约不持资源；generator/检查进程退出释放","校验失败抛错/进程退出；运行恢复留消费者专项","见tests.csv及对应*.test.ts/正式检查入口","源码分支已人工评估；正式执行因依赖缺失阻塞","summary/history及项目契约文档","文档只作线索，代码与生成结果优先","公共package/版本/frozen/生成兼容责任未排除","未证明存在可安全替代","否；未满足G3十三项与独立复核","生成/编译/路由/SDK/数据库发布首先漂移","[FACT] 自动生成，已核对来源与结构；排除逐行风格审阅"
"FILE-AU-007-048","01_core_hexin/packages/contract/src/events/CommerceEvents.ts","contract package","TypeScript源码","b31073ab43aa3081f6efd6a9edf2524b5775d807","72","自动生成；核对来源、数量、关键字段与消费者","Codex主审","2026-09-14","AU-007","CP-07","未发现独立问题","否（若后续升级则重排）","E-AU-007-002/003","是","由权威目录生成运行/客户端/数据库投影","contractgen或声明生成链","生成/导入/运行时加载","生成的Operation/Event/Error/API/SDK/SQL投影","仅记录本AU相关消费者","声明源、HTTP输入、数据库或历史状态","静态生成投影","不在本AU推断外部模块完整状态","无直接数据库写或本AU不深审","无直接网络或本AU不深审","见events.csv/communications.csv","无环境值读取；正式命令依赖本地node_modules","不替代业务授权；无则不适用","Node 22/npm workspace/TypeScript生成链；正式依赖本环境缺失","模块导入创建冻结目录/工厂；无写入","可能构建Map/Object；不写外部状态","无或不适用","生产加载生成物；测试多数直接读目录，差异见F-0038","纯契约不持资源；generator/检查进程退出释放","校验失败抛错/进程退出；运行恢复留消费者专项","见tests.csv及对应*.test.ts/正式检查入口","源码分支已人工评估；正式执行因依赖缺失阻塞","summary/history及项目契约文档","文档只作线索，代码与生成结果优先","公共package/版本/frozen/生成兼容责任未排除","未证明存在可安全替代","否；未满足G3十三项与独立复核","生成/编译/路由/SDK/数据库发布首先漂移","[FACT] 自动生成，已核对来源与结构；排除逐行风格审阅"
"FILE-AU-007-049","01_core_hexin/packages/contract/src/operations/CommerceOperations.ts","contract package","TypeScript源码","6ae53f699c8c23ec60a1b2e303e6c21c96da0382","23975","自动生成；核对来源、数量、关键字段与消费者","Codex主审","2026-09-14","AU-007","CP-07","未发现独立问题","否（若后续升级则重排）","E-AU-007-002/003","是","由权威目录生成运行/客户端/数据库投影","contractgen或声明生成链","生成/导入/运行时加载","生成的Operation/Event/Error/API/SDK/SQL投影","仅记录本AU相关消费者","声明源、HTTP输入、数据库或历史状态","静态生成投影","不在本AU推断外部模块完整状态","无直接数据库写或本AU不深审","无直接网络或本AU不深审","无事件或本AU不深审","无环境值读取；正式命令依赖本地node_modules","permission/audience/capability链见F-0036","Node 22/npm workspace/TypeScript生成链；正式依赖本环境缺失","模块导入创建冻结目录/工厂；无写入","可能构建Map/Object；不写外部状态","无或不适用","生产加载生成物；测试多数直接读目录，差异见F-0038","纯契约不持资源；generator/检查进程退出释放","校验失败抛错/进程退出；运行恢复留消费者专项","见tests.csv及对应*.test.ts/正式检查入口","源码分支已人工评估；正式执行因依赖缺失阻塞","summary/history及项目契约文档","文档只作线索，代码与生成结果优先","公共package/版本/frozen/生成兼容责任未排除","未证明存在可安全替代","否；未满足G3十三项与独立复核","生成/编译/路由/SDK/数据库发布首先漂移","[FACT] 自动生成，已核对来源与结构；排除逐行风格审阅"
"FILE-AU-007-050","01_core_hexin/packages/contract/src/operations/CommerceSchemas.ts","contract package","TypeScript源码","9e27d5c50452ac2ef70dfaeaeba6f34dc23eb3c9","637","自动生成；核对来源、数量、关键字段与消费者","Codex主审","2026-09-14","AU-007","CP-07","P2","否（若后续升级则重排）","E-AU-007-005/006/007/008/009/010/011","是","由权威目录生成运行/客户端/数据库投影","contractgen或声明生成链","生成/导入/运行时加载","生成的Operation/Event/Error/API/SDK/SQL投影","仅记录本AU相关消费者","声明源、HTTP输入、数据库或历史状态","静态生成投影","不在本AU推断外部模块完整状态","无直接数据库写或本AU不深审","无直接网络或本AU不深审","无事件或本AU不深审","无环境值读取；正式命令依赖本地node_modules","permission/audience/capability链见F-0036","Node 22/npm workspace/TypeScript生成链；正式依赖本环境缺失","模块导入创建冻结目录/工厂；无写入","可能构建Map/Object；不写外部状态","无或不适用","生产加载生成物；测试多数直接读目录，差异见F-0038","纯契约不持资源；generator/检查进程退出释放","校验失败抛错/进程退出；运行恢复留消费者专项","见tests.csv及对应*.test.ts/正式检查入口","源码分支已人工评估；正式执行因依赖缺失阻塞","summary/history及项目契约文档","文档只作线索，代码与生成结果优先","公共package/版本/frozen/生成兼容责任未排除","未证明存在可安全替代","否；未满足G3十三项与独立复核","生成/编译/路由/SDK/数据库发布首先漂移","[FACT] 自动生成，已核对来源与结构；排除逐行风格审阅；关联F-0038"
"FILE-AU-007-051","01_core_hexin/packages/sdk/src/operations/CommerceClient.generated.ts","SDK生成面","TypeScript源码","e97ba93562c64ee5c0bd3eab7c8355ce9658270d","497","自动生成；核对来源、数量、关键字段与消费者","Codex主审","2026-09-14","AU-007","CP-07","未发现独立问题","否（若后续升级则重排）","E-AU-007-002/003","是","由权威目录生成运行/客户端/数据库投影","contractgen或声明生成链","生成/导入/运行时加载","生成的Operation/Event/Error/API/SDK/SQL投影","仅记录本AU相关消费者","声明源、HTTP输入、数据库或历史状态","静态生成投影","不在本AU推断外部模块完整状态","无直接数据库写或本AU不深审","无直接网络或本AU不深审","无事件或本AU不深审","无环境值读取；正式命令依赖本地node_modules","permission/audience/capability链见F-0036","Node 22/npm workspace/TypeScript生成链；正式依赖本环境缺失","模块导入创建冻结目录/工厂；无写入","可能构建Map/Object；不写外部状态","无或不适用","生产加载生成物；测试多数直接读目录，差异见F-0038","纯契约不持资源；generator/检查进程退出释放","校验失败抛错/进程退出；运行恢复留消费者专项","见tests.csv及对应*.test.ts/正式检查入口","源码分支已人工评估；正式执行因依赖缺失阻塞","summary/history及项目契约文档","文档只作线索，代码与生成结果优先","公共package/版本/frozen/生成兼容责任未排除","未证明存在可安全替代","否；未满足G3十三项与独立复核","生成/编译/路由/SDK/数据库发布首先漂移","[FACT] 自动生成，已核对来源与结构；排除逐行风格审阅"
"FILE-AU-007-052","01_core_hexin/packages/sdk/src/operations/access.ts","SDK生成面","TypeScript源码","2401ca41daa298a3ac55647c9e88a4044bdf5e76","174","自动生成；核对来源、数量、关键字段与消费者","Codex主审","2026-09-14","AU-007","CP-07","未发现独立问题","否（若后续升级则重排）","E-AU-007-002/003","是","由权威目录生成运行/客户端/数据库投影","contractgen或声明生成链","生成/导入/运行时加载","生成的Operation/Event/Error/API/SDK/SQL投影","仅记录本AU相关消费者","声明源、HTTP输入、数据库或历史状态","静态生成投影","不在本AU推断外部模块完整状态","无直接数据库写或本AU不深审","无直接网络或本AU不深审","无事件或本AU不深审","无环境值读取；正式命令依赖本地node_modules","permission/audience/capability链见F-0036","Node 22/npm workspace/TypeScript生成链；正式依赖本环境缺失","模块导入创建冻结目录/工厂；无写入","可能构建Map/Object；不写外部状态","无或不适用","生产加载生成物；测试多数直接读目录，差异见F-0038","纯契约不持资源；generator/检查进程退出释放","校验失败抛错/进程退出；运行恢复留消费者专项","见tests.csv及对应*.test.ts/正式检查入口","源码分支已人工评估；正式执行因依赖缺失阻塞","summary/history及项目契约文档","文档只作线索，代码与生成结果优先","公共package/版本/frozen/生成兼容责任未排除","未证明存在可安全替代","否；未满足G3十三项与独立复核","生成/编译/路由/SDK/数据库发布首先漂移","[FACT] 自动生成，已核对来源与结构；排除逐行风格审阅"
"FILE-AU-007-053","01_core_hexin/packages/sdk/src/operations/approval.ts","SDK生成面","TypeScript源码","15bff199908005f97a5a49a06023c1e2e4bbf64e","130","自动生成；核对来源、数量、关键字段与消费者","Codex主审","2026-09-14","AU-007","CP-07","未发现独立问题","否（若后续升级则重排）","E-AU-007-002/003","是","由权威目录生成运行/客户端/数据库投影","contractgen或声明生成链","生成/导入/运行时加载","生成的Operation/Event/Error/API/SDK/SQL投影","仅记录本AU相关消费者","声明源、HTTP输入、数据库或历史状态","静态生成投影","不在本AU推断外部模块完整状态","无直接数据库写或本AU不深审","无直接网络或本AU不深审","无事件或本AU不深审","无环境值读取；正式命令依赖本地node_modules","permission/audience/capability链见F-0036","Node 22/npm workspace/TypeScript生成链；正式依赖本环境缺失","模块导入创建冻结目录/工厂；无写入","可能构建Map/Object；不写外部状态","无或不适用","生产加载生成物；测试多数直接读目录，差异见F-0038","纯契约不持资源；generator/检查进程退出释放","校验失败抛错/进程退出；运行恢复留消费者专项","见tests.csv及对应*.test.ts/正式检查入口","源码分支已人工评估；正式执行因依赖缺失阻塞","summary/history及项目契约文档","文档只作线索，代码与生成结果优先","公共package/版本/frozen/生成兼容责任未排除","未证明存在可安全替代","否；未满足G3十三项与独立复核","生成/编译/路由/SDK/数据库发布首先漂移","[FACT] 自动生成，已核对来源与结构；排除逐行风格审阅"
"FILE-AU-007-054","01_core_hexin/packages/sdk/src/operations/audit.ts","SDK生成面","TypeScript源码","51b1244d5086ae843a5432ed00971ba788a5b5a3","31","自动生成；核对来源、数量、关键字段与消费者","Codex主审","2026-09-14","AU-007","CP-07","未发现独立问题","否（若后续升级则重排）","E-AU-007-002/003","是","由权威目录生成运行/客户端/数据库投影","contractgen或声明生成链","生成/导入/运行时加载","生成的Operation/Event/Error/API/SDK/SQL投影","仅记录本AU相关消费者","声明源、HTTP输入、数据库或历史状态","静态生成投影","不在本AU推断外部模块完整状态","无直接数据库写或本AU不深审","无直接网络或本AU不深审","无事件或本AU不深审","无环境值读取；正式命令依赖本地node_modules","permission/audience/capability链见F-0036","Node 22/npm workspace/TypeScript生成链；正式依赖本环境缺失","模块导入创建冻结目录/工厂；无写入","可能构建Map/Object；不写外部状态","无或不适用","生产加载生成物；测试多数直接读目录，差异见F-0038","纯契约不持资源；generator/检查进程退出释放","校验失败抛错/进程退出；运行恢复留消费者专项","见tests.csv及对应*.test.ts/正式检查入口","源码分支已人工评估；正式执行因依赖缺失阻塞","summary/history及项目契约文档","文档只作线索，代码与生成结果优先","公共package/版本/frozen/生成兼容责任未排除","未证明存在可安全替代","否；未满足G3十三项与独立复核","生成/编译/路由/SDK/数据库发布首先漂移","[FACT] 自动生成，已核对来源与结构；排除逐行风格审阅"
"FILE-AU-007-055","01_core_hexin/packages/sdk/src/operations/benefit.ts","SDK生成面","TypeScript源码","a70a978c632b21d7c632fdf833bf59673ed8a2a7","152","自动生成；核对来源、数量、关键字段与消费者","Codex主审","2026-09-14","AU-007","CP-07","未发现独立问题","否（若后续升级则重排）","E-AU-007-002/003","是","由权威目录生成运行/客户端/数据库投影","contractgen或声明生成链","生成/导入/运行时加载","生成的Operation/Event/Error/API/SDK/SQL投影","仅记录本AU相关消费者","声明源、HTTP输入、数据库或历史状态","静态生成投影","不在本AU推断外部模块完整状态","无直接数据库写或本AU不深审","无直接网络或本AU不深审","无事件或本AU不深审","无环境值读取；正式命令依赖本地node_modules","permission/audience/capability链见F-0036","Node 22/npm workspace/TypeScript生成链；正式依赖本环境缺失","模块导入创建冻结目录/工厂；无写入","可能构建Map/Object；不写外部状态","无或不适用","生产加载生成物；测试多数直接读目录，差异见F-0038","纯契约不持资源；generator/检查进程退出释放","校验失败抛错/进程退出；运行恢复留消费者专项","见tests.csv及对应*.test.ts/正式检查入口","源码分支已人工评估；正式执行因依赖缺失阻塞","summary/history及项目契约文档","文档只作线索，代码与生成结果优先","公共package/版本/frozen/生成兼容责任未排除","未证明存在可安全替代","否；未满足G3十三项与独立复核","生成/编译/路由/SDK/数据库发布首先漂移","[FACT] 自动生成，已核对来源与结构；排除逐行风格审阅"
"FILE-AU-007-056","01_core_hexin/packages/sdk/src/operations/capability.ts","SDK生成面","TypeScript源码","52c1ca245e6dc23af55b6fb4838ff8af8fb59b78","42","自动生成；核对来源、数量、关键字段与消费者","Codex主审","2026-09-14","AU-007","CP-07","未发现独立问题","否（若后续升级则重排）","E-AU-007-002/003","是","由权威目录生成运行/客户端/数据库投影","contractgen或声明生成链","生成/导入/运行时加载","生成的Operation/Event/Error/API/SDK/SQL投影","仅记录本AU相关消费者","声明源、HTTP输入、数据库或历史状态","静态生成投影","不在本AU推断外部模块完整状态","无直接数据库写或本AU不深审","无直接网络或本AU不深审","无事件或本AU不深审","无环境值读取；正式命令依赖本地node_modules","permission/audience/capability链见F-0036","Node 22/npm workspace/TypeScript生成链；正式依赖本环境缺失","模块导入创建冻结目录/工厂；无写入","可能构建Map/Object；不写外部状态","无或不适用","生产加载生成物；测试多数直接读目录，差异见F-0038","纯契约不持资源；generator/检查进程退出释放","校验失败抛错/进程退出；运行恢复留消费者专项","见tests.csv及对应*.test.ts/正式检查入口","源码分支已人工评估；正式执行因依赖缺失阻塞","summary/history及项目契约文档","文档只作线索，代码与生成结果优先","公共package/版本/frozen/生成兼容责任未排除","未证明存在可安全替代","否；未满足G3十三项与独立复核","生成/编译/路由/SDK/数据库发布首先漂移","[FACT] 自动生成，已核对来源与结构；排除逐行风格审阅"
"FILE-AU-007-057","01_core_hexin/packages/sdk/src/operations/cart.ts","SDK生成面","TypeScript源码","e2fad5ec10c12a72aea5e1381f9a969b37b23e03","53","自动生成；核对来源、数量、关键字段与消费者","Codex主审","2026-09-14","AU-007","CP-07","未发现独立问题","否（若后续升级则重排）","E-AU-007-002/003","是","由权威目录生成运行/客户端/数据库投影","contractgen或声明生成链","生成/导入/运行时加载","生成的Operation/Event/Error/API/SDK/SQL投影","仅记录本AU相关消费者","声明源、HTTP输入、数据库或历史状态","静态生成投影","不在本AU推断外部模块完整状态","无直接数据库写或本AU不深审","无直接网络或本AU不深审","无事件或本AU不深审","无环境值读取；正式命令依赖本地node_modules","permission/audience/capability链见F-0036","Node 22/npm workspace/TypeScript生成链；正式依赖本环境缺失","模块导入创建冻结目录/工厂；无写入","可能构建Map/Object；不写外部状态","无或不适用","生产加载生成物；测试多数直接读目录，差异见F-0038","纯契约不持资源；generator/检查进程退出释放","校验失败抛错/进程退出；运行恢复留消费者专项","见tests.csv及对应*.test.ts/正式检查入口","源码分支已人工评估；正式执行因依赖缺失阻塞","summary/history及项目契约文档","文档只作线索，代码与生成结果优先","公共package/版本/frozen/生成兼容责任未排除","未证明存在可安全替代","否；未满足G3十三项与独立复核","生成/编译/路由/SDK/数据库发布首先漂移","[FACT] 自动生成，已核对来源与结构；排除逐行风格审阅"
"FILE-AU-007-058","01_core_hexin/packages/sdk/src/operations/catalog.ts","SDK生成面","TypeScript源码","a44d51caa4448f9ba7c6c277a6922d63e66b4549","163","自动生成；核对来源、数量、关键字段与消费者","Codex主审","2026-09-14","AU-007","CP-07","未发现独立问题","否（若后续升级则重排）","E-AU-007-002/003","是","由权威目录生成运行/客户端/数据库投影","contractgen或声明生成链","生成/导入/运行时加载","生成的Operation/Event/Error/API/SDK/SQL投影","仅记录本AU相关消费者","声明源、HTTP输入、数据库或历史状态","静态生成投影","不在本AU推断外部模块完整状态","无直接数据库写或本AU不深审","无直接网络或本AU不深审","无事件或本AU不深审","无环境值读取；正式命令依赖本地node_modules","permission/audience/capability链见F-0036","Node 22/npm workspace/TypeScript生成链；正式依赖本环境缺失","模块导入创建冻结目录/工厂；无写入","可能构建Map/Object；不写外部状态","无或不适用","生产加载生成物；测试多数直接读目录，差异见F-0038","纯契约不持资源；generator/检查进程退出释放","校验失败抛错/进程退出；运行恢复留消费者专项","见tests.csv及对应*.test.ts/正式检查入口","源码分支已人工评估；正式执行因依赖缺失阻塞","summary/history及项目契约文档","文档只作线索，代码与生成结果优先","公共package/版本/frozen/生成兼容责任未排除","未证明存在可安全替代","否；未满足G3十三项与独立复核","生成/编译/路由/SDK/数据库发布首先漂移","[FACT] 自动生成，已核对来源与结构；排除逐行风格审阅"
"FILE-AU-007-059","01_core_hexin/packages/sdk/src/operations/channel.ts","SDK生成面","TypeScript源码","d41bfd0318aaeb72e44599b585fa9d511eefbe09","218","自动生成；核对来源、数量、关键字段与消费者","Codex主审","2026-09-14","AU-007","CP-07","未发现独立问题","否（若后续升级则重排）","E-AU-007-002/003","是","由权威目录生成运行/客户端/数据库投影","contractgen或声明生成链","生成/导入/运行时加载","生成的Operation/Event/Error/API/SDK/SQL投影","仅记录本AU相关消费者","声明源、HTTP输入、数据库或历史状态","静态生成投影","不在本AU推断外部模块完整状态","无直接数据库写或本AU不深审","无直接网络或本AU不深审","无事件或本AU不深审","无环境值读取；正式命令依赖本地node_modules","permission/audience/capability链见F-0036","Node 22/npm workspace/TypeScript生成链；正式依赖本环境缺失","模块导入创建冻结目录/工厂；无写入","可能构建Map/Object；不写外部状态","无或不适用","生产加载生成物；测试多数直接读目录，差异见F-0038","纯契约不持资源；generator/检查进程退出释放","校验失败抛错/进程退出；运行恢复留消费者专项","见tests.csv及对应*.test.ts/正式检查入口","源码分支已人工评估；正式执行因依赖缺失阻塞","summary/history及项目契约文档","文档只作线索，代码与生成结果优先","公共package/版本/frozen/生成兼容责任未排除","未证明存在可安全替代","否；未满足G3十三项与独立复核","生成/编译/路由/SDK/数据库发布首先漂移","[FACT] 自动生成，已核对来源与结构；排除逐行风格审阅"
"FILE-AU-007-060","01_core_hexin/packages/sdk/src/operations/checkout.ts","SDK生成面","TypeScript源码","6ef3b2d6c2257ec3d02f8bec7fa0d30750c1b830","31","自动生成；核对来源、数量、关键字段与消费者","Codex主审","2026-09-14","AU-007","CP-07","未发现独立问题","否（若后续升级则重排）","E-AU-007-002/003","是","由权威目录生成运行/客户端/数据库投影","contractgen或声明生成链","生成/导入/运行时加载","生成的Operation/Event/Error/API/SDK/SQL投影","仅记录本AU相关消费者","声明源、HTTP输入、数据库或历史状态","静态生成投影","不在本AU推断外部模块完整状态","无直接数据库写或本AU不深审","无直接网络或本AU不深审","无事件或本AU不深审","无环境值读取；正式命令依赖本地node_modules","permission/audience/capability链见F-0036","Node 22/npm workspace/TypeScript生成链；正式依赖本环境缺失","模块导入创建冻结目录/工厂；无写入","可能构建Map/Object；不写外部状态","无或不适用","生产加载生成物；测试多数直接读目录，差异见F-0038","纯契约不持资源；generator/检查进程退出释放","校验失败抛错/进程退出；运行恢复留消费者专项","见tests.csv及对应*.test.ts/正式检查入口","源码分支已人工评估；正式执行因依赖缺失阻塞","summary/history及项目契约文档","文档只作线索，代码与生成结果优先","公共package/版本/frozen/生成兼容责任未排除","未证明存在可安全替代","否；未满足G3十三项与独立复核","生成/编译/路由/SDK/数据库发布首先漂移","[FACT] 自动生成，已核对来源与结构；排除逐行风格审阅"
"FILE-AU-007-061","01_core_hexin/packages/sdk/src/operations/experience.ts","SDK生成面","TypeScript源码","a0f783166a48e479c90a2fb8480ef905d58421d1","119","自动生成；核对来源、数量、关键字段与消费者","Codex主审","2026-09-14","AU-007","CP-07","未发现独立问题","否（若后续升级则重排）","E-AU-007-002/003","是","由权威目录生成运行/客户端/数据库投影","contractgen或声明生成链","生成/导入/运行时加载","生成的Operation/Event/Error/API/SDK/SQL投影","仅记录本AU相关消费者","声明源、HTTP输入、数据库或历史状态","静态生成投影","不在本AU推断外部模块完整状态","无直接数据库写或本AU不深审","无直接网络或本AU不深审","无事件或本AU不深审","无环境值读取；正式命令依赖本地node_modules","permission/audience/capability链见F-0036","Node 22/npm workspace/TypeScript生成链；正式依赖本环境缺失","模块导入创建冻结目录/工厂；无写入","可能构建Map/Object；不写外部状态","无或不适用","生产加载生成物；测试多数直接读目录，差异见F-0038","纯契约不持资源；generator/检查进程退出释放","校验失败抛错/进程退出；运行恢复留消费者专项","见tests.csv及对应*.test.ts/正式检查入口","源码分支已人工评估；正式执行因依赖缺失阻塞","summary/history及项目契约文档","文档只作线索，代码与生成结果优先","公共package/版本/frozen/生成兼容责任未排除","未证明存在可安全替代","否；未满足G3十三项与独立复核","生成/编译/路由/SDK/数据库发布首先漂移","[FACT] 自动生成，已核对来源与结构；排除逐行风格审阅"
"FILE-AU-007-062","01_core_hexin/packages/sdk/src/operations/extension.ts","SDK生成面","TypeScript源码","e78660d74f5919e0b8034f69ff8de300b05005bf","31","自动生成；核对来源、数量、关键字段与消费者","Codex主审","2026-09-14","AU-007","CP-07","未发现独立问题","否（若后续升级则重排）","E-AU-007-002/003","是","由权威目录生成运行/客户端/数据库投影","contractgen或声明生成链","生成/导入/运行时加载","生成的Operation/Event/Error/API/SDK/SQL投影","仅记录本AU相关消费者","声明源、HTTP输入、数据库或历史状态","静态生成投影","不在本AU推断外部模块完整状态","无直接数据库写或本AU不深审","无直接网络或本AU不深审","无事件或本AU不深审","无环境值读取；正式命令依赖本地node_modules","permission/audience/capability链见F-0036","Node 22/npm workspace/TypeScript生成链；正式依赖本环境缺失","模块导入创建冻结目录/工厂；无写入","可能构建Map/Object；不写外部状态","无或不适用","生产加载生成物；测试多数直接读目录，差异见F-0038","纯契约不持资源；generator/检查进程退出释放","校验失败抛错/进程退出；运行恢复留消费者专项","见tests.csv及对应*.test.ts/正式检查入口","源码分支已人工评估；正式执行因依赖缺失阻塞","summary/history及项目契约文档","文档只作线索，代码与生成结果优先","公共package/版本/frozen/生成兼容责任未排除","未证明存在可安全替代","否；未满足G3十三项与独立复核","生成/编译/路由/SDK/数据库发布首先漂移","[FACT] 自动生成，已核对来源与结构；排除逐行风格审阅"
"FILE-AU-007-063","01_core_hexin/packages/sdk/src/operations/finance.ts","SDK生成面","TypeScript源码","1f63e540c4131befb51d7928d8f7b26989cd3ad9","317","自动生成；核对来源、数量、关键字段与消费者","Codex主审","2026-09-14","AU-007","CP-07","未发现独立问题","否（若后续升级则重排）","E-AU-007-002/003","是","由权威目录生成运行/客户端/数据库投影","contractgen或声明生成链","生成/导入/运行时加载","生成的Operation/Event/Error/API/SDK/SQL投影","仅记录本AU相关消费者","声明源、HTTP输入、数据库或历史状态","静态生成投影","不在本AU推断外部模块完整状态","无直接数据库写或本AU不深审","无直接网络或本AU不深审","无事件或本AU不深审","无环境值读取；正式命令依赖本地node_modules","permission/audience/capability链见F-0036","Node 22/npm workspace/TypeScript生成链；正式依赖本环境缺失","模块导入创建冻结目录/工厂；无写入","可能构建Map/Object；不写外部状态","无或不适用","生产加载生成物；测试多数直接读目录，差异见F-0038","纯契约不持资源；generator/检查进程退出释放","校验失败抛错/进程退出；运行恢复留消费者专项","见tests.csv及对应*.test.ts/正式检查入口","源码分支已人工评估；正式执行因依赖缺失阻塞","summary/history及项目契约文档","文档只作线索，代码与生成结果优先","公共package/版本/frozen/生成兼容责任未排除","未证明存在可安全替代","否；未满足G3十三项与独立复核","生成/编译/路由/SDK/数据库发布首先漂移","[FACT] 自动生成，已核对来源与结构；排除逐行风格审阅"
"FILE-AU-007-064","01_core_hexin/packages/sdk/src/operations/fulfillment.ts","SDK生成面","TypeScript源码","aed4b5718d8b476ac09b67c7c99d8af658ed4353","64","自动生成；核对来源、数量、关键字段与消费者","Codex主审","2026-09-14","AU-007","CP-07","未发现独立问题","否（若后续升级则重排）","E-AU-007-002/003","是","由权威目录生成运行/客户端/数据库投影","contractgen或声明生成链","生成/导入/运行时加载","生成的Operation/Event/Error/API/SDK/SQL投影","仅记录本AU相关消费者","声明源、HTTP输入、数据库或历史状态","静态生成投影","不在本AU推断外部模块完整状态","无直接数据库写或本AU不深审","无直接网络或本AU不深审","无事件或本AU不深审","无环境值读取；正式命令依赖本地node_modules","permission/audience/capability链见F-0036","Node 22/npm workspace/TypeScript生成链；正式依赖本环境缺失","模块导入创建冻结目录/工厂；无写入","可能构建Map/Object；不写外部状态","无或不适用","生产加载生成物；测试多数直接读目录，差异见F-0038","纯契约不持资源；generator/检查进程退出释放","校验失败抛错/进程退出；运行恢复留消费者专项","见tests.csv及对应*.test.ts/正式检查入口","源码分支已人工评估；正式执行因依赖缺失阻塞","summary/history及项目契约文档","文档只作线索，代码与生成结果优先","公共package/版本/frozen/生成兼容责任未排除","未证明存在可安全替代","否；未满足G3十三项与独立复核","生成/编译/路由/SDK/数据库发布首先漂移","[FACT] 自动生成，已核对来源与结构；排除逐行风格审阅"
"FILE-AU-007-065","01_core_hexin/packages/sdk/src/operations/identity.ts","SDK生成面","TypeScript源码","2ddd771a8efbb86cab23025cccee46257e0502fa","284","自动生成；核对来源、数量、关键字段与消费者","Codex主审","2026-09-14","AU-007","CP-07","未发现独立问题","否（若后续升级则重排）","E-AU-007-002/003","是","由权威目录生成运行/客户端/数据库投影","contractgen或声明生成链","生成/导入/运行时加载","生成的Operation/Event/Error/API/SDK/SQL投影","仅记录本AU相关消费者","声明源、HTTP输入、数据库或历史状态","静态生成投影","不在本AU推断外部模块完整状态","无直接数据库写或本AU不深审","无直接网络或本AU不深审","无事件或本AU不深审","无环境值读取；正式命令依赖本地node_modules","permission/audience/capability链见F-0036","Node 22/npm workspace/TypeScript生成链；正式依赖本环境缺失","模块导入创建冻结目录/工厂；无写入","可能构建Map/Object；不写外部状态","无或不适用","生产加载生成物；测试多数直接读目录，差异见F-0038","纯契约不持资源；generator/检查进程退出释放","校验失败抛错/进程退出；运行恢复留消费者专项","见tests.csv及对应*.test.ts/正式检查入口","源码分支已人工评估；正式执行因依赖缺失阻塞","summary/history及项目契约文档","文档只作线索，代码与生成结果优先","公共package/版本/frozen/生成兼容责任未排除","未证明存在可安全替代","否；未满足G3十三项与独立复核","生成/编译/路由/SDK/数据库发布首先漂移","[FACT] 自动生成，已核对来源与结构；排除逐行风格审阅"
"FILE-AU-007-066","01_core_hexin/packages/sdk/src/operations/inventory.ts","SDK生成面","TypeScript源码","782be5656e1619711d39ab483a735081710f6744","53","自动生成；核对来源、数量、关键字段与消费者","Codex主审","2026-09-14","AU-007","CP-07","未发现独立问题","否（若后续升级则重排）","E-AU-007-002/003","是","由权威目录生成运行/客户端/数据库投影","contractgen或声明生成链","生成/导入/运行时加载","生成的Operation/Event/Error/API/SDK/SQL投影","仅记录本AU相关消费者","声明源、HTTP输入、数据库或历史状态","静态生成投影","不在本AU推断外部模块完整状态","无直接数据库写或本AU不深审","无直接网络或本AU不深审","无事件或本AU不深审","无环境值读取；正式命令依赖本地node_modules","permission/audience/capability链见F-0036","Node 22/npm workspace/TypeScript生成链；正式依赖本环境缺失","模块导入创建冻结目录/工厂；无写入","可能构建Map/Object；不写外部状态","无或不适用","生产加载生成物；测试多数直接读目录，差异见F-0038","纯契约不持资源；generator/检查进程退出释放","校验失败抛错/进程退出；运行恢复留消费者专项","见tests.csv及对应*.test.ts/正式检查入口","源码分支已人工评估；正式执行因依赖缺失阻塞","summary/history及项目契约文档","文档只作线索，代码与生成结果优先","公共package/版本/frozen/生成兼容责任未排除","未证明存在可安全替代","否；未满足G3十三项与独立复核","生成/编译/路由/SDK/数据库发布首先漂移","[FACT] 自动生成，已核对来源与结构；排除逐行风格审阅"
"FILE-AU-007-067","01_core_hexin/packages/sdk/src/operations/invoice.ts","SDK生成面","TypeScript源码","3925e43f34b76931112e115d59b7f97c7be022aa","108","自动生成；核对来源、数量、关键字段与消费者","Codex主审","2026-09-14","AU-007","CP-07","未发现独立问题","否（若后续升级则重排）","E-AU-007-002/003","是","由权威目录生成运行/客户端/数据库投影","contractgen或声明生成链","生成/导入/运行时加载","生成的Operation/Event/Error/API/SDK/SQL投影","仅记录本AU相关消费者","声明源、HTTP输入、数据库或历史状态","静态生成投影","不在本AU推断外部模块完整状态","无直接数据库写或本AU不深审","无直接网络或本AU不深审","无事件或本AU不深审","无环境值读取；正式命令依赖本地node_modules","permission/audience/capability链见F-0036","Node 22/npm workspace/TypeScript生成链；正式依赖本环境缺失","模块导入创建冻结目录/工厂；无写入","可能构建Map/Object；不写外部状态","无或不适用","生产加载生成物；测试多数直接读目录，差异见F-0038","纯契约不持资源；generator/检查进程退出释放","校验失败抛错/进程退出；运行恢复留消费者专项","见tests.csv及对应*.test.ts/正式检查入口","源码分支已人工评估；正式执行因依赖缺失阻塞","summary/history及项目契约文档","文档只作线索，代码与生成结果优先","公共package/版本/frozen/生成兼容责任未排除","未证明存在可安全替代","否；未满足G3十三项与独立复核","生成/编译/路由/SDK/数据库发布首先漂移","[FACT] 自动生成，已核对来源与结构；排除逐行风格审阅"
"FILE-AU-007-068","01_core_hexin/packages/sdk/src/operations/marketing.ts","SDK生成面","TypeScript源码","928f9f3512853de9fee1386f804bd51a89844fd3","31","自动生成；核对来源、数量、关键字段与消费者","Codex主审","2026-09-14","AU-007","CP-07","未发现独立问题","否（若后续升级则重排）","E-AU-007-002/003","是","由权威目录生成运行/客户端/数据库投影","contractgen或声明生成链","生成/导入/运行时加载","生成的Operation/Event/Error/API/SDK/SQL投影","仅记录本AU相关消费者","声明源、HTTP输入、数据库或历史状态","静态生成投影","不在本AU推断外部模块完整状态","无直接数据库写或本AU不深审","无直接网络或本AU不深审","无事件或本AU不深审","无环境值读取；正式命令依赖本地node_modules","permission/audience/capability链见F-0036","Node 22/npm workspace/TypeScript生成链；正式依赖本环境缺失","模块导入创建冻结目录/工厂；无写入","可能构建Map/Object；不写外部状态","无或不适用","生产加载生成物；测试多数直接读目录，差异见F-0038","纯契约不持资源；generator/检查进程退出释放","校验失败抛错/进程退出；运行恢复留消费者专项","见tests.csv及对应*.test.ts/正式检查入口","源码分支已人工评估；正式执行因依赖缺失阻塞","summary/history及项目契约文档","文档只作线索，代码与生成结果优先","公共package/版本/frozen/生成兼容责任未排除","未证明存在可安全替代","否；未满足G3十三项与独立复核","生成/编译/路由/SDK/数据库发布首先漂移","[FACT] 自动生成，已核对来源与结构；排除逐行风格审阅"
"FILE-AU-007-069","01_core_hexin/packages/sdk/src/operations/member.ts","SDK生成面","TypeScript源码","6c899d31a5921474b40bd91ecbb14775ed01f4e2","207","自动生成；核对来源、数量、关键字段与消费者","Codex主审","2026-09-14","AU-007","CP-07","未发现独立问题","否（若后续升级则重排）","E-AU-007-002/003","是","由权威目录生成运行/客户端/数据库投影","contractgen或声明生成链","生成/导入/运行时加载","生成的Operation/Event/Error/API/SDK/SQL投影","仅记录本AU相关消费者","声明源、HTTP输入、数据库或历史状态","静态生成投影","不在本AU推断外部模块完整状态","无直接数据库写或本AU不深审","无直接网络或本AU不深审","无事件或本AU不深审","无环境值读取；正式命令依赖本地node_modules","permission/audience/capability链见F-0036","Node 22/npm workspace/TypeScript生成链；正式依赖本环境缺失","模块导入创建冻结目录/工厂；无写入","可能构建Map/Object；不写外部状态","无或不适用","生产加载生成物；测试多数直接读目录，差异见F-0038","纯契约不持资源；generator/检查进程退出释放","校验失败抛错/进程退出；运行恢复留消费者专项","见tests.csv及对应*.test.ts/正式检查入口","源码分支已人工评估；正式执行因依赖缺失阻塞","summary/history及项目契约文档","文档只作线索，代码与生成结果优先","公共package/版本/frozen/生成兼容责任未排除","未证明存在可安全替代","否；未满足G3十三项与独立复核","生成/编译/路由/SDK/数据库发布首先漂移","[FACT] 自动生成，已核对来源与结构；排除逐行风格审阅"
"FILE-AU-007-070","01_core_hexin/packages/sdk/src/operations/notification.ts","SDK生成面","TypeScript源码","274b9e59812f677ff2e6d75727fe0426063e81e1","108","自动生成；核对来源、数量、关键字段与消费者","Codex主审","2026-09-14","AU-007","CP-07","未发现独立问题","否（若后续升级则重排）","E-AU-007-002/003","是","由权威目录生成运行/客户端/数据库投影","contractgen或声明生成链","生成/导入/运行时加载","生成的Operation/Event/Error/API/SDK/SQL投影","仅记录本AU相关消费者","声明源、HTTP输入、数据库或历史状态","静态生成投影","不在本AU推断外部模块完整状态","无直接数据库写或本AU不深审","无直接网络或本AU不深审","无事件或本AU不深审","无环境值读取；正式命令依赖本地node_modules","permission/audience/capability链见F-0036","Node 22/npm workspace/TypeScript生成链；正式依赖本环境缺失","模块导入创建冻结目录/工厂；无写入","可能构建Map/Object；不写外部状态","无或不适用","生产加载生成物；测试多数直接读目录，差异见F-0038","纯契约不持资源；generator/检查进程退出释放","校验失败抛错/进程退出；运行恢复留消费者专项","见tests.csv及对应*.test.ts/正式检查入口","源码分支已人工评估；正式执行因依赖缺失阻塞","summary/history及项目契约文档","文档只作线索，代码与生成结果优先","公共package/版本/frozen/生成兼容责任未排除","未证明存在可安全替代","否；未满足G3十三项与独立复核","生成/编译/路由/SDK/数据库发布首先漂移","[FACT] 自动生成，已核对来源与结构；排除逐行风格审阅"
"FILE-AU-007-071","01_core_hexin/packages/sdk/src/operations/observability.ts","SDK生成面","TypeScript源码","32cc1f13355969e6708a89c9bd2b83521f66909b","42","自动生成；核对来源、数量、关键字段与消费者","Codex主审","2026-09-14","AU-007","CP-07","未发现独立问题","否（若后续升级则重排）","E-AU-007-002/003","是","由权威目录生成运行/客户端/数据库投影","contractgen或声明生成链","生成/导入/运行时加载","生成的Operation/Event/Error/API/SDK/SQL投影","仅记录本AU相关消费者","声明源、HTTP输入、数据库或历史状态","静态生成投影","不在本AU推断外部模块完整状态","无直接数据库写或本AU不深审","无直接网络或本AU不深审","无事件或本AU不深审","无环境值读取；正式命令依赖本地node_modules","permission/audience/capability链见F-0036","Node 22/npm workspace/TypeScript生成链；正式依赖本环境缺失","模块导入创建冻结目录/工厂；无写入","可能构建Map/Object；不写外部状态","无或不适用","生产加载生成物；测试多数直接读目录，差异见F-0038","纯契约不持资源；generator/检查进程退出释放","校验失败抛错/进程退出；运行恢复留消费者专项","见tests.csv及对应*.test.ts/正式检查入口","源码分支已人工评估；正式执行因依赖缺失阻塞","summary/history及项目契约文档","文档只作线索，代码与生成结果优先","公共package/版本/frozen/生成兼容责任未排除","未证明存在可安全替代","否；未满足G3十三项与独立复核","生成/编译/路由/SDK/数据库发布首先漂移","[FACT] 自动生成，已核对来源与结构；排除逐行风格审阅"
"FILE-AU-007-072","01_core_hexin/packages/sdk/src/operations/order.ts","SDK生成面","TypeScript源码","1915efb9cde14c34b1b173192f561c3fa0336015","119","自动生成；核对来源、数量、关键字段与消费者","Codex主审","2026-09-14","AU-007","CP-07","未发现独立问题","否（若后续升级则重排）","E-AU-007-002/003","是","由权威目录生成运行/客户端/数据库投影","contractgen或声明生成链","生成/导入/运行时加载","生成的Operation/Event/Error/API/SDK/SQL投影","仅记录本AU相关消费者","声明源、HTTP输入、数据库或历史状态","静态生成投影","不在本AU推断外部模块完整状态","无直接数据库写或本AU不深审","无直接网络或本AU不深审","无事件或本AU不深审","无环境值读取；正式命令依赖本地node_modules","permission/audience/capability链见F-0036","Node 22/npm workspace/TypeScript生成链；正式依赖本环境缺失","模块导入创建冻结目录/工厂；无写入","可能构建Map/Object；不写外部状态","无或不适用","生产加载生成物；测试多数直接读目录，差异见F-0038","纯契约不持资源；generator/检查进程退出释放","校验失败抛错/进程退出；运行恢复留消费者专项","见tests.csv及对应*.test.ts/正式检查入口","源码分支已人工评估；正式执行因依赖缺失阻塞","summary/history及项目契约文档","文档只作线索，代码与生成结果优先","公共package/版本/frozen/生成兼容责任未排除","未证明存在可安全替代","否；未满足G3十三项与独立复核","生成/编译/路由/SDK/数据库发布首先漂移","[FACT] 自动生成，已核对来源与结构；排除逐行风格审阅"
"FILE-AU-007-073","01_core_hexin/packages/sdk/src/operations/organization.ts","SDK生成面","TypeScript源码","e666d48d705118f293479d45305f290298704660","53","自动生成；核对来源、数量、关键字段与消费者","Codex主审","2026-09-14","AU-007","CP-07","未发现独立问题","否（若后续升级则重排）","E-AU-007-002/003","是","由权威目录生成运行/客户端/数据库投影","contractgen或声明生成链","生成/导入/运行时加载","生成的Operation/Event/Error/API/SDK/SQL投影","仅记录本AU相关消费者","声明源、HTTP输入、数据库或历史状态","静态生成投影","不在本AU推断外部模块完整状态","无直接数据库写或本AU不深审","无直接网络或本AU不深审","无事件或本AU不深审","无环境值读取；正式命令依赖本地node_modules","permission/audience/capability链见F-0036","Node 22/npm workspace/TypeScript生成链；正式依赖本环境缺失","模块导入创建冻结目录/工厂；无写入","可能构建Map/Object；不写外部状态","无或不适用","生产加载生成物；测试多数直接读目录，差异见F-0038","纯契约不持资源；generator/检查进程退出释放","校验失败抛错/进程退出；运行恢复留消费者专项","见tests.csv及对应*.test.ts/正式检查入口","源码分支已人工评估；正式执行因依赖缺失阻塞","summary/history及项目契约文档","文档只作线索，代码与生成结果优先","公共package/版本/frozen/生成兼容责任未排除","未证明存在可安全替代","否；未满足G3十三项与独立复核","生成/编译/路由/SDK/数据库发布首先漂移","[FACT] 自动生成，已核对来源与结构；排除逐行风格审阅"
"FILE-AU-007-074","01_core_hexin/packages/sdk/src/operations/partner.ts","SDK生成面","TypeScript源码","671c6b3717ff1fd2ef0e5236f518584a97aac3d5","119","自动生成；核对来源、数量、关键字段与消费者","Codex主审","2026-09-14","AU-007","CP-07","未发现独立问题","否（若后续升级则重排）","E-AU-007-002/003","是","由权威目录生成运行/客户端/数据库投影","contractgen或声明生成链","生成/导入/运行时加载","生成的Operation/Event/Error/API/SDK/SQL投影","仅记录本AU相关消费者","声明源、HTTP输入、数据库或历史状态","静态生成投影","不在本AU推断外部模块完整状态","无直接数据库写或本AU不深审","无直接网络或本AU不深审","无事件或本AU不深审","无环境值读取；正式命令依赖本地node_modules","permission/audience/capability链见F-0036","Node 22/npm workspace/TypeScript生成链；正式依赖本环境缺失","模块导入创建冻结目录/工厂；无写入","可能构建Map/Object；不写外部状态","无或不适用","生产加载生成物；测试多数直接读目录，差异见F-0038","纯契约不持资源；generator/检查进程退出释放","校验失败抛错/进程退出；运行恢复留消费者专项","见tests.csv及对应*.test.ts/正式检查入口","源码分支已人工评估；正式执行因依赖缺失阻塞","summary/history及项目契约文档","文档只作线索，代码与生成结果优先","公共package/版本/frozen/生成兼容责任未排除","未证明存在可安全替代","否；未满足G3十三项与独立复核","生成/编译/路由/SDK/数据库发布首先漂移","[FACT] 自动生成，已核对来源与结构；排除逐行风格审阅"
"FILE-AU-007-075","01_core_hexin/packages/sdk/src/operations/payment.ts","SDK生成面","TypeScript源码","96cf5538290cff55069eacdec865eb07a3dc54fc","86","自动生成；核对来源、数量、关键字段与消费者","Codex主审","2026-09-14","AU-007","CP-07","未发现独立问题","否（若后续升级则重排）","E-AU-007-002/003","是","由权威目录生成运行/客户端/数据库投影","contractgen或声明生成链","生成/导入/运行时加载","生成的Operation/Event/Error/API/SDK/SQL投影","仅记录本AU相关消费者","声明源、HTTP输入、数据库或历史状态","静态生成投影","不在本AU推断外部模块完整状态","无直接数据库写或本AU不深审","无直接网络或本AU不深审","无事件或本AU不深审","无环境值读取；正式命令依赖本地node_modules","permission/audience/capability链见F-0036","Node 22/npm workspace/TypeScript生成链；正式依赖本环境缺失","模块导入创建冻结目录/工厂；无写入","可能构建Map/Object；不写外部状态","无或不适用","生产加载生成物；测试多数直接读目录，差异见F-0038","纯契约不持资源；generator/检查进程退出释放","校验失败抛错/进程退出；运行恢复留消费者专项","见tests.csv及对应*.test.ts/正式检查入口","源码分支已人工评估；正式执行因依赖缺失阻塞","summary/history及项目契约文档","文档只作线索，代码与生成结果优先","公共package/版本/frozen/生成兼容责任未排除","未证明存在可安全替代","否；未满足G3十三项与独立复核","生成/编译/路由/SDK/数据库发布首先漂移","[FACT] 自动生成，已核对来源与结构；排除逐行风格审阅"
"FILE-AU-007-076","01_core_hexin/packages/sdk/src/operations/pricing.ts","SDK生成面","TypeScript源码","ef026720a0951685b27d511d0f3b4a72519eeff9","53","自动生成；核对来源、数量、关键字段与消费者","Codex主审","2026-09-14","AU-007","CP-07","未发现独立问题","否（若后续升级则重排）","E-AU-007-002/003","是","由权威目录生成运行/客户端/数据库投影","contractgen或声明生成链","生成/导入/运行时加载","生成的Operation/Event/Error/API/SDK/SQL投影","仅记录本AU相关消费者","声明源、HTTP输入、数据库或历史状态","静态生成投影","不在本AU推断外部模块完整状态","无直接数据库写或本AU不深审","无直接网络或本AU不深审","无事件或本AU不深审","无环境值读取；正式命令依赖本地node_modules","permission/audience/capability链见F-0036","Node 22/npm workspace/TypeScript生成链；正式依赖本环境缺失","模块导入创建冻结目录/工厂；无写入","可能构建Map/Object；不写外部状态","无或不适用","生产加载生成物；测试多数直接读目录，差异见F-0038","纯契约不持资源；generator/检查进程退出释放","校验失败抛错/进程退出；运行恢复留消费者专项","见tests.csv及对应*.test.ts/正式检查入口","源码分支已人工评估；正式执行因依赖缺失阻塞","summary/history及项目契约文档","文档只作线索，代码与生成结果优先","公共package/版本/frozen/生成兼容责任未排除","未证明存在可安全替代","否；未满足G3十三项与独立复核","生成/编译/路由/SDK/数据库发布首先漂移","[FACT] 自动生成，已核对来源与结构；排除逐行风格审阅"
"FILE-AU-007-077","01_core_hexin/packages/sdk/src/operations/provisioning.ts","SDK生成面","TypeScript源码","1753e009d47f6025839c7c060f45bef7fe411306","42","自动生成；核对来源、数量、关键字段与消费者","Codex主审","2026-09-14","AU-007","CP-07","未发现独立问题","否（若后续升级则重排）","E-AU-007-002/003","是","由权威目录生成运行/客户端/数据库投影","contractgen或声明生成链","生成/导入/运行时加载","生成的Operation/Event/Error/API/SDK/SQL投影","仅记录本AU相关消费者","声明源、HTTP输入、数据库或历史状态","静态生成投影","不在本AU推断外部模块完整状态","无直接数据库写或本AU不深审","无直接网络或本AU不深审","无事件或本AU不深审","无环境值读取；正式命令依赖本地node_modules","permission/audience/capability链见F-0036","Node 22/npm workspace/TypeScript生成链；正式依赖本环境缺失","模块导入创建冻结目录/工厂；无写入","可能构建Map/Object；不写外部状态","无或不适用","生产加载生成物；测试多数直接读目录，差异见F-0038","纯契约不持资源；generator/检查进程退出释放","校验失败抛错/进程退出；运行恢复留消费者专项","见tests.csv及对应*.test.ts/正式检查入口","源码分支已人工评估；正式执行因依赖缺失阻塞","summary/history及项目契约文档","文档只作线索，代码与生成结果优先","公共package/版本/frozen/生成兼容责任未排除","未证明存在可安全替代","否；未满足G3十三项与独立复核","生成/编译/路由/SDK/数据库发布首先漂移","[FACT] 自动生成，已核对来源与结构；排除逐行风格审阅"
"FILE-AU-007-078","01_core_hexin/packages/sdk/src/operations/qualification.ts","SDK生成面","TypeScript源码","b19c6d3f596ec7985bc6e3034b92aff0464c56b3","53","自动生成；核对来源、数量、关键字段与消费者","Codex主审","2026-09-14","AU-007","CP-07","未发现独立问题","否（若后续升级则重排）","E-AU-007-002/003","是","由权威目录生成运行/客户端/数据库投影","contractgen或声明生成链","生成/导入/运行时加载","生成的Operation/Event/Error/API/SDK/SQL投影","仅记录本AU相关消费者","声明源、HTTP输入、数据库或历史状态","静态生成投影","不在本AU推断外部模块完整状态","无直接数据库写或本AU不深审","无直接网络或本AU不深审","无事件或本AU不深审","无环境值读取；正式命令依赖本地node_modules","permission/audience/capability链见F-0036","Node 22/npm workspace/TypeScript生成链；正式依赖本环境缺失","模块导入创建冻结目录/工厂；无写入","可能构建Map/Object；不写外部状态","无或不适用","生产加载生成物；测试多数直接读目录，差异见F-0038","纯契约不持资源；generator/检查进程退出释放","校验失败抛错/进程退出；运行恢复留消费者专项","见tests.csv及对应*.test.ts/正式检查入口","源码分支已人工评估；正式执行因依赖缺失阻塞","summary/history及项目契约文档","文档只作线索，代码与生成结果优先","公共package/版本/frozen/生成兼容责任未排除","未证明存在可安全替代","否；未满足G3十三项与独立复核","生成/编译/路由/SDK/数据库发布首先漂移","[FACT] 自动生成，已核对来源与结构；排除逐行风格审阅"
"FILE-AU-007-079","01_core_hexin/packages/sdk/src/operations/referral.ts","SDK生成面","TypeScript源码","357df4b16da27dface55ff67f2fafd7d78f1ff8b","185","自动生成；核对来源、数量、关键字段与消费者","Codex主审","2026-09-14","AU-007","CP-07","未发现独立问题","否（若后续升级则重排）","E-AU-007-002/003","是","由权威目录生成运行/客户端/数据库投影","contractgen或声明生成链","生成/导入/运行时加载","生成的Operation/Event/Error/API/SDK/SQL投影","仅记录本AU相关消费者","声明源、HTTP输入、数据库或历史状态","静态生成投影","不在本AU推断外部模块完整状态","无直接数据库写或本AU不深审","无直接网络或本AU不深审","无事件或本AU不深审","无环境值读取；正式命令依赖本地node_modules","permission/audience/capability链见F-0036","Node 22/npm workspace/TypeScript生成链；正式依赖本环境缺失","模块导入创建冻结目录/工厂；无写入","可能构建Map/Object；不写外部状态","无或不适用","生产加载生成物；测试多数直接读目录，差异见F-0038","纯契约不持资源；generator/检查进程退出释放","校验失败抛错/进程退出；运行恢复留消费者专项","见tests.csv及对应*.test.ts/正式检查入口","源码分支已人工评估；正式执行因依赖缺失阻塞","summary/history及项目契约文档","文档只作线索，代码与生成结果优先","公共package/版本/frozen/生成兼容责任未排除","未证明存在可安全替代","否；未满足G3十三项与独立复核","生成/编译/路由/SDK/数据库发布首先漂移","[FACT] 自动生成，已核对来源与结构；排除逐行风格审阅"
"FILE-AU-007-080","01_core_hexin/packages/sdk/src/operations/reporting.ts","SDK生成面","TypeScript源码","73ff696c0b5238685b1be0c18d7187cbe19ca5a1","130","自动生成；核对来源、数量、关键字段与消费者","Codex主审","2026-09-14","AU-007","CP-07","未发现独立问题","否（若后续升级则重排）","E-AU-007-002/003","是","由权威目录生成运行/客户端/数据库投影","contractgen或声明生成链","生成/导入/运行时加载","生成的Operation/Event/Error/API/SDK/SQL投影","仅记录本AU相关消费者","声明源、HTTP输入、数据库或历史状态","静态生成投影","不在本AU推断外部模块完整状态","无直接数据库写或本AU不深审","无直接网络或本AU不深审","无事件或本AU不深审","无环境值读取；正式命令依赖本地node_modules","permission/audience/capability链见F-0036","Node 22/npm workspace/TypeScript生成链；正式依赖本环境缺失","模块导入创建冻结目录/工厂；无写入","可能构建Map/Object；不写外部状态","无或不适用","生产加载生成物；测试多数直接读目录，差异见F-0038","纯契约不持资源；generator/检查进程退出释放","校验失败抛错/进程退出；运行恢复留消费者专项","见tests.csv及对应*.test.ts/正式检查入口","源码分支已人工评估；正式执行因依赖缺失阻塞","summary/history及项目契约文档","文档只作线索，代码与生成结果优先","公共package/版本/frozen/生成兼容责任未排除","未证明存在可安全替代","否；未满足G3十三项与独立复核","生成/编译/路由/SDK/数据库发布首先漂移","[FACT] 自动生成，已核对来源与结构；排除逐行风格审阅"
"FILE-AU-007-081","01_core_hexin/packages/sdk/src/operations/risk.ts","SDK生成面","TypeScript源码","ccdcdfd4b2a7548e49601f9d9027b32e7a465c97","53","自动生成；核对来源、数量、关键字段与消费者","Codex主审","2026-09-14","AU-007","CP-07","未发现独立问题","否（若后续升级则重排）","E-AU-007-002/003","是","由权威目录生成运行/客户端/数据库投影","contractgen或声明生成链","生成/导入/运行时加载","生成的Operation/Event/Error/API/SDK/SQL投影","仅记录本AU相关消费者","声明源、HTTP输入、数据库或历史状态","静态生成投影","不在本AU推断外部模块完整状态","无直接数据库写或本AU不深审","无直接网络或本AU不深审","无事件或本AU不深审","无环境值读取；正式命令依赖本地node_modules","permission/audience/capability链见F-0036","Node 22/npm workspace/TypeScript生成链；正式依赖本环境缺失","模块导入创建冻结目录/工厂；无写入","可能构建Map/Object；不写外部状态","无或不适用","生产加载生成物；测试多数直接读目录，差异见F-0038","纯契约不持资源；generator/检查进程退出释放","校验失败抛错/进程退出；运行恢复留消费者专项","见tests.csv及对应*.test.ts/正式检查入口","源码分支已人工评估；正式执行因依赖缺失阻塞","summary/history及项目契约文档","文档只作线索，代码与生成结果优先","公共package/版本/frozen/生成兼容责任未排除","未证明存在可安全替代","否；未满足G3十三项与独立复核","生成/编译/路由/SDK/数据库发布首先漂移","[FACT] 自动生成，已核对来源与结构；排除逐行风格审阅"
"FILE-AU-007-082","01_core_hexin/packages/sdk/src/operations/runtime.ts","SDK生成面","TypeScript源码","0adee0fdbd6f9a78dfb536dc3e0ec3b572c1ca7d","64","自动生成；核对来源、数量、关键字段与消费者","Codex主审","2026-09-14","AU-007","CP-07","未发现独立问题","否（若后续升级则重排）","E-AU-007-002/003","是","由权威目录生成运行/客户端/数据库投影","contractgen或声明生成链","生成/导入/运行时加载","生成的Operation/Event/Error/API/SDK/SQL投影","仅记录本AU相关消费者","声明源、HTTP输入、数据库或历史状态","静态生成投影","不在本AU推断外部模块完整状态","无直接数据库写或本AU不深审","无直接网络或本AU不深审","无事件或本AU不深审","无环境值读取；正式命令依赖本地node_modules","permission/audience/capability链见F-0036","Node 22/npm workspace/TypeScript生成链；正式依赖本环境缺失","模块导入创建冻结目录/工厂；无写入","可能构建Map/Object；不写外部状态","无或不适用","生产加载生成物；测试多数直接读目录，差异见F-0038","纯契约不持资源；generator/检查进程退出释放","校验失败抛错/进程退出；运行恢复留消费者专项","见tests.csv及对应*.test.ts/正式检查入口","源码分支已人工评估；正式执行因依赖缺失阻塞","summary/history及项目契约文档","文档只作线索，代码与生成结果优先","公共package/版本/frozen/生成兼容责任未排除","未证明存在可安全替代","否；未满足G3十三项与独立复核","生成/编译/路由/SDK/数据库发布首先漂移","[FACT] 自动生成，已核对来源与结构；排除逐行风格审阅"
"FILE-AU-007-083","01_core_hexin/packages/sdk/src/operations/support.ts","SDK生成面","TypeScript源码","56732b74b5c64ac7468e7e8ff7d3de375767c401","218","自动生成；核对来源、数量、关键字段与消费者","Codex主审","2026-09-14","AU-007","CP-07","未发现独立问题","否（若后续升级则重排）","E-AU-007-002/003","是","由权威目录生成运行/客户端/数据库投影","contractgen或声明生成链","生成/导入/运行时加载","生成的Operation/Event/Error/API/SDK/SQL投影","仅记录本AU相关消费者","声明源、HTTP输入、数据库或历史状态","静态生成投影","不在本AU推断外部模块完整状态","无直接数据库写或本AU不深审","无直接网络或本AU不深审","无事件或本AU不深审","无环境值读取；正式命令依赖本地node_modules","permission/audience/capability链见F-0036","Node 22/npm workspace/TypeScript生成链；正式依赖本环境缺失","模块导入创建冻结目录/工厂；无写入","可能构建Map/Object；不写外部状态","无或不适用","生产加载生成物；测试多数直接读目录，差异见F-0038","纯契约不持资源；generator/检查进程退出释放","校验失败抛错/进程退出；运行恢复留消费者专项","见tests.csv及对应*.test.ts/正式检查入口","源码分支已人工评估；正式执行因依赖缺失阻塞","summary/history及项目契约文档","文档只作线索，代码与生成结果优先","公共package/版本/frozen/生成兼容责任未排除","未证明存在可安全替代","否；未满足G3十三项与独立复核","生成/编译/路由/SDK/数据库发布首先漂移","[FACT] 自动生成，已核对来源与结构；排除逐行风格审阅"
"FILE-AU-007-084","01_core_hexin/packages/sdk/src/operations/verification.ts","SDK生成面","TypeScript源码","291f597998a968abd617bf13e26e82baab31f518","86","自动生成；核对来源、数量、关键字段与消费者","Codex主审","2026-09-14","AU-007","CP-07","未发现独立问题","否（若后续升级则重排）","E-AU-007-002/003","是","由权威目录生成运行/客户端/数据库投影","contractgen或声明生成链","生成/导入/运行时加载","生成的Operation/Event/Error/API/SDK/SQL投影","仅记录本AU相关消费者","声明源、HTTP输入、数据库或历史状态","静态生成投影","不在本AU推断外部模块完整状态","无直接数据库写或本AU不深审","无直接网络或本AU不深审","无事件或本AU不深审","无环境值读取；正式命令依赖本地node_modules","permission/audience/capability链见F-0036","Node 22/npm workspace/TypeScript生成链；正式依赖本环境缺失","模块导入创建冻结目录/工厂；无写入","可能构建Map/Object；不写外部状态","无或不适用","生产加载生成物；测试多数直接读目录，差异见F-0038","纯契约不持资源；generator/检查进程退出释放","校验失败抛错/进程退出；运行恢复留消费者专项","见tests.csv及对应*.test.ts/正式检查入口","源码分支已人工评估；正式执行因依赖缺失阻塞","summary/history及项目契约文档","文档只作线索，代码与生成结果优先","公共package/版本/frozen/生成兼容责任未排除","未证明存在可安全替代","否；未满足G3十三项与独立复核","生成/编译/路由/SDK/数据库发布首先漂移","[FACT] 自动生成，已核对来源与结构；排除逐行风格审阅"
"FILE-AU-007-085","01_core_hexin/packages/sdk/src/operations/voucher.ts","SDK生成面","TypeScript源码","ff3e8786c0ed79689efcac23be939287a5992b42","856","自动生成；核对来源、数量、关键字段与消费者","Codex主审","2026-09-14","AU-007","CP-07","未发现独立问题","否（若后续升级则重排）","E-AU-007-002/003","是","由权威目录生成运行/客户端/数据库投影","contractgen或声明生成链","生成/导入/运行时加载","生成的Operation/Event/Error/API/SDK/SQL投影","仅记录本AU相关消费者","声明源、HTTP输入、数据库或历史状态","静态生成投影","不在本AU推断外部模块完整状态","无直接数据库写或本AU不深审","无直接网络或本AU不深审","无事件或本AU不深审","无环境值读取；正式命令依赖本地node_modules","permission/audience/capability链见F-0036","Node 22/npm workspace/TypeScript生成链；正式依赖本环境缺失","模块导入创建冻结目录/工厂；无写入","可能构建Map/Object；不写外部状态","无或不适用","生产加载生成物；测试多数直接读目录，差异见F-0038","纯契约不持资源；generator/检查进程退出释放","校验失败抛错/进程退出；运行恢复留消费者专项","见tests.csv及对应*.test.ts/正式检查入口","源码分支已人工评估；正式执行因依赖缺失阻塞","summary/history及项目契约文档","文档只作线索，代码与生成结果优先","公共package/版本/frozen/生成兼容责任未排除","未证明存在可安全替代","否；未满足G3十三项与独立复核","生成/编译/路由/SDK/数据库发布首先漂移","[FACT] 自动生成，已核对来源与结构；排除逐行风格审阅"
"FILE-AU-007-086","01_core_hexin/services/commerce/src/foundation/application/OperationHandler.ts","Commerce契约消费者","TypeScript源码","95513cef1373ae8053109ae07e073ec65cff87a4","319","自动生成；核对来源、数量、关键字段与消费者","Codex主审","2026-09-14","AU-007","CP-07","未发现独立问题","否（若后续升级则重排）","E-AU-007-002/003","是","由权威目录生成运行/客户端/数据库投影","contractgen或声明生成链","生成/导入/运行时加载","生成的Operation/Event/Error/API/SDK/SQL投影","仅记录本AU相关消费者","声明源、HTTP输入、数据库或历史状态","静态生成投影","不在本AU推断外部模块完整状态","无直接数据库写或本AU不深审","无直接网络或本AU不深审","无事件或本AU不深审","无环境值读取；正式命令依赖本地node_modules","不替代业务授权；无则不适用","Node 22/npm workspace/TypeScript生成链；正式依赖本环境缺失","模块导入创建冻结目录/工厂；无写入","可能构建Map/Object；不写外部状态","无或不适用","生产加载生成物；测试多数直接读目录，差异见F-0038","纯契约不持资源；generator/检查进程退出释放","校验失败抛错/进程退出；运行恢复留消费者专项","见tests.csv及对应*.test.ts/正式检查入口","源码分支已人工评估；正式执行因依赖缺失阻塞","summary/history及项目契约文档","文档只作线索，代码与生成结果优先","公共package/版本/frozen/生成兼容责任未排除","未证明存在可安全替代","否；未满足G3十三项与独立复核","生成/编译/路由/SDK/数据库发布首先漂移","[FACT] 自动生成，已核对来源与结构；排除逐行风格审阅"
"FILE-AU-007-087","01_core_hexin/services/commerce/src/foundation/interface/OperationController.ts","Commerce契约消费者","TypeScript源码","02a81115cd57686ef4296b4615e3fe0129830779","364","自动生成；核对来源、数量、关键字段与消费者","Codex主审","2026-09-14","AU-007","CP-07","P1候选","是（RV-0008）","E-AU-007-004","是","由权威目录生成运行/客户端/数据库投影","contractgen或声明生成链","生成/导入/运行时加载","生成的Operation/Event/Error/API/SDK/SQL投影","仅记录本AU相关消费者","声明源、HTTP输入、数据库或历史状态","静态生成投影","不在本AU推断外部模块完整状态","无直接数据库写或本AU不深审","无直接网络或本AU不深审","无事件或本AU不深审","无环境值读取；正式命令依赖本地node_modules","不替代业务授权；无则不适用","Node 22/npm workspace/TypeScript生成链；正式依赖本环境缺失","模块导入创建冻结目录/工厂；无写入","可能构建Map/Object；不写外部状态","路由/事件/生成/门禁注册职责已记录","生产加载生成物；测试多数直接读目录，差异见F-0038","纯契约不持资源；generator/检查进程退出释放","校验失败抛错/进程退出；运行恢复留消费者专项","见tests.csv及对应*.test.ts/正式检查入口","源码分支已人工评估；正式执行因依赖缺失阻塞","summary/history及项目契约文档","文档只作线索，代码与生成结果优先","公共package/版本/frozen/生成兼容责任未排除","未证明存在可安全替代","否；未满足G3十三项与独立复核","生成/编译/路由/SDK/数据库发布首先漂移","[FACT] 自动生成，已核对来源与结构；排除逐行风格审阅；关联F-0036/F-0038"
"FILE-AU-007-088","01_core_hexin/services/commerce/src/app/events.ts","Commerce契约消费者","TypeScript源码","7492aae8ff6e486281a6b2564ba54422dd0cf32b","150","自动生成；核对来源、数量、关键字段与消费者","Codex主审","2026-09-14","AU-007","CP-07","P2","否（若后续升级则重排）","E-AU-007-005/006/007/008/009/010/011","是","由权威目录生成运行/客户端/数据库投影","contractgen或声明生成链","生成/导入/运行时加载","生成的Operation/Event/Error/API/SDK/SQL投影","仅记录本AU相关消费者","声明源、HTTP输入、数据库或历史状态","静态生成投影","不在本AU推断外部模块完整状态","无直接数据库写或本AU不深审","无直接网络或本AU不深审","见events.csv/communications.csv","无环境值读取；正式命令依赖本地node_modules","不替代业务授权；无则不适用","Node 22/npm workspace/TypeScript生成链；正式依赖本环境缺失","模块导入创建冻结目录/工厂；无写入","可能构建Map/Object；不写外部状态","路由/事件/生成/门禁注册职责已记录","生产加载生成物；测试多数直接读目录，差异见F-0038","纯契约不持资源；generator/检查进程退出释放","校验失败抛错/进程退出；运行恢复留消费者专项","见tests.csv及对应*.test.ts/正式检查入口","源码分支已人工评估；正式执行因依赖缺失阻塞","summary/history及项目契约文档","文档只作线索，代码与生成结果优先","公共package/版本/frozen/生成兼容责任未排除","未证明存在可安全替代","否；未满足G3十三项与独立复核","生成/编译/路由/SDK/数据库发布首先漂移","[FACT] 自动生成，已核对来源与结构；排除逐行风格审阅；关联F-0039"
"FILE-AU-007-089","02_platform_pingtai/database/contracts/current.sql","数据库契约发布面","SQL","e7ea24a208cb10eaa110d2d389f9cbe918418341","1409","自动生成；核对来源、数量、关键字段与消费者","Codex主审","2026-09-14","AU-007","CP-07","P2","否（若后续升级则重排）","E-AU-007-005/006/007/008/009/010/011","是","由权威目录生成运行/客户端/数据库投影","contractgen或声明生成链","生成/导入/运行时加载","生成的Operation/Event/Error/API/SDK/SQL投影","仅记录本AU相关消费者","声明源、HTTP输入、数据库或历史状态","静态生成投影","不在本AU推断外部模块完整状态","只追契约发布/授权/写入相关语句；未执行数据库","无直接网络或本AU不深审","无事件或本AU不深审","无环境值读取；正式命令依赖本地node_modules","不替代业务授权；无则不适用","Node 22/npm workspace/TypeScript生成链；正式依赖本环境缺失","模块导入创建冻结目录/工厂；无写入","可能构建Map/Object；不写外部状态","无或不适用","生产加载生成物；测试多数直接读目录，差异见F-0038","纯契约不持资源；generator/检查进程退出释放","校验失败抛错/进程退出；运行恢复留消费者专项","见tests.csv及对应*.test.ts/正式检查入口","源码分支已人工评估；正式执行因依赖缺失阻塞","summary/history及项目契约文档","文档只作线索，代码与生成结果优先","公共package/版本/frozen/生成兼容责任未排除","未证明存在可安全替代","否；未满足G3十三项与独立复核","生成/编译/路由/SDK/数据库发布首先漂移","[FACT] 自动生成，已核对来源与结构；排除逐行风格审阅；关联F-0039"
"FILE-AU-007-090","package.json","契约质量/历史证据","JSON","b91935135b224fee76fcd554b4fe968d508b981e","158","关键入口/调用/失败区间结构性审阅","Codex主审","2026-09-14","AU-007","CP-07","未发现独立问题","否（若后续升级则重排）","E-AU-007-002/003","是","提供契约、生成、检查或真实消费证据","Git tracked人工文件","package import、质量命令、运行入口或人工流程","见exports.csv或源码声明","仅记录本AU相关消费者","声明源、HTTP输入、数据库或历史状态","契约值、校验结果、运行调用或报告信号","不在本AU推断外部模块完整状态","无直接数据库写或本AU不深审","无直接网络或本AU不深审","无事件或本AU不深审","无环境值读取；正式命令依赖本地node_modules","不替代业务授权；无则不适用","Node 22/npm workspace/TypeScript生成链；正式依赖本环境缺失","无未记录初始化写","见functions.csv；无或仅目录解析","无或不适用","见tests.csv；正式执行均环境阻塞","纯契约不持资源；generator/检查进程退出释放","校验失败抛错/进程退出；运行恢复留消费者专项","见tests.csv及对应*.test.ts/正式检查入口","源码分支已人工评估；正式执行因依赖缺失阻塞","summary/history及项目契约文档","文档只作线索，代码与生成结果优先","相关迁移/运行兼容留专项","未证明存在可安全替代","否；未满足G3十三项与独立复核","对应package、质量门禁或运行调用首先失败","[STRUCTURAL] 只用于本AU反向调用/历史证据，不代表外部模块全面深审"
"FILE-AU-007-091","04_tools/scripts/audit/generated.mjs","契约质量/历史证据","JavaScript源码","b0ca310100e6aa033fe99e92b8773442d4514019","2","关键入口/调用/失败区间结构性审阅","Codex主审","2026-09-14","AU-007","CP-07","P3","否（若后续升级则重排）","E-AU-007-005/006/007/008/009/010/011","是","提供契约、生成、检查或真实消费证据","Git tracked人工文件","package import、质量命令、运行入口或人工流程","见exports.csv或源码声明","仅记录本AU相关消费者","声明源、HTTP输入、数据库或历史状态","契约值、校验结果、运行调用或报告信号","不在本AU推断外部模块完整状态","无直接数据库写或本AU不深审","无直接网络或本AU不深审","无事件或本AU不深审","无环境值读取；正式命令依赖本地node_modules","不替代业务授权；无则不适用","Node 22/npm workspace/TypeScript生成链；正式依赖本环境缺失","无未记录初始化写","见functions.csv；无或仅目录解析","无或不适用","见tests.csv；正式执行均环境阻塞","纯契约不持资源；generator/检查进程退出释放","校验失败抛错/进程退出；运行恢复留消费者专项","见tests.csv及对应*.test.ts/正式检查入口","源码分支已人工评估；正式执行因依赖缺失阻塞","summary/history及项目契约文档","文档只作线索，代码与生成结果优先","相关迁移/运行兼容留专项","audit wrapper与check实现为转发关系，非重复执行者","否；未满足G3十三项与独立复核","对应package、质量门禁或运行调用首先失败","[STRUCTURAL] 只用于本AU反向调用/历史证据，不代表外部模块全面深审；关联F-0042"
"FILE-AU-007-092","04_tools/scripts/audit/operations.mjs","契约质量/历史证据","JavaScript源码","86b1adc49b1064308e8967ba0f3e4ced83010773","7","关键入口/调用/失败区间结构性审阅","Codex主审","2026-09-14","AU-007","CP-07","未发现独立问题","否（若后续升级则重排）","E-AU-007-002/003","是","提供契约、生成、检查或真实消费证据","Git tracked人工文件","package import、质量命令、运行入口或人工流程","见exports.csv或源码声明","仅记录本AU相关消费者","声明源、HTTP输入、数据库或历史状态","契约值、校验结果、运行调用或报告信号","不在本AU推断外部模块完整状态","无直接数据库写或本AU不深审","无直接网络或本AU不深审","无事件或本AU不深审","无环境值读取；正式命令依赖本地node_modules","permission/audience/capability链见F-0036","Node 22/npm workspace/TypeScript生成链；正式依赖本环境缺失","无未记录初始化写","见functions.csv；无或仅目录解析","无或不适用","见tests.csv；正式执行均环境阻塞","纯契约不持资源；generator/检查进程退出释放","校验失败抛错/进程退出；运行恢复留消费者专项","见tests.csv及对应*.test.ts/正式检查入口","源码分支已人工评估；正式执行因依赖缺失阻塞","summary/history及项目契约文档","文档只作线索，代码与生成结果优先","相关迁移/运行兼容留专项","未证明存在可安全替代","否；未满足G3十三项与独立复核","对应package、质量门禁或运行调用首先失败","[STRUCTURAL] 只用于本AU反向调用/历史证据，不代表外部模块全面深审"
"FILE-AU-007-093","04_tools/scripts/audit/events.mjs","契约质量/历史证据","JavaScript源码","1734896efe4713779a534ae4a19a4b8a98078a2b","7","关键入口/调用/失败区间结构性审阅","Codex主审","2026-09-14","AU-007","CP-07","未发现独立问题","否（若后续升级则重排）","E-AU-007-002/003","是","提供契约、生成、检查或真实消费证据","Git tracked人工文件","package import、质量命令、运行入口或人工流程","见exports.csv或源码声明","仅记录本AU相关消费者","声明源、HTTP输入、数据库或历史状态","契约值、校验结果、运行调用或报告信号","不在本AU推断外部模块完整状态","无直接数据库写或本AU不深审","无直接网络或本AU不深审","见events.csv/communications.csv","无环境值读取；正式命令依赖本地node_modules","不替代业务授权；无则不适用","Node 22/npm workspace/TypeScript生成链；正式依赖本环境缺失","无未记录初始化写","见functions.csv；无或仅目录解析","无或不适用","见tests.csv；正式执行均环境阻塞","纯契约不持资源；generator/检查进程退出释放","校验失败抛错/进程退出；运行恢复留消费者专项","见tests.csv及对应*.test.ts/正式检查入口","源码分支已人工评估；正式执行因依赖缺失阻塞","summary/history及项目契约文档","文档只作线索，代码与生成结果优先","相关迁移/运行兼容留专项","未证明存在可安全替代","否；未满足G3十三项与独立复核","对应package、质量门禁或运行调用首先失败","[STRUCTURAL] 只用于本AU反向调用/历史证据，不代表外部模块全面深审"
"FILE-AU-007-094","04_tools/scripts/check/generated.mjs","契约质量/历史证据","JavaScript源码","6e051917bbeff013e8e16920e2f41dd25dd07c01","21","关键入口/调用/失败区间结构性审阅","Codex主审","2026-09-14","AU-007","CP-07","P3","否（若后续升级则重排）","E-AU-007-005/006/007/008/009/010/011","是","提供契约、生成、检查或真实消费证据","Git tracked人工文件","package import、质量命令、运行入口或人工流程","见exports.csv或源码声明","仅记录本AU相关消费者","声明源、HTTP输入、数据库或历史状态","契约值、校验结果、运行调用或报告信号","不在本AU推断外部模块完整状态","无直接数据库写或本AU不深审","无直接网络或本AU不深审","无事件或本AU不深审","无环境值读取；正式命令依赖本地node_modules","不替代业务授权；无则不适用","Node 22/npm workspace/TypeScript生成链；正式依赖本环境缺失","无未记录初始化写","见functions.csv；无或仅目录解析","无或不适用","见tests.csv；正式执行均环境阻塞","纯契约不持资源；generator/检查进程退出释放","校验失败抛错/进程退出；运行恢复留消费者专项","见tests.csv及对应*.test.ts/正式检查入口","源码分支已人工评估；正式执行因依赖缺失阻塞","summary/history及项目契约文档","文档只作线索，代码与生成结果优先","相关迁移/运行兼容留专项","未证明存在可安全替代","否；未满足G3十三项与独立复核","对应package、质量门禁或运行调用首先失败","[STRUCTURAL] 只用于本AU反向调用/历史证据，不代表外部模块全面深审；关联F-0042"
"FILE-AU-007-095","04_tools/scripts/check/errors.mjs","契约质量/历史证据","JavaScript源码","37bdee5e1078bafba1b50d1d9507d1ee1a5ca2b3","53","关键入口/调用/失败区间结构性审阅","Codex主审","2026-09-14","AU-007","CP-07","P2","否（若后续升级则重排）","E-AU-007-005/006/007/008/009/010/011","是","提供契约、生成、检查或真实消费证据","Git tracked人工文件","package import、质量命令、运行入口或人工流程","见exports.csv或源码声明","仅记录本AU相关消费者","声明源、HTTP输入、数据库或历史状态","契约值、校验结果、运行调用或报告信号","不在本AU推断外部模块完整状态","无直接数据库写或本AU不深审","无直接网络或本AU不深审","无事件或本AU不深审","无环境值读取；正式命令依赖本地node_modules","不替代业务授权；无则不适用","Node 22/npm workspace/TypeScript生成链；正式依赖本环境缺失","无未记录初始化写","见functions.csv；无或仅目录解析","无或不适用","见tests.csv；正式执行均环境阻塞","纯契约不持资源；generator/检查进程退出释放","校验失败抛错/进程退出；运行恢复留消费者专项","见tests.csv及对应*.test.ts/正式检查入口","源码分支已人工评估；正式执行因依赖缺失阻塞","summary/history及项目契约文档","文档只作线索，代码与生成结果优先","相关迁移/运行兼容留专项","未证明存在可安全替代","否；未满足G3十三项与独立复核","对应package、质量门禁或运行调用首先失败","[STRUCTURAL] 只用于本AU反向调用/历史证据，不代表外部模块全面深审；关联F-0037"
"FILE-AU-007-096","04_tools/scripts/check/callgraph/catalog.mjs","契约质量/历史证据","JavaScript源码","446cc62419a721dc9437171ac09d7123fe421cd4","87","关键入口/调用/失败区间结构性审阅","Codex主审","2026-09-14","AU-007","CP-07","未发现独立问题","否（若后续升级则重排）","E-AU-007-002/003","是","提供契约、生成、检查或真实消费证据","Git tracked人工文件","package import、质量命令、运行入口或人工流程","见exports.csv或源码声明","仅记录本AU相关消费者","声明源、HTTP输入、数据库或历史状态","契约值、校验结果、运行调用或报告信号","不在本AU推断外部模块完整状态","无直接数据库写或本AU不深审","无直接网络或本AU不深审","无事件或本AU不深审","无环境值读取；正式命令依赖本地node_modules","不替代业务授权；无则不适用","Node 22/npm workspace/TypeScript生成链；正式依赖本环境缺失","无未记录初始化写","见functions.csv；无或仅目录解析","路由/事件/生成/门禁注册职责已记录","见tests.csv；正式执行均环境阻塞","纯契约不持资源；generator/检查进程退出释放","校验失败抛错/进程退出；运行恢复留消费者专项","见tests.csv及对应*.test.ts/正式检查入口","源码分支已人工评估；正式执行因依赖缺失阻塞","summary/history及项目契约文档","文档只作线索，代码与生成结果优先","相关迁移/运行兼容留专项","未证明存在可安全替代","否；未满足G3十三项与独立复核","对应package、质量门禁或运行调用首先失败","[STRUCTURAL] 只用于本AU反向调用/历史证据，不代表外部模块全面深审"
"FILE-AU-007-097","04_tools/scripts/check/callgraph/events.mjs","契约质量/历史证据","JavaScript源码","4f46c3568c2a5074b3dd2a1add0eff83e591740d","35","关键入口/调用/失败区间结构性审阅","Codex主审","2026-09-14","AU-007","CP-07","未发现独立问题","否（若后续升级则重排）","E-AU-007-002/003","是","提供契约、生成、检查或真实消费证据","Git tracked人工文件","package import、质量命令、运行入口或人工流程","见exports.csv或源码声明","仅记录本AU相关消费者","声明源、HTTP输入、数据库或历史状态","契约值、校验结果、运行调用或报告信号","不在本AU推断外部模块完整状态","无直接数据库写或本AU不深审","无直接网络或本AU不深审","见events.csv/communications.csv","无环境值读取；正式命令依赖本地node_modules","不替代业务授权；无则不适用","Node 22/npm workspace/TypeScript生成链；正式依赖本环境缺失","无未记录初始化写","见functions.csv；无或仅目录解析","路由/事件/生成/门禁注册职责已记录","见tests.csv；正式执行均环境阻塞","纯契约不持资源；generator/检查进程退出释放","校验失败抛错/进程退出；运行恢复留消费者专项","见tests.csv及对应*.test.ts/正式检查入口","源码分支已人工评估；正式执行因依赖缺失阻塞","summary/history及项目契约文档","文档只作线索，代码与生成结果优先","相关迁移/运行兼容留专项","未证明存在可安全替代","否；未满足G3十三项与独立复核","对应package、质量门禁或运行调用首先失败","[STRUCTURAL] 只用于本AU反向调用/历史证据，不代表外部模块全面深审"
"FILE-AU-007-098","04_tools/scripts/check/callgraph/operations.mjs","契约质量/历史证据","JavaScript源码","3d2f625f3ad85de48774bd0f5be0be00812e258b","35","关键入口/调用/失败区间结构性审阅","Codex主审","2026-09-14","AU-007","CP-07","未发现独立问题","否（若后续升级则重排）","E-AU-007-002/003","是","提供契约、生成、检查或真实消费证据","Git tracked人工文件","package import、质量命令、运行入口或人工流程","见exports.csv或源码声明","仅记录本AU相关消费者","声明源、HTTP输入、数据库或历史状态","契约值、校验结果、运行调用或报告信号","不在本AU推断外部模块完整状态","无直接数据库写或本AU不深审","无直接网络或本AU不深审","无事件或本AU不深审","无环境值读取；正式命令依赖本地node_modules","permission/audience/capability链见F-0036","Node 22/npm workspace/TypeScript生成链；正式依赖本环境缺失","无未记录初始化写","见functions.csv；无或仅目录解析","路由/事件/生成/门禁注册职责已记录","见tests.csv；正式执行均环境阻塞","纯契约不持资源；generator/检查进程退出释放","校验失败抛错/进程退出；运行恢复留消费者专项","见tests.csv及对应*.test.ts/正式检查入口","源码分支已人工评估；正式执行因依赖缺失阻塞","summary/history及项目契约文档","文档只作线索，代码与生成结果优先","相关迁移/运行兼容留专项","未证明存在可安全替代","否；未满足G3十三项与独立复核","对应package、质量门禁或运行调用首先失败","[STRUCTURAL] 只用于本AU反向调用/历史证据，不代表外部模块全面深审"
"FILE-AU-007-099","02_platform_pingtai/database/contracts/publish.template.sql","数据库契约发布面","SQL","449b1701031ed6611b3b995154c1f24fed959081","353","关键入口/调用/失败区间结构性审阅","Codex主审","2026-09-14","AU-007","CP-07","P3","否（若后续升级则重排）","E-AU-007-005/006/007/008/009/010/011","是","提供契约、生成、检查或真实消费证据","Git tracked人工文件","package import、质量命令、运行入口或人工流程","见exports.csv或源码声明","仅记录本AU相关消费者","声明源、HTTP输入、数据库或历史状态","契约值、校验结果、运行调用或报告信号","不在本AU推断外部模块完整状态","只追契约发布/授权/写入相关语句；未执行数据库","无直接网络或本AU不深审","无事件或本AU不深审","无环境值读取；正式命令依赖本地node_modules","不替代业务授权；无则不适用","Node 22/npm workspace/TypeScript生成链；正式依赖本环境缺失","无未记录初始化写","见functions.csv；无或仅目录解析","无或不适用","见tests.csv；正式执行均环境阻塞","纯契约不持资源；generator/检查进程退出释放","校验失败抛错/进程退出；运行恢复留消费者专项","见tests.csv及对应*.test.ts/正式检查入口","源码分支已人工评估；正式执行因依赖缺失阻塞","summary/history及项目契约文档","文档只作线索，代码与生成结果优先","相关迁移/运行兼容留专项","未证明存在可安全替代","否；未满足G3十三项与独立复核","对应package、质量门禁或运行调用首先失败","[STRUCTURAL] 只用于本AU反向调用/历史证据，不代表外部模块全面深审；关联F-0042"
"FILE-AU-007-100","01_core_hexin/packages/authz/src/PermissionCatalog.ts","授权契约","TypeScript源码","0129ce8f19f4f5e07c29acc3620cb2b97b98b3b8","205","关键入口/调用/失败区间结构性审阅","Codex主审","2026-09-14","AU-007","CP-07","P1候选","是（RV-0008）","E-AU-007-004","是","提供契约、生成、检查或真实消费证据","Git tracked人工文件","package import、质量命令、运行入口或人工流程","见exports.csv或源码声明","仅记录本AU相关消费者","声明源、HTTP输入、数据库或历史状态","契约值、校验结果、运行调用或报告信号","不在本AU推断外部模块完整状态","无直接数据库写或本AU不深审","无直接网络或本AU不深审","无事件或本AU不深审","无环境值读取；正式命令依赖本地node_modules","permission/audience/capability链见F-0036","Node 22/npm workspace/TypeScript生成链；正式依赖本环境缺失","无未记录初始化写","见functions.csv；无或仅目录解析","无或不适用","见tests.csv；正式执行均环境阻塞","纯契约不持资源；generator/检查进程退出释放","校验失败抛错/进程退出；运行恢复留消费者专项","见tests.csv及对应*.test.ts/正式检查入口","源码分支已人工评估；正式执行因依赖缺失阻塞","summary/history及项目契约文档","文档只作线索，代码与生成结果优先","相关迁移/运行兼容留专项","未证明存在可安全替代","否；未满足G3十三项与独立复核","对应package、质量门禁或运行调用首先失败","[STRUCTURAL] 只用于本AU反向调用/历史证据，不代表外部模块全面深审；关联F-0036"
"FILE-AU-007-101","01_core_hexin/services/commerce/src/foundation/application/ModuleOperations.ts","Commerce契约消费者","TypeScript源码","f39723ed3076a25f80b103088d6658e736352254","272","关键入口/调用/失败区间结构性审阅","Codex主审","2026-09-14","AU-007","CP-07","P2","否（若后续升级则重排）","E-AU-007-005/006/007/008/009/010/011","是","提供契约、生成、检查或真实消费证据","Git tracked人工文件","package import、质量命令、运行入口或人工流程","见exports.csv或源码声明","仅记录本AU相关消费者","声明源、HTTP输入、数据库或历史状态","契约值、校验结果、运行调用或报告信号","不在本AU推断外部模块完整状态","无直接数据库写或本AU不深审","无直接网络或本AU不深审","无事件或本AU不深审","无环境值读取；正式命令依赖本地node_modules","不替代业务授权；无则不适用","Node 22/npm workspace/TypeScript生成链；正式依赖本环境缺失","无未记录初始化写","见functions.csv；无或仅目录解析","无或不适用","见tests.csv；正式执行均环境阻塞","纯契约不持资源；generator/检查进程退出释放","校验失败抛错/进程退出；运行恢复留消费者专项","见tests.csv及对应*.test.ts/正式检查入口","源码分支已人工评估；正式执行因依赖缺失阻塞","summary/history及项目契约文档","文档只作线索，代码与生成结果优先","相关迁移/运行兼容留专项","未证明存在可安全替代","否；未满足G3十三项与独立复核","对应package、质量门禁或运行调用首先失败","[STRUCTURAL] 只用于本AU反向调用/历史证据，不代表外部模块全面深审；关联F-0040"
"FILE-AU-007-102","01_core_hexin/services/commerce/src/foundation/application/ExecutionKernel.ts","Commerce契约消费者","TypeScript源码","50bb6f2dc0058c9017261473a95aa0b11837caef","208","关键入口/调用/失败区间结构性审阅","Codex主审","2026-09-14","AU-007","CP-07","P2","否（若后续升级则重排）","E-AU-007-005/006/007/008/009/010/011","是","提供契约、生成、检查或真实消费证据","Git tracked人工文件","package import、质量命令、运行入口或人工流程","见exports.csv或源码声明","仅记录本AU相关消费者","声明源、HTTP输入、数据库或历史状态","契约值、校验结果、运行调用或报告信号","不在本AU推断外部模块完整状态","无直接数据库写或本AU不深审","无直接网络或本AU不深审","无事件或本AU不深审","无环境值读取；正式命令依赖本地node_modules","不替代业务授权；无则不适用","Node 22/npm workspace/TypeScript生成链；正式依赖本环境缺失","无未记录初始化写","见functions.csv；无或仅目录解析","无或不适用","见tests.csv；正式执行均环境阻塞","纯契约不持资源；generator/检查进程退出释放","校验失败抛错/进程退出；运行恢复留消费者专项","见tests.csv及对应*.test.ts/正式检查入口","源码分支已人工评估；正式执行因依赖缺失阻塞","summary/history及项目契约文档","文档只作线索，代码与生成结果优先","相关迁移/运行兼容留专项","未证明存在可安全替代","否；未满足G3十三项与独立复核","对应package、质量门禁或运行调用首先失败","[STRUCTURAL] 只用于本AU反向调用/历史证据，不代表外部模块全面深审；关联F-0040"
"FILE-AU-007-103","01_core_hexin/services/commerce/src/foundation/infrastructure/RuntimeEventPublisher.ts","Commerce契约消费者","TypeScript源码","8cb857f288f2ac42cbed40f3449adccb6ce83251","28","关键入口/调用/失败区间结构性审阅","Codex主审","2026-09-14","AU-007","CP-07","未发现独立问题","否（若后续升级则重排）","E-AU-007-002/003","是","提供契约、生成、检查或真实消费证据","Git tracked人工文件","package import、质量命令、运行入口或人工流程","见exports.csv或源码声明","仅记录本AU相关消费者","声明源、HTTP输入、数据库或历史状态","契约值、校验结果、运行调用或报告信号","不在本AU推断外部模块完整状态","无直接数据库写或本AU不深审","无直接网络或本AU不深审","见events.csv/communications.csv","无环境值读取；正式命令依赖本地node_modules","不替代业务授权；无则不适用","Node 22/npm workspace/TypeScript生成链；正式依赖本环境缺失","无未记录初始化写","见functions.csv；无或仅目录解析","无或不适用","见tests.csv；正式执行均环境阻塞","纯契约不持资源；generator/检查进程退出释放","校验失败抛错/进程退出；运行恢复留消费者专项","见tests.csv及对应*.test.ts/正式检查入口","源码分支已人工评估；正式执行因依赖缺失阻塞","summary/history及项目契约文档","文档只作线索，代码与生成结果优先","相关迁移/运行兼容留专项","未证明存在可安全替代","否；未满足G3十三项与独立复核","对应package、质量门禁或运行调用首先失败","[STRUCTURAL] 只用于本AU反向调用/历史证据，不代表外部模块全面深审"
"FILE-AU-007-104","01_core_hexin/services/commerce/src/foundation/security/AccessPipeline.ts","Commerce契约消费者","TypeScript源码","3dc40a639721ca6d052620150f225ea5adfaea48","150","关键入口/调用/失败区间结构性审阅","Codex主审","2026-09-14","AU-007","CP-07","P1候选","是（RV-0008）","E-AU-007-004","是","提供契约、生成、检查或真实消费证据","Git tracked人工文件","package import、质量命令、运行入口或人工流程","见exports.csv或源码声明","仅记录本AU相关消费者","声明源、HTTP输入、数据库或历史状态","契约值、校验结果、运行调用或报告信号","不在本AU推断外部模块完整状态","无直接数据库写或本AU不深审","无直接网络或本AU不深审","无事件或本AU不深审","无环境值读取；正式命令依赖本地node_modules","permission/audience/capability链见F-0036","Node 22/npm workspace/TypeScript生成链；正式依赖本环境缺失","无未记录初始化写","见functions.csv；无或仅目录解析","无或不适用","见tests.csv；正式执行均环境阻塞","纯契约不持资源；generator/检查进程退出释放","校验失败抛错/进程退出；运行恢复留消费者专项","见tests.csv及对应*.test.ts/正式检查入口","源码分支已人工评估；正式执行因依赖缺失阻塞","summary/history及项目契约文档","文档只作线索，代码与生成结果优先","相关迁移/运行兼容留专项","未证明存在可安全替代","否；未满足G3十三项与独立复核","对应package、质量门禁或运行调用首先失败","[STRUCTURAL] 只用于本AU反向调用/历史证据，不代表外部模块全面深审；关联F-0036"
"FILE-AU-007-105","01_core_hexin/services/commerce/src/foundation/security/PgAccessResolvers.ts","Commerce契约消费者","TypeScript源码","50d7c736dbeaf27c42940329c373ac8f7fee9f03","166","关键入口/调用/失败区间结构性审阅","Codex主审","2026-09-14","AU-007","CP-07","P1候选","是（RV-0008）","E-AU-007-004","是","提供契约、生成、检查或真实消费证据","Git tracked人工文件","package import、质量命令、运行入口或人工流程","见exports.csv或源码声明","仅记录本AU相关消费者","声明源、HTTP输入、数据库或历史状态","契约值、校验结果、运行调用或报告信号","不在本AU推断外部模块完整状态","只追契约发布/授权/写入相关语句；未执行数据库","无直接网络或本AU不深审","无事件或本AU不深审","无环境值读取；正式命令依赖本地node_modules","不替代业务授权；无则不适用","Node 22/npm workspace/TypeScript生成链；正式依赖本环境缺失","无未记录初始化写","见functions.csv；无或仅目录解析","无或不适用","见tests.csv；正式执行均环境阻塞","纯契约不持资源；generator/检查进程退出释放","校验失败抛错/进程退出；运行恢复留消费者专项","见tests.csv及对应*.test.ts/正式检查入口","源码分支已人工评估；正式执行因依赖缺失阻塞","summary/history及项目契约文档","文档只作线索，代码与生成结果优先","相关迁移/运行兼容留专项","未证明存在可安全替代","否；未满足G3十三项与独立复核","对应package、质量门禁或运行调用首先失败","[STRUCTURAL] 只用于本AU反向调用/历史证据，不代表外部模块全面深审；关联F-0036"
"FILE-AU-007-106","01_core_hexin/services/commerce/src/foundation/interface/ErrorMapper.ts","Commerce契约消费者","TypeScript源码","01f732aaabdb4afa769db29086a7ebb8130d4929","24","关键入口/调用/失败区间结构性审阅","Codex主审","2026-09-14","AU-007","CP-07","P2","否（若后续升级则重排）","E-AU-007-005/006/007/008/009/010/011","是","提供契约、生成、检查或真实消费证据","Git tracked人工文件","package import、质量命令、运行入口或人工流程","见exports.csv或源码声明","仅记录本AU相关消费者","声明源、HTTP输入、数据库或历史状态","契约值、校验结果、运行调用或报告信号","不在本AU推断外部模块完整状态","无直接数据库写或本AU不深审","无直接网络或本AU不深审","无事件或本AU不深审","无环境值读取；正式命令依赖本地node_modules","不替代业务授权；无则不适用","Node 22/npm workspace/TypeScript生成链；正式依赖本环境缺失","无未记录初始化写","见functions.csv；无或仅目录解析","无或不适用","见tests.csv；正式执行均环境阻塞","纯契约不持资源；generator/检查进程退出释放","校验失败抛错/进程退出；运行恢复留消费者专项","见tests.csv及对应*.test.ts/正式检查入口","源码分支已人工评估；正式执行因依赖缺失阻塞","summary/history及项目契约文档","文档只作线索，代码与生成结果优先","相关迁移/运行兼容留专项","未证明存在可安全替代","否；未满足G3十三项与独立复核","对应package、质量门禁或运行调用首先失败","[STRUCTURAL] 只用于本AU反向调用/历史证据，不代表外部模块全面深审；关联F-0037"
"FILE-AU-007-107","01_core_hexin/services/commerce/src/modules/member/03_application_yingyong/MemberCustomProfileOperations.ts","Commerce契约消费者","TypeScript源码","990a3bd9fc2ef5deabff66481ffcdacda1a9be96","143","关键入口/调用/失败区间结构性审阅","Codex主审","2026-09-14","AU-007","CP-07","P1候选","是（RV-0008）","E-AU-007-004","是","提供契约、生成、检查或真实消费证据","Git tracked人工文件","package import、质量命令、运行入口或人工流程","见exports.csv或源码声明","仅记录本AU相关消费者","声明源、HTTP输入、数据库或历史状态","契约值、校验结果、运行调用或报告信号","不在本AU推断外部模块完整状态","只追契约发布/授权/写入相关语句；未执行数据库","无直接网络或本AU不深审","无事件或本AU不深审","无环境值读取；正式命令依赖本地node_modules","permission/audience/capability链见F-0036","Node 22/npm workspace/TypeScript生成链；正式依赖本环境缺失","无未记录初始化写","见functions.csv；无或仅目录解析","无或不适用","见tests.csv；正式执行均环境阻塞","纯契约不持资源；generator/检查进程退出释放","校验失败抛错/进程退出；运行恢复留消费者专项","见tests.csv及对应*.test.ts/正式检查入口","源码分支已人工评估；正式执行因依赖缺失阻塞","summary/history及项目契约文档","文档只作线索，代码与生成结果优先","相关迁移/运行兼容留专项","未证明存在可安全替代","否；未满足G3十三项与独立复核","对应package、质量门禁或运行调用首先失败","[STRUCTURAL] 只用于本AU反向调用/历史证据，不代表外部模块全面深审；关联F-0036"
"FILE-AU-007-108","01_core_hexin/apps/console/src/feature/storefront-member/StorefrontMemberCommand.ts","Console契约消费者","TypeScript源码","2e716aa027f16b7dc7828da42fcef683346af4c8","28","关键入口/调用/失败区间结构性审阅","Codex主审","2026-09-14","AU-007","CP-07","P1候选","是（RV-0008）","E-AU-007-004","是","提供契约、生成、检查或真实消费证据","Git tracked人工文件","package import、质量命令、运行入口或人工流程","见exports.csv或源码声明","仅记录本AU相关消费者","声明源、HTTP输入、数据库或历史状态","契约值、校验结果、运行调用或报告信号","不在本AU推断外部模块完整状态","无直接数据库写或本AU不深审","无直接网络或本AU不深审","无事件或本AU不深审","无环境值读取；正式命令依赖本地node_modules","permission/audience/capability链见F-0036","Node 22/npm workspace/TypeScript生成链；正式依赖本环境缺失","无未记录初始化写","见functions.csv；无或仅目录解析","无或不适用","见tests.csv；正式执行均环境阻塞","纯契约不持资源；generator/检查进程退出释放","校验失败抛错/进程退出；运行恢复留消费者专项","见tests.csv及对应*.test.ts/正式检查入口","源码分支已人工评估；正式执行因依赖缺失阻塞","summary/history及项目契约文档","文档只作线索，代码与生成结果优先","相关迁移/运行兼容留专项","未证明存在可安全替代","否；未满足G3十三项与独立复核","对应package、质量门禁或运行调用首先失败","[STRUCTURAL] 只用于本AU反向调用/历史证据，不代表外部模块全面深审；关联F-0036"
"FILE-AU-007-109","01_core_hexin/apps/console/src/feature/storefront-member/StorefrontMemberRoute.test.tsx","Console契约消费者","TSX源码","d5ed2752cadfbd2f86f2a362db02cc1d6efb966e","390","关键入口/调用/失败区间结构性审阅","Codex主审","2026-09-14","AU-007","CP-07","P1候选","是（RV-0008）","E-AU-007-004","是","提供契约、生成、检查或真实消费证据","Git tracked人工文件","package import、质量命令、运行入口或人工流程","见exports.csv或源码声明","仅记录本AU相关消费者","声明源、HTTP输入、数据库或历史状态","契约值、校验结果、运行调用或报告信号","不在本AU推断外部模块完整状态","无直接数据库写或本AU不深审","无直接网络或本AU不深审","无事件或本AU不深审","无环境值读取；正式命令依赖本地node_modules","permission/audience/capability链见F-0036","Node 22/npm workspace/TypeScript生成链；正式依赖本环境缺失","无未记录初始化写","见functions.csv；无或仅目录解析","无或不适用","见tests.csv；正式执行均环境阻塞","纯契约不持资源；generator/检查进程退出释放","校验失败抛错/进程退出；运行恢复留消费者专项","见tests.csv及对应*.test.ts/正式检查入口","源码分支已人工评估；正式执行因依赖缺失阻塞","summary/history及项目契约文档","文档只作线索，代码与生成结果优先","相关迁移/运行兼容留专项","未证明存在可安全替代","否；未满足G3十三项与独立复核","对应package、质量门禁或运行调用首先失败","[STRUCTURAL] 只用于本AU反向调用/历史证据，不代表外部模块全面深审；关联F-0036"
"FILE-AU-007-110","04_tools/scripts/build-miniapp-contract.mjs","契约质量/历史证据","JavaScript源码","57e04ed75820929d61d0991bc66b681555f30222","20","关键入口/调用/失败区间结构性审阅","Codex主审","2026-09-14","AU-007","CP-07","未发现独立问题","否（若后续升级则重排）","E-AU-007-002/003","是","提供契约、生成、检查或真实消费证据","Git tracked人工文件","package import、质量命令、运行入口或人工流程","见exports.csv或源码声明","仅记录本AU相关消费者","声明源、HTTP输入、数据库或历史状态","契约值、校验结果、运行调用或报告信号","不在本AU推断外部模块完整状态","无直接数据库写或本AU不深审","无直接网络或本AU不深审","无事件或本AU不深审","无环境值读取；正式命令依赖本地node_modules","不替代业务授权；无则不适用","Node 22/npm workspace/TypeScript生成链；正式依赖本环境缺失","无未记录初始化写","见functions.csv；无或仅目录解析","无或不适用","见tests.csv；正式执行均环境阻塞","纯契约不持资源；generator/检查进程退出释放","校验失败抛错/进程退出；运行恢复留消费者专项","见tests.csv及对应*.test.ts/正式检查入口","源码分支已人工评估；正式执行因依赖缺失阻塞","summary/history及项目契约文档","文档只作线索，代码与生成结果优先","相关迁移/运行兼容留专项","未证明存在可安全替代","否；未满足G3十三项与独立复核","对应package、质量门禁或运行调用首先失败","[STRUCTURAL] 只用于本AU反向调用/历史证据，不代表外部模块全面深审"
"FILE-AU-007-111","01_core_hexin/services/commerce/src/bootstrap/RuntimeCompatibility.ts","Commerce契约消费者","TypeScript源码","b47331570f4ca313bf02583d60d8d69fea95b602","80","关键入口/调用/失败区间结构性审阅","Codex主审","2026-09-14","AU-007","CP-07","未发现独立问题","否（若后续升级则重排）","E-AU-007-002/003","是","提供契约、生成、检查或真实消费证据","Git tracked人工文件","package import、质量命令、运行入口或人工流程","见exports.csv或源码声明","仅记录本AU相关消费者","声明源、HTTP输入、数据库或历史状态","契约值、校验结果、运行调用或报告信号","不在本AU推断外部模块完整状态","无直接数据库写或本AU不深审","无直接网络或本AU不深审","无事件或本AU不深审","无环境值读取；正式命令依赖本地node_modules","不替代业务授权；无则不适用","Node 22/npm workspace/TypeScript生成链；正式依赖本环境缺失","无未记录初始化写","见functions.csv；无或仅目录解析","无或不适用","见tests.csv；正式执行均环境阻塞","纯契约不持资源；generator/检查进程退出释放","校验失败抛错/进程退出；运行恢复留消费者专项","见tests.csv及对应*.test.ts/正式检查入口","源码分支已人工评估；正式执行因依赖缺失阻塞","summary/history及项目契约文档","文档只作线索，代码与生成结果优先","相关迁移/运行兼容留专项","未证明存在可安全替代","否；未满足G3十三项与独立复核","对应package、质量门禁或运行调用首先失败","[STRUCTURAL] 只用于本AU反向调用/历史证据，不代表外部模块全面深审"
"FILE-AU-007-112","01_core_hexin/services/commerce/src/bootstrap/RuntimeCompatibility.test.ts","Commerce契约消费者","TypeScript源码","b5370af53328d2a29a19c38a82ed972dc743d301","143","关键入口/调用/失败区间结构性审阅","Codex主审","2026-09-14","AU-007","CP-07","未发现独立问题","否（若后续升级则重排）","E-AU-007-002/003","是","提供契约、生成、检查或真实消费证据","Git tracked人工文件","package import、质量命令、运行入口或人工流程","见exports.csv或源码声明","仅记录本AU相关消费者","声明源、HTTP输入、数据库或历史状态","契约值、校验结果、运行调用或报告信号","不在本AU推断外部模块完整状态","无直接数据库写或本AU不深审","无直接网络或本AU不深审","无事件或本AU不深审","无环境值读取；正式命令依赖本地node_modules","不替代业务授权；无则不适用","Node 22/npm workspace/TypeScript生成链；正式依赖本环境缺失","无未记录初始化写","见functions.csv；无或仅目录解析","无或不适用","见tests.csv；正式执行均环境阻塞","纯契约不持资源；generator/检查进程退出释放","校验失败抛错/进程退出；运行恢复留消费者专项","见tests.csv及对应*.test.ts/正式检查入口","源码分支已人工评估；正式执行因依赖缺失阻塞","summary/history及项目契约文档","文档只作线索，代码与生成结果优先","相关迁移/运行兼容留专项","未证明存在可安全替代","否；未满足G3十三项与独立复核","对应package、质量门禁或运行调用首先失败","[STRUCTURAL] 只用于本AU反向调用/历史证据，不代表外部模块全面深审"
"FILE-AU-007-113","01_core_hexin/packages/config/src/Release.ts","契约质量/历史证据","TypeScript源码","752c9fb812f1560deaa6e49fdb0a92857b681c6b","6","关键入口/调用/失败区间结构性审阅","Codex主审","2026-09-14","AU-007","CP-07","未发现独立问题","否（若后续升级则重排）","E-AU-007-002/003","是","提供契约、生成、检查或真实消费证据","Git tracked人工文件","package import、质量命令、运行入口或人工流程","见exports.csv或源码声明","仅记录本AU相关消费者","声明源、HTTP输入、数据库或历史状态","契约值、校验结果、运行调用或报告信号","不在本AU推断外部模块完整状态","无直接数据库写或本AU不深审","无直接网络或本AU不深审","无事件或本AU不深审","无环境值读取；正式命令依赖本地node_modules","不替代业务授权；无则不适用","Node 22/npm workspace/TypeScript生成链；正式依赖本环境缺失","无未记录初始化写","见functions.csv；无或仅目录解析","无或不适用","见tests.csv；正式执行均环境阻塞","纯契约不持资源；generator/检查进程退出释放","校验失败抛错/进程退出；运行恢复留消费者专项","见tests.csv及对应*.test.ts/正式检查入口","源码分支已人工评估；正式执行因依赖缺失阻塞","summary/history及项目契约文档","文档只作线索，代码与生成结果优先","相关迁移/运行兼容留专项","未证明存在可安全替代","否；未满足G3十三项与独立复核","对应package、质量门禁或运行调用首先失败","[STRUCTURAL] 只用于本AU反向调用/历史证据，不代表外部模块全面深审"
"FILE-AU-007-114","05_docs_ziliao/docs_wendang/voucher/Operations.md","契约质量/历史证据","文档","51a83a4b865b441f72218cedd89eedf24a2f330b","186","关键入口/调用/失败区间结构性审阅","Codex主审","2026-09-14","AU-007","CP-07","P3","否（若后续升级则重排）","E-AU-007-005/006/007/008/009/010/011","是","提供契约、生成、检查或真实消费证据","Git tracked人工文件","package import、质量命令、运行入口或人工流程","见exports.csv或源码声明","仅记录本AU相关消费者","声明源、HTTP输入、数据库或历史状态","契约值、校验结果、运行调用或报告信号","不在本AU推断外部模块完整状态","无直接数据库写或本AU不深审","无直接网络或本AU不深审","无事件或本AU不深审","无环境值读取；正式命令依赖本地node_modules","不替代业务授权；无则不适用","Node 22/npm workspace/TypeScript生成链；正式依赖本环境缺失","无未记录初始化写","见functions.csv；无或仅目录解析","无或不适用","见tests.csv；正式执行均环境阻塞","纯契约不持资源；generator/检查进程退出释放","校验失败抛错/进程退出；运行恢复留消费者专项","见tests.csv及对应*.test.ts/正式检查入口","源码分支已人工评估；正式执行因依赖缺失阻塞","本文件本身","[STALE] 声称capabilities.yml已删除","相关迁移/运行兼容留专项","未证明存在可安全替代","否；未满足G3十三项与独立复核","对应package、质量门禁或运行调用首先失败","[STRUCTURAL] 只用于本AU反向调用/历史证据，不代表外部模块全面深审；关联F-0041"
"FILE-AU-007-115","02_platform_pingtai/database/supabase/migrations/20260911010000_add_storefront_member_custom_profile.sql","数据库契约发布面","SQL","8586993d316e15a42db666654ca081238afcbeed","61","关键入口/调用/失败区间结构性审阅","Codex主审","2026-09-14","AU-007","CP-07","P1候选","是（RV-0008）","E-AU-007-004","是","提供契约、生成、检查或真实消费证据","Git tracked人工文件","package import、质量命令、运行入口或人工流程","见exports.csv或源码声明","仅记录本AU相关消费者","声明源、HTTP输入、数据库或历史状态","契约值、校验结果、运行调用或报告信号","不在本AU推断外部模块完整状态","只追契约发布/授权/写入相关语句；未执行数据库","无直接网络或本AU不深审","无事件或本AU不深审","无环境值读取；正式命令依赖本地node_modules","不替代业务授权；无则不适用","Node 22/npm workspace/TypeScript生成链；正式依赖本环境缺失","无未记录初始化写","见functions.csv；无或仅目录解析","无或不适用","见tests.csv；正式执行均环境阻塞","纯契约不持资源；generator/检查进程退出释放","校验失败抛错/进程退出；运行恢复留消费者专项","见tests.csv及对应*.test.ts/正式检查入口","源码分支已人工评估；正式执行因依赖缺失阻塞","summary/history及项目契约文档","文档只作线索，代码与生成结果优先","相关迁移/运行兼容留专项","未证明存在可安全替代","否；未满足G3十三项与独立复核","对应package、质量门禁或运行调用首先失败","[STRUCTURAL] 只用于本AU反向调用/历史证据，不代表外部模块全面深审；关联F-0036"
"FILE-AU-007-116","02_platform_pingtai/database/supabase/migrations/20260829060000_zhudatuan_operator_invitation_registration.sql","数据库契约发布面","SQL","f4f88cae2352774bccf9f30f41b6da336cf3295d","913","关键入口/调用/失败区间结构性审阅","Codex主审","2026-09-14","AU-007","CP-07","P1候选","是（RV-0008）","E-AU-007-004","是","提供契约、生成、检查或真实消费证据","Git tracked人工文件","package import、质量命令、运行入口或人工流程","见exports.csv或源码声明","仅记录本AU相关消费者","声明源、HTTP输入、数据库或历史状态","契约值、校验结果、运行调用或报告信号","不在本AU推断外部模块完整状态","只追契约发布/授权/写入相关语句；未执行数据库","无直接网络或本AU不深审","无事件或本AU不深审","无环境值读取；正式命令依赖本地node_modules","不替代业务授权；无则不适用","Node 22/npm workspace/TypeScript生成链；正式依赖本环境缺失","无未记录初始化写","见functions.csv；无或仅目录解析","无或不适用","见tests.csv；正式执行均环境阻塞","纯契约不持资源；generator/检查进程退出释放","校验失败抛错/进程退出；运行恢复留消费者专项","见tests.csv及对应*.test.ts/正式检查入口","源码分支已人工评估；正式执行因依赖缺失阻塞","summary/history及项目契约文档","文档只作线索，代码与生成结果优先","相关迁移/运行兼容留专项","未证明存在可安全替代","否；未满足G3十三项与独立复核","对应package、质量门禁或运行调用首先失败","[STRUCTURAL] 只用于本AU反向调用/历史证据，不代表外部模块全面深审；关联F-0036"
"FILE-AU-007-117","02_platform_pingtai/database/supabase/migrations/20260912240000_bind_permission_reads_to_session_membership.sql","数据库契约发布面","SQL","5932616b4d55629a1827494949dd3ecd298a44d6","195","关键入口/调用/失败区间结构性审阅","Codex主审","2026-09-14","AU-007","CP-07","P1候选","是（RV-0008）","E-AU-007-004","是","提供契约、生成、检查或真实消费证据","Git tracked人工文件","package import、质量命令、运行入口或人工流程","见exports.csv或源码声明","仅记录本AU相关消费者","声明源、HTTP输入、数据库或历史状态","契约值、校验结果、运行调用或报告信号","不在本AU推断外部模块完整状态","只追契约发布/授权/写入相关语句；未执行数据库","无直接网络或本AU不深审","无事件或本AU不深审","无环境值读取；正式命令依赖本地node_modules","不替代业务授权；无则不适用","Node 22/npm workspace/TypeScript生成链；正式依赖本环境缺失","无未记录初始化写","见functions.csv；无或仅目录解析","无或不适用","见tests.csv；正式执行均环境阻塞","纯契约不持资源；generator/检查进程退出释放","校验失败抛错/进程退出；运行恢复留消费者专项","见tests.csv及对应*.test.ts/正式检查入口","源码分支已人工评估；正式执行因依赖缺失阻塞","summary/history及项目契约文档","文档只作线索，代码与生成结果优先","相关迁移/运行兼容留专项","未证明存在可安全替代","否；未满足G3十三项与独立复核","对应package、质量门禁或运行调用首先失败","[STRUCTURAL] 只用于本AU反向调用/历史证据，不代表外部模块全面深审；关联F-0036"
