编号,定义位置,Operation,owner,method,path,audience,permission,availability,execution,idempotency,expectedVersion,writePath,requestFields,responseFields,requirements,controller,handler,sdk,审阅结论
OP-AU-007-001,01_core_hexin/packages/contract/definitions/operations.yml:3,runtime.health.live,runtime,GET,/health/live,public,,runtime,sync,none,none,none,未声明,未声明,MVP03|MVP04|MVP05|MVP06|MVP07|MVP08|MVP09|MVP10|MVP11|MVP12|MVP13|MVP14|MVP15|MVP16|MVP17|MVP18|MVP19|MVP20|MVP21|MVP22|MVP23,01_core_hexin/services/commerce/src/foundation/interface/OperationController.ts,01_core_hexin/services/commerce/src/foundation/application/OperationHandler.ts,01_core_hexin/packages/sdk/src/operations/runtime.ts,[FACT] 已逐记录审阅；未发现该记录独立问题
OP-AU-007-002,01_core_hexin/packages/contract/definitions/operations.yml:35,runtime.health.ready,runtime,GET,/health/ready,public,,runtime,sync,none,none,none,未声明,未声明,MVP03|MVP04|MVP05|MVP06|MVP07|MVP08|MVP09|MVP10|MVP11|MVP12|MVP13|MVP14|MVP15|MVP16|MVP17|MVP18|MVP19|MVP20|MVP21|MVP22|MVP23,01_core_hexin/services/commerce/src/foundation/interface/OperationController.ts,01_core_hexin/services/commerce/src/foundation/application/OperationHandler.ts,01_core_hexin/packages/sdk/src/operations/runtime.ts,[FACT] 已逐记录审阅；未发现该记录独立问题
OP-AU-007-003,01_core_hexin/packages/contract/definitions/operations.yml:46,runtime.health.startup,runtime,GET,/health/startup,public,,runtime,sync,none,none,none,未声明,未声明,MVP03|MVP04|MVP05|MVP06|MVP07|MVP08|MVP09|MVP10|MVP11|MVP12|MVP13|MVP14|MVP15|MVP16|MVP17|MVP18|MVP19|MVP20|MVP21|MVP22|MVP23,01_core_hexin/services/commerce/src/foundation/interface/OperationController.ts,01_core_hexin/services/commerce/src/foundation/application/OperationHandler.ts,01_core_hexin/packages/sdk/src/operations/runtime.ts,[FACT] 已逐记录审阅；未发现该记录独立问题
OP-AU-007-004,01_core_hexin/packages/contract/definitions/operations.yml:57,runtime.health.dependency,runtime,GET,/health/dependency,operator,runtime.health.read,runtime,sync,none,none,none,未声明,未声明,MVP03|MVP04|MVP05|MVP06|MVP07|MVP08|MVP09|MVP10|MVP11|MVP12|MVP13|MVP14|MVP15|MVP16|MVP17|MVP18|MVP19|MVP20|MVP21|MVP22|MVP23,01_core_hexin/services/commerce/src/foundation/interface/OperationController.ts,01_core_hexin/services/commerce/src/foundation/application/OperationHandler.ts,01_core_hexin/packages/sdk/src/operations/runtime.ts,[FACT] 已逐记录审阅；未发现该记录独立问题
OP-AU-007-005,01_core_hexin/packages/contract/definitions/operations.yml:69,identity.sessions.create,identity,POST,/api/v1/identity/sessions,public,,runtime,sync,required,optional,transactional,13,38,MVP03|MVP04|MVP05|MVP06|MVP07|MVP08|MVP09|MVP10|MVP11|MVP12|MVP13|MVP14|MVP15|MVP16|MVP17|MVP18|MVP19|MVP20|MVP21|MVP22|MVP23,01_core_hexin/services/commerce/src/foundation/interface/OperationController.ts,01_core_hexin/services/commerce/src/foundation/application/OperationHandler.ts,01_core_hexin/packages/sdk/src/operations/identity.ts,[FACT] 已逐记录审阅；关联F-0038
OP-AU-007-006,01_core_hexin/packages/contract/definitions/operations.yml:82,identity.loginintents.create,identity,POST,/api/v1/identity/login-intents,member,identity.session.read,runtime,sync,required,optional,transactional,13,37,MVP03|MVP04|MVP05|MVP06|MVP07|MVP08|MVP09|MVP10|MVP11|MVP12|MVP13|MVP14|MVP15|MVP16|MVP17|MVP18|MVP19|MVP20|MVP21|MVP22|MVP23,01_core_hexin/services/commerce/src/foundation/interface/OperationController.ts,01_core_hexin/services/commerce/src/foundation/application/OperationHandler.ts,01_core_hexin/packages/sdk/src/operations/identity.ts,[FACT] 已逐记录审阅；关联F-0038
OP-AU-007-007,01_core_hexin/packages/contract/definitions/operations.yml:96,identity.tickets.exchange,identity,POST,/api/v1/identity/tickets/exchange,public,,runtime,sync,required,optional,transactional,4,2,MVP03|MVP04|MVP05|MVP06|MVP07|MVP08|MVP09|MVP10|MVP11|MVP12|MVP13|MVP14|MVP15|MVP16|MVP17|MVP18|MVP19|MVP20|MVP21|MVP22|MVP23,01_core_hexin/services/commerce/src/foundation/interface/OperationController.ts,01_core_hexin/services/commerce/src/foundation/application/OperationHandler.ts,01_core_hexin/packages/sdk/src/operations/identity.ts,[FACT] 已逐记录审阅；关联F-0038
OP-AU-007-008,01_core_hexin/packages/contract/definitions/operations.yml:109,identity.session.read,identity,GET,/api/v1/identity/session,member,identity.session.read,runtime,sync,none,none,none,未声明,未声明,MVP03|MVP04|MVP05|MVP06|MVP07|MVP08|MVP09|MVP10|MVP11|MVP12|MVP13|MVP14|MVP15|MVP16|MVP17|MVP18|MVP19|MVP20|MVP21|MVP22|MVP23,01_core_hexin/services/commerce/src/foundation/interface/OperationController.ts,01_core_hexin/services/commerce/src/foundation/application/OperationHandler.ts,01_core_hexin/packages/sdk/src/operations/identity.ts,[FACT] 已逐记录审阅；未发现该记录独立问题
OP-AU-007-009,01_core_hexin/packages/contract/definitions/operations.yml:121,identity.session.delete,identity,DELETE,/api/v1/identity/session,member,identity.session.manage,runtime,sync,required,optional,transactional,13,36,MVP03|MVP04|MVP05|MVP06|MVP07|MVP08|MVP09|MVP10|MVP11|MVP12|MVP13|MVP14|MVP15|MVP16|MVP17|MVP18|MVP19|MVP20|MVP21|MVP22|MVP23,01_core_hexin/services/commerce/src/foundation/interface/OperationController.ts,01_core_hexin/services/commerce/src/foundation/application/OperationHandler.ts,01_core_hexin/packages/sdk/src/operations/identity.ts,[FACT] 已逐记录审阅；关联F-0038
OP-AU-007-010,01_core_hexin/packages/contract/definitions/operations.yml:135,identity.sessions.read,identity,GET,/api/v1/identity/sessions,member,identity.session.read,runtime,sync,none,none,none,未声明,未声明,MVP21,01_core_hexin/services/commerce/src/foundation/interface/OperationController.ts,01_core_hexin/services/commerce/src/foundation/application/OperationHandler.ts,01_core_hexin/packages/sdk/src/operations/identity.ts,[FACT] 已逐记录审阅；未发现该记录独立问题
OP-AU-007-011,01_core_hexin/packages/contract/definitions/operations.yml:148,identity.sessions.revoke,identity,DELETE,/api/v1/identity/sessions/{sessionid},member,identity.session.manage,runtime,sync,required,optional,transactional,13,36,MVP21,01_core_hexin/services/commerce/src/foundation/interface/OperationController.ts,01_core_hexin/services/commerce/src/foundation/application/OperationHandler.ts,01_core_hexin/packages/sdk/src/operations/identity.ts,[FACT] 已逐记录审阅；关联F-0038
OP-AU-007-012,01_core_hexin/packages/contract/definitions/operations.yml:163,identity.challenges.create,identity,POST,/api/v1/identity/challenges,public,,runtime,sync,required,optional,transactional,15,41,MVP03|MVP04|MVP05|MVP06|MVP07|MVP08|MVP09|MVP10|MVP11|MVP12|MVP13|MVP14|MVP15|MVP16|MVP17|MVP18|MVP19|MVP20|MVP21|MVP22|MVP23,01_core_hexin/services/commerce/src/foundation/interface/OperationController.ts,01_core_hexin/services/commerce/src/foundation/application/OperationHandler.ts,01_core_hexin/packages/sdk/src/operations/identity.ts,[FACT] 已逐记录审阅；关联F-0038
OP-AU-007-013,01_core_hexin/packages/contract/definitions/operations.yml:176,identity.invitations.read,identity,POST,/api/v1/identity/invitations/resolve,public,,runtime,sync,required,optional,none,未声明,未声明,MVP03|MVP04|MVP05|MVP06|MVP07|MVP08|MVP09|MVP10|MVP11|MVP12|MVP13|MVP14|MVP15|MVP16|MVP17|MVP18|MVP19|MVP20|MVP21|MVP22|MVP23,01_core_hexin/services/commerce/src/foundation/interface/OperationController.ts,01_core_hexin/services/commerce/src/foundation/application/OperationHandler.ts,01_core_hexin/packages/sdk/src/operations/identity.ts,[FACT] 已逐记录审阅；关联F-0040
OP-AU-007-014,01_core_hexin/packages/contract/definitions/operations.yml:187,identity.invitations.create,identity,POST,/api/v1/identity/invitations,operator,identity.invitation.manage,runtime,sync,required,optional,transactional,17,27,MVP13|MVP22,01_core_hexin/services/commerce/src/foundation/interface/OperationController.ts,01_core_hexin/services/commerce/src/foundation/application/OperationHandler.ts,01_core_hexin/packages/sdk/src/operations/identity.ts,[FACT] 已逐记录审阅；关联F-0038
OP-AU-007-015,01_core_hexin/packages/contract/definitions/operations.yml:203,identity.invitations.revoke,identity,DELETE,/api/v1/identity/invitations/{invitationid},operator,identity.invitation.manage,runtime,sync,required,optional,transactional,17,22,MVP13|MVP22,01_core_hexin/services/commerce/src/foundation/interface/OperationController.ts,01_core_hexin/services/commerce/src/foundation/application/OperationHandler.ts,01_core_hexin/packages/sdk/src/operations/identity.ts,[FACT] 已逐记录审阅；关联F-0038
OP-AU-007-016,01_core_hexin/packages/contract/definitions/operations.yml:219,identity.members.create,identity,POST,/api/v1/identity/members,public,,runtime,sync,required,optional,transactional,15,61,MVP03|MVP04|MVP05|MVP06|MVP07|MVP08|MVP09|MVP10|MVP11|MVP12|MVP13|MVP14|MVP15|MVP16|MVP17|MVP18|MVP19|MVP20|MVP21|MVP22|MVP23,01_core_hexin/services/commerce/src/foundation/interface/OperationController.ts,01_core_hexin/services/commerce/src/foundation/application/OperationHandler.ts,01_core_hexin/packages/sdk/src/operations/identity.ts,[FACT] 已逐记录审阅；关联F-0038
OP-AU-007-017,01_core_hexin/packages/contract/definitions/operations.yml:232,identity.members.manage,identity,PUT,/api/v1/identity/members/{membershipid},operator,member.manage,runtime,sync,required,optional,transactional,17,20,MVP13|MVP22,01_core_hexin/services/commerce/src/foundation/interface/OperationController.ts,01_core_hexin/services/commerce/src/foundation/application/OperationHandler.ts,01_core_hexin/packages/sdk/src/operations/identity.ts,[FACT] 已逐记录审阅；关联F-0038
OP-AU-007-018,01_core_hexin/packages/contract/definitions/operations.yml:248,identity.password.change,identity,PUT,/api/v1/identity/password,member,identity.credential.manage,runtime,sync,required,optional,transactional,4,14,MVP03|MVP04|MVP05|MVP06|MVP07|MVP08|MVP09|MVP10|MVP11|MVP12|MVP13|MVP14|MVP15|MVP16|MVP17|MVP18|MVP19|MVP20|MVP21|MVP22|MVP23,01_core_hexin/services/commerce/src/foundation/interface/OperationController.ts,01_core_hexin/services/commerce/src/foundation/application/OperationHandler.ts,01_core_hexin/packages/sdk/src/operations/identity.ts,[FACT] 已逐记录审阅；关联F-0038
OP-AU-007-019,01_core_hexin/packages/contract/definitions/operations.yml:262,identity.password.verify,identity,POST,/api/v1/identity/password/verify,member,identity.assurance.manage,runtime,sync,required,optional,none,未声明,未声明,MVP13|MVP22,01_core_hexin/services/commerce/src/foundation/interface/OperationController.ts,01_core_hexin/services/commerce/src/foundation/application/OperationHandler.ts,01_core_hexin/packages/sdk/src/operations/identity.ts,[FACT] 已逐记录审阅；关联F-0040
OP-AU-007-020,01_core_hexin/packages/contract/definitions/operations.yml:276,identity.password.reset,identity,POST,/api/v1/identity/password/reset,public,,runtime,sync,required,optional,transactional,4,15,MVP03|MVP04|MVP05|MVP06|MVP07|MVP08|MVP09|MVP10|MVP11|MVP12|MVP13|MVP14|MVP15|MVP16|MVP17|MVP18|MVP19|MVP20|MVP21|MVP22|MVP23,01_core_hexin/services/commerce/src/foundation/interface/OperationController.ts,01_core_hexin/services/commerce/src/foundation/application/OperationHandler.ts,01_core_hexin/packages/sdk/src/operations/identity.ts,[FACT] 已逐记录审阅；关联F-0038
OP-AU-007-021,01_core_hexin/packages/contract/definitions/operations.yml:289,identity.mobile.manage,identity,PUT,/api/v1/identity/mobile,member,identity.mobile.manage,runtime,sync,required,optional,transactional,6,19,MVP03|MVP04|MVP05|MVP06|MVP07|MVP08|MVP09|MVP10|MVP11|MVP12|MVP13|MVP14|MVP15|MVP16|MVP17|MVP18|MVP19|MVP20|MVP21|MVP22|MVP23,01_core_hexin/services/commerce/src/foundation/interface/OperationController.ts,01_core_hexin/services/commerce/src/foundation/application/OperationHandler.ts,01_core_hexin/packages/sdk/src/operations/identity.ts,[FACT] 已逐记录审阅；关联F-0038
OP-AU-007-022,01_core_hexin/packages/contract/definitions/operations.yml:303,identity.stepup.start,identity,POST,/api/v1/identity/stepup/challenges,member,identity.assurance.manage,runtime,sync,required,optional,transactional,6,16,MVP03|MVP04|MVP05|MVP06|MVP07|MVP08|MVP09|MVP10|MVP11|MVP12|MVP13|MVP14|MVP15|MVP16|MVP17|MVP18|MVP19|MVP20|MVP21|MVP22|MVP23,01_core_hexin/services/commerce/src/foundation/interface/OperationController.ts,01_core_hexin/services/commerce/src/foundation/application/OperationHandler.ts,01_core_hexin/packages/sdk/src/operations/identity.ts,[FACT] 已逐记录审阅；关联F-0038
OP-AU-007-023,01_core_hexin/packages/contract/definitions/operations.yml:317,identity.stepup.complete,identity,POST,/api/v1/identity/stepup/verifications,member,identity.assurance.manage,runtime,sync,required,optional,transactional,6,15,MVP03|MVP04|MVP05|MVP06|MVP07|MVP08|MVP09|MVP10|MVP11|MVP12|MVP13|MVP14|MVP15|MVP16|MVP17|MVP18|MVP19|MVP20|MVP21|MVP22|MVP23,01_core_hexin/services/commerce/src/foundation/interface/OperationController.ts,01_core_hexin/services/commerce/src/foundation/application/OperationHandler.ts,01_core_hexin/packages/sdk/src/operations/identity.ts,[FACT] 已逐记录审阅；关联F-0038
OP-AU-007-024,01_core_hexin/packages/contract/definitions/operations.yml:331,identity.wechat.session,identity,POST,/api/v1/identity/wechat/sessions,public,,runtime,sync,required,optional,durable,8,14,MVP23,01_core_hexin/services/commerce/src/foundation/interface/OperationController.ts,01_core_hexin/services/commerce/src/foundation/application/OperationHandler.ts,01_core_hexin/packages/sdk/src/operations/identity.ts,[FACT] 已逐记录审阅；关联F-0038
OP-AU-007-025,01_core_hexin/packages/contract/definitions/operations.yml:345,identity.wechat.bind,identity,POST,/api/v1/identity/wechat/bindings,member,identity.credential.manage,runtime,sync,required,optional,durable,1,2,MVP23,01_core_hexin/services/commerce/src/foundation/interface/OperationController.ts,01_core_hexin/services/commerce/src/foundation/application/OperationHandler.ts,01_core_hexin/packages/sdk/src/operations/identity.ts,[FACT] 已逐记录审阅；关联F-0038
OP-AU-007-026,01_core_hexin/packages/contract/definitions/operations.yml:360,organization.layers.read,organization,GET,/api/v1/organizations/layers,operator,organization.layer.read,runtime,sync,none,none,none,未声明,未声明,MVP03|OMS-004,01_core_hexin/services/commerce/src/foundation/interface/OperationController.ts,01_core_hexin/services/commerce/src/foundation/application/OperationHandler.ts,01_core_hexin/packages/sdk/src/operations/organization.ts,[FACT] 已逐记录审阅；未发现该记录独立问题
OP-AU-007-027,01_core_hexin/packages/contract/definitions/operations.yml:374,provisioning.malls.create,provisioning,POST,/api/v1/provisioning/malls,operator,organization.layer.manage,runtime,sync,required,optional,transactional,5,15,MVP06|MVP15,01_core_hexin/services/commerce/src/foundation/interface/OperationController.ts,01_core_hexin/services/commerce/src/foundation/application/OperationHandler.ts,01_core_hexin/packages/sdk/src/operations/provisioning.ts,[FACT] 已逐记录审阅；关联F-0038
OP-AU-007-028,01_core_hexin/packages/contract/definitions/operations.yml:390,provisioning.malls.read,provisioning,GET,/api/v1/provisioning/malls/{mallid},operator,organization.layer.read,runtime,sync,none,none,none,未声明,未声明,MVP06|MVP15,01_core_hexin/services/commerce/src/foundation/interface/OperationController.ts,01_core_hexin/services/commerce/src/foundation/application/OperationHandler.ts,01_core_hexin/packages/sdk/src/operations/provisioning.ts,[FACT] 已逐记录审阅；未发现该记录独立问题
OP-AU-007-029,01_core_hexin/packages/contract/definitions/operations.yml:404,access.center.read,access,GET,/api/v1/access/center,operator,access.center.read,runtime,sync,none,none,none,未声明,未声明,MVP13|MVP22,01_core_hexin/services/commerce/src/foundation/interface/OperationController.ts,01_core_hexin/services/commerce/src/foundation/application/OperationHandler.ts,01_core_hexin/packages/sdk/src/operations/access.ts,[FACT] 已逐记录审阅；未发现该记录独立问题
OP-AU-007-030,01_core_hexin/packages/contract/definitions/operations.yml:418,access.roles.manage,access,PUT,/api/v1/access/roles/{roleid},operator,access.role.manage,runtime,sync,required,optional,transactional,12,16,MVP13|MVP22,01_core_hexin/services/commerce/src/foundation/interface/OperationController.ts,01_core_hexin/services/commerce/src/foundation/application/OperationHandler.ts,01_core_hexin/packages/sdk/src/operations/access.ts,[FACT] 已逐记录审阅；关联F-0038
OP-AU-007-031,01_core_hexin/packages/contract/definitions/operations.yml:434,access.scopes.manage,access,PUT,/api/v1/access/memberships/{membershipid}/scopes,operator,access.scope.manage,runtime,sync,required,optional,transactional,12,5,MVP13|MVP22,01_core_hexin/services/commerce/src/foundation/interface/OperationController.ts,01_core_hexin/services/commerce/src/foundation/application/OperationHandler.ts,01_core_hexin/packages/sdk/src/operations/access.ts,[FACT] 已逐记录审阅；关联F-0038
OP-AU-007-032,01_core_hexin/packages/contract/definitions/operations.yml:450,access.administrators.members.read,access,GET,/api/v1/access/administrator-members,operator,member.read,runtime,sync,none,none,none,未声明,未声明,MVP13|MVP22,01_core_hexin/services/commerce/src/foundation/interface/OperationController.ts,01_core_hexin/services/commerce/src/foundation/application/OperationHandler.ts,01_core_hexin/packages/sdk/src/operations/access.ts,[FACT] 已逐记录审阅；未发现该记录独立问题
OP-AU-007-033,01_core_hexin/packages/contract/definitions/operations.yml:464,access.administrators.member.read,access,GET,/api/v1/access/administrator-members/{nodeid},operator,member.read,runtime,sync,none,none,none,未声明,未声明,MVP13|MVP22,01_core_hexin/services/commerce/src/foundation/interface/OperationController.ts,01_core_hexin/services/commerce/src/foundation/application/OperationHandler.ts,01_core_hexin/packages/sdk/src/operations/access.ts,[FACT] 已逐记录审阅；未发现该记录独立问题
OP-AU-007-034,01_core_hexin/packages/contract/definitions/operations.yml:478,access.administrators.scopes.manage,access,PUT,/api/v1/access/administrators/{membershipid}/segment-scope,operator,access.scope.manage,runtime,sync,required,optional,transactional,4,8,MVP13|MVP22,01_core_hexin/services/commerce/src/foundation/interface/OperationController.ts,01_core_hexin/services/commerce/src/foundation/application/OperationHandler.ts,01_core_hexin/packages/sdk/src/operations/access.ts,[FACT] 已逐记录审阅；关联F-0038
OP-AU-007-035,01_core_hexin/packages/contract/definitions/operations.yml:494,access.administrators.members.note,access,POST,/api/v1/access/administrator-members/{nodeid}/notes,operator,member.manage,runtime,sync,required,optional,transactional,0,0,MVP13|MVP22,01_core_hexin/services/commerce/src/foundation/interface/OperationController.ts,01_core_hexin/services/commerce/src/foundation/application/OperationHandler.ts,01_core_hexin/packages/sdk/src/operations/access.ts,[FACT] 已逐记录审阅；关联F-0038
OP-AU-007-036,01_core_hexin/packages/contract/definitions/operations.yml:510,capability.assignments.read,capability,GET,/api/v1/capabilities/assignments,operator,capability.assignment.read,runtime,sync,none,none,none,未声明,未声明,MVP04|MVP13|MVP22,01_core_hexin/services/commerce/src/foundation/interface/OperationController.ts,01_core_hexin/services/commerce/src/foundation/application/OperationHandler.ts,01_core_hexin/packages/sdk/src/operations/capability.ts,[FACT] 已逐记录审阅；未发现该记录独立问题
OP-AU-007-037,01_core_hexin/packages/contract/definitions/operations.yml:525,capability.assignments.manage,capability,PUT,/api/v1/capabilities/assignments/{assignmentid},operator,capability.assignment.manage,runtime,sync,required,optional,none,未声明,未声明,MVP04|MVP13|MVP22,01_core_hexin/services/commerce/src/foundation/interface/OperationController.ts,01_core_hexin/services/commerce/src/foundation/application/OperationHandler.ts,01_core_hexin/packages/sdk/src/operations/capability.ts,[FACT] 已逐记录审阅；关联F-0040
OP-AU-007-038,01_core_hexin/packages/contract/definitions/operations.yml:540,partner.partners.read,partner,GET,/api/v1/partners,operator,partner.read,runtime,sync,none,none,none,未声明,未声明,MVP13|MVP22,01_core_hexin/services/commerce/src/foundation/interface/OperationController.ts,01_core_hexin/services/commerce/src/foundation/application/OperationHandler.ts,01_core_hexin/packages/sdk/src/operations/partner.ts,[FACT] 已逐记录审阅；未发现该记录独立问题
OP-AU-007-039,01_core_hexin/packages/contract/definitions/operations.yml:554,partner.partners.manage,partner,PUT,/api/v1/partners/{partnerid},operator,partner.manage,runtime,sync,required,optional,none,未声明,未声明,MVP13|MVP22,01_core_hexin/services/commerce/src/foundation/interface/OperationController.ts,01_core_hexin/services/commerce/src/foundation/application/OperationHandler.ts,01_core_hexin/packages/sdk/src/operations/partner.ts,[FACT] 已逐记录审阅；关联F-0040
OP-AU-007-040,01_core_hexin/packages/contract/definitions/operations.yml:568,organization.stores.read,partner,GET,/api/v1/organizations/stores,operator,partner.read,runtime,sync,none,none,none,未声明,未声明,MVP13|MVP22,01_core_hexin/services/commerce/src/foundation/interface/OperationController.ts,01_core_hexin/services/commerce/src/foundation/application/OperationHandler.ts,01_core_hexin/packages/sdk/src/operations/organization.ts,[FACT] 已逐记录审阅；未发现该记录独立问题
OP-AU-007-041,01_core_hexin/packages/contract/definitions/operations.yml:582,organization.stores.manage,partner,PUT,/api/v1/organizations/stores/{storeid},operator,partner.manage,runtime,sync,required,optional,none,未声明,未声明,MVP13|MVP22,01_core_hexin/services/commerce/src/foundation/interface/OperationController.ts,01_core_hexin/services/commerce/src/foundation/application/OperationHandler.ts,01_core_hexin/packages/sdk/src/operations/organization.ts,[FACT] 已逐记录审阅；关联F-0040
OP-AU-007-042,01_core_hexin/packages/contract/definitions/operations.yml:596,member.members.read,member,GET,/api/v1/members,operator,member.read,runtime,sync,none,none,none,未声明,未声明,MVP13|MVP22,01_core_hexin/services/commerce/src/foundation/interface/OperationController.ts,01_core_hexin/services/commerce/src/foundation/application/OperationHandler.ts,01_core_hexin/packages/sdk/src/operations/member.ts,[FACT] 已逐记录审阅；未发现该记录独立问题
OP-AU-007-043,01_core_hexin/packages/contract/definitions/operations.yml:610,member.storefront.members.read,member,GET,/api/v1/member/storefront-members,operator,member.read,runtime,sync,none,none,none,未声明,未声明,MVP13|MVP22,01_core_hexin/services/commerce/src/foundation/interface/OperationController.ts,01_core_hexin/services/commerce/src/foundation/application/OperationHandler.ts,01_core_hexin/packages/sdk/src/operations/member.ts,[FACT] 已逐记录审阅；未发现该记录独立问题
OP-AU-007-044,01_core_hexin/packages/contract/definitions/operations.yml:624,member.storefront.detail.read,member,GET,/api/v1/member/storefront-members/{membershipid},operator,member.read,runtime,sync,none,none,none,未声明,未声明,MVP13|MVP22,01_core_hexin/services/commerce/src/foundation/interface/OperationController.ts,01_core_hexin/services/commerce/src/foundation/application/OperationHandler.ts,01_core_hexin/packages/sdk/src/operations/member.ts,[FACT] 已逐记录审阅；未发现该记录独立问题
OP-AU-007-045,01_core_hexin/packages/contract/definitions/operations.yml:638,member.storefront.invitees.read,member,GET,/api/v1/member/storefront-members/{membershipid}/invitees,operator,member.read,runtime,sync,none,none,none,未声明,未声明,MVP13|MVP22,01_core_hexin/services/commerce/src/foundation/interface/OperationController.ts,01_core_hexin/services/commerce/src/foundation/application/OperationHandler.ts,01_core_hexin/packages/sdk/src/operations/member.ts,[FACT] 已逐记录审阅；未发现该记录独立问题
OP-AU-007-046,01_core_hexin/packages/contract/definitions/operations.yml:652,member.storefront.orders.read,member,GET,/api/v1/member/storefront-members/{membershipid}/orders,operator,member.read,runtime,sync,none,none,none,未声明,未声明,MVP13|MVP22,01_core_hexin/services/commerce/src/foundation/interface/OperationController.ts,01_core_hexin/services/commerce/src/foundation/application/OperationHandler.ts,01_core_hexin/packages/sdk/src/operations/member.ts,[FACT] 已逐记录审阅；未发现该记录独立问题
OP-AU-007-047,01_core_hexin/packages/contract/definitions/operations.yml:666,member.storefront.config.read,member,GET,/api/v1/member/storefront-profile-config,operator,member.read,runtime,sync,none,none,none,未声明,未声明,MVP13|MVP22,01_core_hexin/services/commerce/src/foundation/interface/OperationController.ts,01_core_hexin/services/commerce/src/foundation/application/OperationHandler.ts,01_core_hexin/packages/sdk/src/operations/member.ts,[FACT] 已逐记录审阅；未发现该记录独立问题
OP-AU-007-048,01_core_hexin/packages/contract/definitions/operations.yml:678,member.storefront.config.manage,member,PUT,/api/v1/member/storefront-profile-config,operator,member.read,runtime,sync,required,optional,transactional,0,0,MVP13|MVP22,01_core_hexin/services/commerce/src/foundation/interface/OperationController.ts,01_core_hexin/services/commerce/src/foundation/application/OperationHandler.ts,01_core_hexin/packages/sdk/src/operations/member.ts,[FACT] 已逐记录审阅；关联F-0036/F-0038
OP-AU-007-049,01_core_hexin/packages/contract/definitions/operations.yml:692,member.storefront.custom.read,member,GET,/api/v1/member/storefront-members/{membershipid}/custom-profile,operator,member.read,runtime,sync,none,none,none,未声明,未声明,MVP13|MVP22,01_core_hexin/services/commerce/src/foundation/interface/OperationController.ts,01_core_hexin/services/commerce/src/foundation/application/OperationHandler.ts,01_core_hexin/packages/sdk/src/operations/member.ts,[FACT] 已逐记录审阅；未发现该记录独立问题
OP-AU-007-050,01_core_hexin/packages/contract/definitions/operations.yml:704,member.storefront.custom.manage,member,PUT,/api/v1/member/storefront-members/{membershipid}/custom-profile,operator,member.read,runtime,sync,required,optional,transactional,0,0,MVP13|MVP22,01_core_hexin/services/commerce/src/foundation/interface/OperationController.ts,01_core_hexin/services/commerce/src/foundation/application/OperationHandler.ts,01_core_hexin/packages/sdk/src/operations/member.ts,[FACT] 已逐记录审阅；关联F-0036/F-0038
OP-AU-007-051,01_core_hexin/packages/contract/definitions/operations.yml:718,member.invitations.read,member,GET,/api/v1/member/invitations,operator,identity.invitation.manage,runtime,sync,none,none,none,未声明,未声明,MVP13|MVP22,01_core_hexin/services/commerce/src/foundation/interface/OperationController.ts,01_core_hexin/services/commerce/src/foundation/application/OperationHandler.ts,01_core_hexin/packages/sdk/src/operations/member.ts,[FACT] 已逐记录审阅；未发现该记录独立问题
OP-AU-007-052,01_core_hexin/packages/contract/definitions/operations.yml:732,member.profile.read,member,GET,/api/v1/members/me,member,member.profile.read,runtime,sync,none,none,none,未声明,未声明,MVP03|MVP04|MVP05|MVP06|MVP07|MVP08|MVP09|MVP10|MVP11|MVP12|MVP13|MVP14|MVP15|MVP16|MVP17|MVP18|MVP19|MVP20|MVP21|MVP22|MVP23,01_core_hexin/services/commerce/src/foundation/interface/OperationController.ts,01_core_hexin/services/commerce/src/foundation/application/OperationHandler.ts,01_core_hexin/packages/sdk/src/operations/member.ts,[FACT] 已逐记录审阅；未发现该记录独立问题
OP-AU-007-053,01_core_hexin/packages/contract/definitions/operations.yml:744,member.malls.open,member,POST,/api/v1/members/me/mall,member,member.profile.read,runtime,sync,required,optional,transactional,2,27,MVP03|MVP04|MVP05|MVP06|MVP07|MVP08|MVP09|MVP10|MVP11|MVP12|MVP13|MVP14|MVP15|MVP16|MVP17|MVP18|MVP19|MVP20|MVP21|MVP22|MVP23,01_core_hexin/services/commerce/src/foundation/interface/OperationController.ts,01_core_hexin/services/commerce/src/foundation/application/OperationHandler.ts,01_core_hexin/packages/sdk/src/operations/member.ts,[FACT] 已逐记录审阅；关联F-0038
OP-AU-007-054,01_core_hexin/packages/contract/definitions/operations.yml:758,member.sovereignty.upgrade,member,POST,/api/v1/members/me/sovereignty,member,member.profile.read,runtime,sync,required,optional,transactional,15,31,MVP03|MVP04|MVP05|MVP06|MVP07|MVP08|MVP09|MVP10|MVP11|MVP12|MVP13|MVP14|MVP15|MVP16|MVP17|MVP18|MVP19|MVP20|MVP21|MVP22|MVP23,01_core_hexin/services/commerce/src/foundation/interface/OperationController.ts,01_core_hexin/services/commerce/src/foundation/application/OperationHandler.ts,01_core_hexin/packages/sdk/src/operations/member.ts,[FACT] 已逐记录审阅；关联F-0038
OP-AU-007-055,01_core_hexin/packages/contract/definitions/operations.yml:772,member.addresses.read,member,GET,/api/v1/members/me/addresses,member,member.address.read,runtime,sync,none,none,none,未声明,未声明,MVP03|MVP04|MVP05|MVP06|MVP07|MVP08|MVP09|MVP10|MVP11|MVP12|MVP13|MVP14|MVP15|MVP16|MVP17|MVP18|MVP19|MVP20|MVP21|MVP22|MVP23,01_core_hexin/services/commerce/src/foundation/interface/OperationController.ts,01_core_hexin/services/commerce/src/foundation/application/OperationHandler.ts,01_core_hexin/packages/sdk/src/operations/member.ts,[FACT] 已逐记录审阅；未发现该记录独立问题
OP-AU-007-056,01_core_hexin/packages/contract/definitions/operations.yml:784,member.addresses.manage,member,PUT,/api/v1/members/me/addresses/{addressid},member,member.address.manage,runtime,sync,required,optional,transactional,6,2,MVP03|MVP04|MVP05|MVP06|MVP07|MVP08|MVP09|MVP10|MVP11|MVP12|MVP13|MVP14|MVP15|MVP16|MVP17|MVP18|MVP19|MVP20|MVP21|MVP22|MVP23,01_core_hexin/services/commerce/src/foundation/interface/OperationController.ts,01_core_hexin/services/commerce/src/foundation/application/OperationHandler.ts,01_core_hexin/packages/sdk/src/operations/member.ts,[FACT] 已逐记录审阅；关联F-0038
OP-AU-007-057,01_core_hexin/packages/contract/definitions/operations.yml:798,member.imports.create,member,POST,/api/v1/members/imports,operator,member.import,runtime,sync,required,optional,transactional,0,0,MVP13|MVP22,01_core_hexin/services/commerce/src/foundation/interface/OperationController.ts,01_core_hexin/services/commerce/src/foundation/application/OperationHandler.ts,01_core_hexin/packages/sdk/src/operations/member.ts,[FACT] 已逐记录审阅；关联F-0038
OP-AU-007-058,01_core_hexin/packages/contract/definitions/operations.yml:814,member.imports.read,member,GET,/api/v1/members/imports/{importid},operator,member.import,runtime,sync,none,none,none,未声明,未声明,MVP13|MVP22,01_core_hexin/services/commerce/src/foundation/interface/OperationController.ts,01_core_hexin/services/commerce/src/foundation/application/OperationHandler.ts,01_core_hexin/packages/sdk/src/operations/member.ts,[FACT] 已逐记录审阅；未发现该记录独立问题
OP-AU-007-059,01_core_hexin/packages/contract/definitions/operations.yml:828,qualification.center.read,qualification,GET,/api/v1/qualifications,operator,qualification.read,runtime,sync,none,none,none,未声明,未声明,MVP13|MVP22,01_core_hexin/services/commerce/src/foundation/interface/OperationController.ts,01_core_hexin/services/commerce/src/foundation/application/OperationHandler.ts,01_core_hexin/packages/sdk/src/operations/qualification.ts,[FACT] 已逐记录审阅；未发现该记录独立问题
OP-AU-007-060,01_core_hexin/packages/contract/definitions/operations.yml:842,qualification.decisions.preview,qualification,POST,/api/v1/qualifications/decisions/preview,operator,qualification.preview,runtime,sync,required,optional,none,未声明,未声明,MVP13|MVP22,01_core_hexin/services/commerce/src/foundation/interface/OperationController.ts,01_core_hexin/services/commerce/src/foundation/application/OperationHandler.ts,01_core_hexin/packages/sdk/src/operations/qualification.ts,[FACT] 已逐记录审阅；关联F-0040
OP-AU-007-061,01_core_hexin/packages/contract/definitions/operations.yml:856,qualification.policies.manage,qualification,PUT,/api/v1/qualifications/policies/{policyid},operator,qualification.manage,runtime,sync,required,optional,none,未声明,未声明,MVP13|MVP22,01_core_hexin/services/commerce/src/foundation/interface/OperationController.ts,01_core_hexin/services/commerce/src/foundation/application/OperationHandler.ts,01_core_hexin/packages/sdk/src/operations/qualification.ts,[FACT] 已逐记录审阅；关联F-0040
OP-AU-007-062,01_core_hexin/packages/contract/definitions/operations.yml:870,channel.distributors.create,channel,POST,/api/v1/channels/distributors,operator,channel.distributor.manage,runtime,sync,required,optional,none,未声明,未声明,MVP04,01_core_hexin/services/commerce/src/foundation/interface/OperationController.ts,01_core_hexin/services/commerce/src/foundation/application/OperationHandler.ts,01_core_hexin/packages/sdk/src/operations/channel.ts,[FACT] 已逐记录审阅；关联F-0040
OP-AU-007-063,01_core_hexin/packages/contract/definitions/operations.yml:883,channel.distributors.read,channel,GET,/api/v1/channels/distributors,operator,channel.distributor.read,runtime,sync,none,none,none,未声明,未声明,MVP04,01_core_hexin/services/commerce/src/foundation/interface/OperationController.ts,01_core_hexin/services/commerce/src/foundation/application/OperationHandler.ts,01_core_hexin/packages/sdk/src/operations/channel.ts,[FACT] 已逐记录审阅；未发现该记录独立问题
OP-AU-007-064,01_core_hexin/packages/contract/definitions/operations.yml:896,channel.distributors.update,channel,PATCH,/api/v1/channels/distributors/{distributorid},operator,channel.distributor.manage,runtime,sync,required,optional,none,未声明,未声明,MVP04,01_core_hexin/services/commerce/src/foundation/interface/OperationController.ts,01_core_hexin/services/commerce/src/foundation/application/OperationHandler.ts,01_core_hexin/packages/sdk/src/operations/channel.ts,[FACT] 已逐记录审阅；关联F-0040
OP-AU-007-065,01_core_hexin/packages/contract/definitions/operations.yml:909,channel.distributors.disable,channel,DELETE,/api/v1/channels/distributors/{distributorid},operator,channel.distributor.manage,runtime,sync,required,optional,none,未声明,未声明,MVP04,01_core_hexin/services/commerce/src/foundation/interface/OperationController.ts,01_core_hexin/services/commerce/src/foundation/application/OperationHandler.ts,01_core_hexin/packages/sdk/src/operations/channel.ts,[FACT] 已逐记录审阅；关联F-0040
OP-AU-007-066,01_core_hexin/packages/contract/definitions/operations.yml:922,channel.bindings.manage,channel,PUT,/api/v1/channels/bindings/{bindingid},operator,channel.binding.manage,runtime,sync,required,optional,none,未声明,未声明,MVP04,01_core_hexin/services/commerce/src/foundation/interface/OperationController.ts,01_core_hexin/services/commerce/src/foundation/application/OperationHandler.ts,01_core_hexin/packages/sdk/src/operations/channel.ts,[FACT] 已逐记录审阅；关联F-0040
OP-AU-007-067,01_core_hexin/packages/contract/definitions/operations.yml:935,channel.quotas.manage,channel,PUT,/api/v1/channels/quotas/{quotaid},operator,channel.quota.manage,runtime,sync,required,optional,none,未声明,未声明,MVP04,01_core_hexin/services/commerce/src/foundation/interface/OperationController.ts,01_core_hexin/services/commerce/src/foundation/application/OperationHandler.ts,01_core_hexin/packages/sdk/src/operations/channel.ts,[FACT] 已逐记录审阅；关联F-0040
OP-AU-007-068,01_core_hexin/packages/contract/definitions/operations.yml:948,catalog.pools.read,catalog,GET,/api/v1/catalog/pools,operator,catalog.pool.read,runtime,sync,none,none,none,未声明,未声明,MVP07|MVP16,01_core_hexin/services/commerce/src/foundation/interface/OperationController.ts,01_core_hexin/services/commerce/src/foundation/application/OperationHandler.ts,01_core_hexin/packages/sdk/src/operations/catalog.ts,[FACT] 已逐记录审阅；未发现该记录独立问题
OP-AU-007-069,01_core_hexin/packages/contract/definitions/operations.yml:962,catalog.pools.attach,catalog,PUT,/api/v1/catalog/pools/{poolid}/bindings/{scopeid},operator,catalog.pool.manage,runtime,sync,required,optional,none,未声明,未声明,MVP03,01_core_hexin/services/commerce/src/foundation/interface/OperationController.ts,01_core_hexin/services/commerce/src/foundation/application/OperationHandler.ts,01_core_hexin/packages/sdk/src/operations/catalog.ts,[FACT] 已逐记录审阅；关联F-0040
OP-AU-007-070,01_core_hexin/packages/contract/definitions/operations.yml:975,catalog.pools.detach,catalog,DELETE,/api/v1/catalog/pools/{poolid}/bindings/{scopeid},operator,catalog.pool.manage,runtime,sync,required,optional,none,未声明,未声明,MVP03,01_core_hexin/services/commerce/src/foundation/interface/OperationController.ts,01_core_hexin/services/commerce/src/foundation/application/OperationHandler.ts,01_core_hexin/packages/sdk/src/operations/catalog.ts,[FACT] 已逐记录审阅；关联F-0040
OP-AU-007-071,01_core_hexin/packages/contract/definitions/operations.yml:988,catalog.pools.allocate,catalog,POST,/api/v1/catalog/pools/{poolid}/allocations,operator,catalog.pool.allocate,runtime,sync,required,optional,none,未声明,未声明,MVP04,01_core_hexin/services/commerce/src/foundation/interface/OperationController.ts,01_core_hexin/services/commerce/src/foundation/application/OperationHandler.ts,01_core_hexin/packages/sdk/src/operations/catalog.ts,[FACT] 已逐记录审阅；关联F-0040
OP-AU-007-072,01_core_hexin/packages/contract/definitions/operations.yml:1001,catalog.products.create,catalog,POST,/api/v1/catalog/products,operator,catalog.product.manage,runtime,sync,required,optional,none,未声明,未声明,MVP07|MVP16,01_core_hexin/services/commerce/src/foundation/interface/OperationController.ts,01_core_hexin/services/commerce/src/foundation/application/OperationHandler.ts,01_core_hexin/packages/sdk/src/operations/catalog.ts,[FACT] 已逐记录审阅；关联F-0040
OP-AU-007-073,01_core_hexin/packages/contract/definitions/operations.yml:1015,catalog.products.update,catalog,PATCH,/api/v1/catalog/products/{productid},operator,catalog.product.manage,runtime,sync,required,optional,none,未声明,未声明,MVP07|MVP16,01_core_hexin/services/commerce/src/foundation/interface/OperationController.ts,01_core_hexin/services/commerce/src/foundation/application/OperationHandler.ts,01_core_hexin/packages/sdk/src/operations/catalog.ts,[FACT] 已逐记录审阅；关联F-0040
OP-AU-007-074,01_core_hexin/packages/contract/definitions/operations.yml:1029,catalog.products.archive,catalog,DELETE,/api/v1/catalog/products/{productid},operator,catalog.product.manage,runtime,sync,required,optional,none,未声明,未声明,MVP07|MVP16,01_core_hexin/services/commerce/src/foundation/interface/OperationController.ts,01_core_hexin/services/commerce/src/foundation/application/OperationHandler.ts,01_core_hexin/packages/sdk/src/operations/catalog.ts,[FACT] 已逐记录审阅；关联F-0040
OP-AU-007-075,01_core_hexin/packages/contract/definitions/operations.yml:1043,catalog.listings.read,catalog,GET,/api/v1/catalog/listings,member,catalog.listing.read,runtime,sync,none,none,none,未声明,未声明,MVP07|MVP16,01_core_hexin/services/commerce/src/foundation/interface/OperationController.ts,01_core_hexin/services/commerce/src/foundation/application/OperationHandler.ts,01_core_hexin/packages/sdk/src/operations/catalog.ts,[FACT] 已逐记录审阅；未发现该记录独立问题
OP-AU-007-076,01_core_hexin/packages/contract/definitions/operations.yml:1061,catalog.listings.publish,catalog,PUT,/api/v1/catalog/listings/{listingid}/publication,operator,catalog.listing.manage,runtime,sync,required,optional,none,未声明,未声明,MVP07|MVP16,01_core_hexin/services/commerce/src/foundation/interface/OperationController.ts,01_core_hexin/services/commerce/src/foundation/application/OperationHandler.ts,01_core_hexin/packages/sdk/src/operations/catalog.ts,[FACT] 已逐记录审阅；关联F-0040
OP-AU-007-077,01_core_hexin/packages/contract/definitions/operations.yml:1075,catalog.listings.unpublish,catalog,DELETE,/api/v1/catalog/listings/{listingid}/publication,operator,catalog.listing.manage,runtime,sync,required,optional,none,未声明,未声明,MVP07|MVP16,01_core_hexin/services/commerce/src/foundation/interface/OperationController.ts,01_core_hexin/services/commerce/src/foundation/application/OperationHandler.ts,01_core_hexin/packages/sdk/src/operations/catalog.ts,[FACT] 已逐记录审阅；关联F-0040
OP-AU-007-078,01_core_hexin/packages/contract/definitions/operations.yml:1089,catalog.listings.batch,catalog,POST,/api/v1/catalog/listings/batches,operator,catalog.listing.manage,runtime,sync,required,optional,none,未声明,未声明,MVP07|MVP16,01_core_hexin/services/commerce/src/foundation/interface/OperationController.ts,01_core_hexin/services/commerce/src/foundation/application/OperationHandler.ts,01_core_hexin/packages/sdk/src/operations/catalog.ts,[FACT] 已逐记录审阅；关联F-0040
OP-AU-007-079,01_core_hexin/packages/contract/definitions/operations.yml:1103,catalog.imports.create,catalog,POST,/api/v1/catalog/imports,operator,catalog.import.manage,runtime,sync,required,optional,none,未声明,未声明,MVP07|MVP16,01_core_hexin/services/commerce/src/foundation/interface/OperationController.ts,01_core_hexin/services/commerce/src/foundation/application/OperationHandler.ts,01_core_hexin/packages/sdk/src/operations/catalog.ts,[FACT] 已逐记录审阅；关联F-0040
OP-AU-007-080,01_core_hexin/packages/contract/definitions/operations.yml:1117,catalog.imports.read,catalog,GET,/api/v1/catalog/imports/{importid},operator,catalog.import.read,runtime,sync,none,none,none,未声明,未声明,MVP07|MVP16,01_core_hexin/services/commerce/src/foundation/interface/OperationController.ts,01_core_hexin/services/commerce/src/foundation/application/OperationHandler.ts,01_core_hexin/packages/sdk/src/operations/catalog.ts,[FACT] 已逐记录审阅；未发现该记录独立问题
OP-AU-007-081,01_core_hexin/packages/contract/definitions/operations.yml:1131,pricing.rules.create,pricing,POST,/api/v1/pricing/rules,operator,pricing.rule.manage,runtime,sync,required,optional,none,未声明,未声明,MVP07|MVP16,01_core_hexin/services/commerce/src/foundation/interface/OperationController.ts,01_core_hexin/services/commerce/src/foundation/application/OperationHandler.ts,01_core_hexin/packages/sdk/src/operations/pricing.ts,[FACT] 已逐记录审阅；关联F-0040
OP-AU-007-082,01_core_hexin/packages/contract/definitions/operations.yml:1145,pricing.rules.publish,pricing,PUT,/api/v1/pricing/rules/{ruleid}/publication,operator,pricing.rule.manage,runtime,sync,required,optional,none,未声明,未声明,MVP07|MVP16,01_core_hexin/services/commerce/src/foundation/interface/OperationController.ts,01_core_hexin/services/commerce/src/foundation/application/OperationHandler.ts,01_core_hexin/packages/sdk/src/operations/pricing.ts,[FACT] 已逐记录审阅；关联F-0040
OP-AU-007-083,01_core_hexin/packages/contract/definitions/operations.yml:1159,pricing.offers.read,pricing,GET,/api/v1/pricing/offers,member,pricing.offer.read,runtime,sync,none,none,none,未声明,未声明,MVP03|MVP04|MVP05|MVP06|MVP07|MVP08|MVP09|MVP10|MVP11|MVP12|MVP13|MVP14|MVP15|MVP16|MVP17|MVP18|MVP19|MVP20|MVP21|MVP22|MVP23,01_core_hexin/services/commerce/src/foundation/interface/OperationController.ts,01_core_hexin/services/commerce/src/foundation/application/OperationHandler.ts,01_core_hexin/packages/sdk/src/operations/pricing.ts,[FACT] 已逐记录审阅；未发现该记录独立问题
OP-AU-007-084,01_core_hexin/packages/contract/definitions/operations.yml:1171,inventory.availability.read,inventory,GET,/api/v1/inventory/availability,member,inventory.read,runtime,sync,none,none,none,未声明,未声明,MVP03|MVP04|MVP05|MVP06|MVP07|MVP08|MVP09|MVP10|MVP11|MVP12|MVP13|MVP14|MVP15|MVP16|MVP17|MVP18|MVP19|MVP20|MVP21|MVP22|MVP23,01_core_hexin/services/commerce/src/foundation/interface/OperationController.ts,01_core_hexin/services/commerce/src/foundation/application/OperationHandler.ts,01_core_hexin/packages/sdk/src/operations/inventory.ts,[FACT] 已逐记录审阅；未发现该记录独立问题
OP-AU-007-085,01_core_hexin/packages/contract/definitions/operations.yml:1183,inventory.imports.create,inventory,POST,/api/v1/inventory/imports,operator,inventory.import.manage,runtime,sync,required,optional,transactional,0,0,MVP07|MVP16,01_core_hexin/services/commerce/src/foundation/interface/OperationController.ts,01_core_hexin/services/commerce/src/foundation/application/OperationHandler.ts,01_core_hexin/packages/sdk/src/operations/inventory.ts,[FACT] 已逐记录审阅；关联F-0038
OP-AU-007-086,01_core_hexin/packages/contract/definitions/operations.yml:1199,inventory.imports.read,inventory,GET,/api/v1/inventory/imports,operator,inventory.import.read,runtime,sync,none,none,none,未声明,未声明,MVP07|MVP16,01_core_hexin/services/commerce/src/foundation/interface/OperationController.ts,01_core_hexin/services/commerce/src/foundation/application/OperationHandler.ts,01_core_hexin/packages/sdk/src/operations/inventory.ts,[FACT] 已逐记录审阅；未发现该记录独立问题
OP-AU-007-087,01_core_hexin/packages/contract/definitions/operations.yml:1213,marketing.campaigns.read,marketing,GET,/api/v1/marketing/campaigns,operator,marketing.read,runtime,sync,none,none,none,未声明,未声明,MVP03|MVP04|MVP05|MVP06|MVP07|MVP08|MVP09|MVP10|MVP11|MVP12|MVP13|MVP14|MVP15|MVP16|MVP17|MVP18|MVP19|MVP20|MVP21|MVP22|MVP23,01_core_hexin/services/commerce/src/foundation/interface/OperationController.ts,01_core_hexin/services/commerce/src/foundation/application/OperationHandler.ts,01_core_hexin/packages/sdk/src/operations/marketing.ts,[FACT] 已逐记录审阅；未发现该记录独立问题
OP-AU-007-088,01_core_hexin/packages/contract/definitions/operations.yml:1225,reporting.dashboard.read,reporting,GET,/api/v1/reports/dashboard,operator,reporting.dashboard.read,runtime,sync,none,none,none,未声明,未声明,MVP05|MVP14|OMS-012,01_core_hexin/services/commerce/src/foundation/interface/OperationController.ts,01_core_hexin/services/commerce/src/foundation/application/OperationHandler.ts,01_core_hexin/packages/sdk/src/operations/reporting.ts,[FACT] 已逐记录审阅；未发现该记录独立问题
OP-AU-007-089,01_core_hexin/packages/contract/definitions/operations.yml:1240,reporting.sales.read,reporting,GET,/api/v1/reports/sales,operator,reporting.sales.read,runtime,sync,none,none,none,未声明,未声明,MVP11|MVP20|OMS-012,01_core_hexin/services/commerce/src/foundation/interface/OperationController.ts,01_core_hexin/services/commerce/src/foundation/application/OperationHandler.ts,01_core_hexin/packages/sdk/src/operations/reporting.ts,[FACT] 已逐记录审阅；未发现该记录独立问题
OP-AU-007-090,01_core_hexin/packages/contract/definitions/operations.yml:1255,reporting.products.read,reporting,GET,/api/v1/reports/products,operator,reporting.product.read,runtime,sync,none,none,none,未声明,未声明,MVP11|MVP20,01_core_hexin/services/commerce/src/foundation/interface/OperationController.ts,01_core_hexin/services/commerce/src/foundation/application/OperationHandler.ts,01_core_hexin/packages/sdk/src/operations/reporting.ts,[FACT] 已逐记录审阅；未发现该记录独立问题
OP-AU-007-091,01_core_hexin/packages/contract/definitions/operations.yml:1269,reporting.malls.read,reporting,GET,/api/v1/reports/malls,operator,reporting.mall.read,runtime,sync,none,none,none,未声明,未声明,MVP11|MVP20,01_core_hexin/services/commerce/src/foundation/interface/OperationController.ts,01_core_hexin/services/commerce/src/foundation/application/OperationHandler.ts,01_core_hexin/packages/sdk/src/operations/reporting.ts,[FACT] 已逐记录审阅；未发现该记录独立问题
OP-AU-007-092,01_core_hexin/packages/contract/definitions/operations.yml:1283,reporting.categories.read,reporting,GET,/api/v1/reports/categories,operator,reporting.category.read,runtime,sync,none,none,none,未声明,未声明,MVP11|MVP20,01_core_hexin/services/commerce/src/foundation/interface/OperationController.ts,01_core_hexin/services/commerce/src/foundation/application/OperationHandler.ts,01_core_hexin/packages/sdk/src/operations/reporting.ts,[FACT] 已逐记录审阅；未发现该记录独立问题
OP-AU-007-093,01_core_hexin/packages/contract/definitions/operations.yml:1297,reporting.channels.read,reporting,GET,/api/v1/reports/channels,operator,reporting.channel.read,runtime,sync,none,none,none,未声明,未声明,MVP11|MVP20,01_core_hexin/services/commerce/src/foundation/interface/OperationController.ts,01_core_hexin/services/commerce/src/foundation/application/OperationHandler.ts,01_core_hexin/packages/sdk/src/operations/reporting.ts,[FACT] 已逐记录审阅；未发现该记录独立问题
OP-AU-007-094,01_core_hexin/packages/contract/definitions/operations.yml:1311,reporting.powderclass.read,reporting,GET,/api/v1/reports/powderclass,operator,reporting.powderclass.read,runtime,sync,none,none,none,未声明,未声明,MVP11|MVP20,01_core_hexin/services/commerce/src/foundation/interface/OperationController.ts,01_core_hexin/services/commerce/src/foundation/application/OperationHandler.ts,01_core_hexin/packages/sdk/src/operations/reporting.ts,[FACT] 已逐记录审阅；未发现该记录独立问题
OP-AU-007-095,01_core_hexin/packages/contract/definitions/operations.yml:1325,reporting.voucherconsumption.read,reporting,GET,/api/v1/reports/voucherconsumption,operator,reporting.voucher.read,runtime,sync,none,none,none,未声明,未声明,MVP11|MVP20,01_core_hexin/services/commerce/src/foundation/interface/OperationController.ts,01_core_hexin/services/commerce/src/foundation/application/OperationHandler.ts,01_core_hexin/packages/sdk/src/operations/reporting.ts,[FACT] 已逐记录审阅；未发现该记录独立问题
OP-AU-007-096,01_core_hexin/packages/contract/definitions/operations.yml:1339,reporting.exports.create,reporting,POST,/api/v1/reports/exports,operator,reporting.export.manage,runtime,sync,required,optional,none,未声明,未声明,MVP11|MVP20,01_core_hexin/services/commerce/src/foundation/interface/OperationController.ts,01_core_hexin/services/commerce/src/foundation/application/OperationHandler.ts,01_core_hexin/packages/sdk/src/operations/reporting.ts,[FACT] 已逐记录审阅；关联F-0040
OP-AU-007-097,01_core_hexin/packages/contract/definitions/operations.yml:1353,reporting.exports.read,reporting,GET,/api/v1/reports/exports/{exportid},operator,reporting.export.read,runtime,sync,none,none,none,未声明,未声明,MVP11|MVP20,01_core_hexin/services/commerce/src/foundation/interface/OperationController.ts,01_core_hexin/services/commerce/src/foundation/application/OperationHandler.ts,01_core_hexin/packages/sdk/src/operations/reporting.ts,[FACT] 已逐记录审阅；未发现该记录独立问题
OP-AU-007-098,01_core_hexin/packages/contract/definitions/operations.yml:1367,experience.applications.create,experience,POST,/api/v1/experiences/applications,operator,experience.application.manage,runtime,sync,required,optional,none,未声明,未声明,MVP06|MVP15,01_core_hexin/services/commerce/src/foundation/interface/OperationController.ts,01_core_hexin/services/commerce/src/foundation/application/OperationHandler.ts,01_core_hexin/packages/sdk/src/operations/experience.ts,[FACT] 已逐记录审阅；关联F-0040
OP-AU-007-099,01_core_hexin/packages/contract/definitions/operations.yml:1381,experience.published.read,experience,GET,/api/v1/experiences/published,public,,runtime,sync,none,none,none,未声明,未声明,MVP06|MVP15,01_core_hexin/services/commerce/src/foundation/interface/OperationController.ts,01_core_hexin/services/commerce/src/foundation/application/OperationHandler.ts,01_core_hexin/packages/sdk/src/operations/experience.ts,[FACT] 已逐记录审阅；未发现该记录独立问题
OP-AU-007-100,01_core_hexin/packages/contract/definitions/operations.yml:1394,experience.applications.copy,experience,POST,/api/v1/experiences/applications/{applicationid}/copies,operator,experience.application.manage,runtime,sync,required,optional,none,未声明,未声明,MVP06|MVP15,01_core_hexin/services/commerce/src/foundation/interface/OperationController.ts,01_core_hexin/services/commerce/src/foundation/application/OperationHandler.ts,01_core_hexin/packages/sdk/src/operations/experience.ts,[FACT] 已逐记录审阅；关联F-0040
OP-AU-007-101,01_core_hexin/packages/contract/definitions/operations.yml:1408,experience.applications.read,experience,GET,/api/v1/experiences/applications,operator,experience.application.read,runtime,sync,none,none,none,未声明,未声明,MVP06|MVP15,01_core_hexin/services/commerce/src/foundation/interface/OperationController.ts,01_core_hexin/services/commerce/src/foundation/application/OperationHandler.ts,01_core_hexin/packages/sdk/src/operations/experience.ts,[FACT] 已逐记录审阅；未发现该记录独立问题
OP-AU-007-102,01_core_hexin/packages/contract/definitions/operations.yml:1422,experience.applications.update,experience,PATCH,/api/v1/experiences/applications/{applicationid},operator,experience.application.manage,runtime,sync,required,optional,none,未声明,未声明,MVP06|MVP15,01_core_hexin/services/commerce/src/foundation/interface/OperationController.ts,01_core_hexin/services/commerce/src/foundation/application/OperationHandler.ts,01_core_hexin/packages/sdk/src/operations/experience.ts,[FACT] 已逐记录审阅；关联F-0040
OP-AU-007-103,01_core_hexin/packages/contract/definitions/operations.yml:1436,experience.versions.save,experience,POST,/api/v1/experiences/applications/{applicationid}/versions,operator,experience.version.manage,runtime,sync,required,optional,none,未声明,未声明,MVP06|MVP15,01_core_hexin/services/commerce/src/foundation/interface/OperationController.ts,01_core_hexin/services/commerce/src/foundation/application/OperationHandler.ts,01_core_hexin/packages/sdk/src/operations/experience.ts,[FACT] 已逐记录审阅；关联F-0040
OP-AU-007-104,01_core_hexin/packages/contract/definitions/operations.yml:1450,experience.versions.validate,experience,POST,/api/v1/experiences/versions/{versionid}/validation,operator,experience.version.manage,runtime,sync,required,optional,none,未声明,未声明,MVP06|MVP15,01_core_hexin/services/commerce/src/foundation/interface/OperationController.ts,01_core_hexin/services/commerce/src/foundation/application/OperationHandler.ts,01_core_hexin/packages/sdk/src/operations/experience.ts,[FACT] 已逐记录审阅；关联F-0040
OP-AU-007-105,01_core_hexin/packages/contract/definitions/operations.yml:1464,experience.versions.publish,experience,PUT,/api/v1/experiences/versions/{versionid}/publication,operator,experience.version.publish,runtime,sync,required,optional,none,未声明,未声明,MVP06|MVP15,01_core_hexin/services/commerce/src/foundation/interface/OperationController.ts,01_core_hexin/services/commerce/src/foundation/application/OperationHandler.ts,01_core_hexin/packages/sdk/src/operations/experience.ts,[FACT] 已逐记录审阅；关联F-0040
OP-AU-007-106,01_core_hexin/packages/contract/definitions/operations.yml:1478,experience.versions.restore,experience,POST,/api/v1/experiences/versions/{versionid}/restorations,operator,experience.version.publish,runtime,sync,required,optional,none,未声明,未声明,MVP06|MVP15,01_core_hexin/services/commerce/src/foundation/interface/OperationController.ts,01_core_hexin/services/commerce/src/foundation/application/OperationHandler.ts,01_core_hexin/packages/sdk/src/operations/experience.ts,[FACT] 已逐记录审阅；关联F-0040
OP-AU-007-107,01_core_hexin/packages/contract/definitions/operations.yml:1492,cart.current.read,cart,GET,/api/v1/carts/current,member,cart.read,runtime,sync,none,none,none,未声明,未声明,MVP03|MVP04|MVP05|MVP06|MVP07|MVP08|MVP09|MVP10|MVP11|MVP12|MVP13|MVP14|MVP15|MVP16|MVP17|MVP18|MVP19|MVP20|MVP21|MVP22|MVP23,01_core_hexin/services/commerce/src/foundation/interface/OperationController.ts,01_core_hexin/services/commerce/src/foundation/application/OperationHandler.ts,01_core_hexin/packages/sdk/src/operations/cart.ts,[FACT] 已逐记录审阅；未发现该记录独立问题
OP-AU-007-108,01_core_hexin/packages/contract/definitions/operations.yml:1504,cart.items.put,cart,PUT,/api/v1/carts/current/items/{listingid},member,cart.manage,runtime,sync,required,optional,none,未声明,未声明,MVP03|MVP04|MVP05|MVP06|MVP07|MVP08|MVP09|MVP10|MVP11|MVP12|MVP13|MVP14|MVP15|MVP16|MVP17|MVP18|MVP19|MVP20|MVP21|MVP22|MVP23,01_core_hexin/services/commerce/src/foundation/interface/OperationController.ts,01_core_hexin/services/commerce/src/foundation/application/OperationHandler.ts,01_core_hexin/packages/sdk/src/operations/cart.ts,[FACT] 已逐记录审阅；关联F-0040
OP-AU-007-109,01_core_hexin/packages/contract/definitions/operations.yml:1516,cart.items.batch,cart,POST,/api/v1/carts/current/items/batches,member,cart.manage,runtime,sync,required,optional,none,未声明,未声明,MVP03|MVP04|MVP05|MVP06|MVP07|MVP08|MVP09|MVP10|MVP11|MVP12|MVP13|MVP14|MVP15|MVP16|MVP17|MVP18|MVP19|MVP20|MVP21|MVP22|MVP23,01_core_hexin/services/commerce/src/foundation/interface/OperationController.ts,01_core_hexin/services/commerce/src/foundation/application/OperationHandler.ts,01_core_hexin/packages/sdk/src/operations/cart.ts,[FACT] 已逐记录审阅；关联F-0040
OP-AU-007-110,01_core_hexin/packages/contract/definitions/operations.yml:1528,checkout.quote.create,checkout,POST,/api/v1/checkouts/quotes,member,checkout.create,runtime,sync,required,optional,none,未声明,未声明,MVP03|MVP04|MVP05|MVP06|MVP07|MVP08|MVP09|MVP10|MVP11|MVP12|MVP13|MVP14|MVP15|MVP16|MVP17|MVP18|MVP19|MVP20|MVP21|MVP22|MVP23,01_core_hexin/services/commerce/src/foundation/interface/OperationController.ts,01_core_hexin/services/commerce/src/foundation/application/OperationHandler.ts,01_core_hexin/packages/sdk/src/operations/checkout.ts,[FACT] 已逐记录审阅；关联F-0040
OP-AU-007-111,01_core_hexin/packages/contract/definitions/operations.yml:1540,order.orders.create,order,POST,/api/v1/orders,member,order.create,runtime,sync,required,optional,transactional,16,13,MVP03|MVP04|MVP05|MVP06|MVP07|MVP08|MVP09|MVP10|MVP11|MVP12|MVP13|MVP14|MVP15|MVP16|MVP17|MVP18|MVP19|MVP20|MVP21|MVP22|MVP23,01_core_hexin/services/commerce/src/foundation/interface/OperationController.ts,01_core_hexin/services/commerce/src/foundation/application/OperationHandler.ts,01_core_hexin/packages/sdk/src/operations/order.ts,[FACT] 已逐记录审阅；关联F-0038
OP-AU-007-112,01_core_hexin/packages/contract/definitions/operations.yml:1554,order.orders.read,order,GET,/api/v1/orders,member,order.read,runtime,sync,none,none,none,未声明,未声明,MVP08|MVP17|OMS-001|OMS-004|OMS-005,01_core_hexin/services/commerce/src/foundation/interface/OperationController.ts,01_core_hexin/services/commerce/src/foundation/application/OperationHandler.ts,01_core_hexin/packages/sdk/src/operations/order.ts,[FACT] 已逐记录审阅；未发现该记录独立问题
OP-AU-007-113,01_core_hexin/packages/contract/definitions/operations.yml:1571,order.orders.receive,order,POST,/api/v1/orders/{orderid}/receive,member,order.read,runtime,sync,required,required,transactional,0,0,MVP08|MVP17|OMS-004,01_core_hexin/services/commerce/src/foundation/interface/OperationController.ts,01_core_hexin/services/commerce/src/foundation/application/OperationHandler.ts,01_core_hexin/packages/sdk/src/operations/order.ts,[FACT] 已逐记录审阅；关联F-0038
OP-AU-007-114,01_core_hexin/packages/contract/definitions/operations.yml:1593,order.reminders.create,order,POST,/api/v1/orders/{orderid}/reminders,member,order.reminder.create,runtime,sync,required,optional,transactional,6,1,MVP03|MVP04|MVP05|MVP06|MVP07|MVP08|MVP09|MVP10|MVP11|MVP12|MVP13|MVP14|MVP15|MVP16|MVP17|MVP18|MVP19|MVP20|MVP21|MVP22|MVP23,01_core_hexin/services/commerce/src/foundation/interface/OperationController.ts,01_core_hexin/services/commerce/src/foundation/application/OperationHandler.ts,01_core_hexin/packages/sdk/src/operations/order.ts,[FACT] 已逐记录审阅；关联F-0038
OP-AU-007-115,01_core_hexin/packages/contract/definitions/operations.yml:1607,order.orders.export,order,POST,/api/v1/orders/exports,operator,order.export,runtime,sync,required,optional,transactional,6,1,MVP08|MVP17|OMS-007,01_core_hexin/services/commerce/src/foundation/interface/OperationController.ts,01_core_hexin/services/commerce/src/foundation/application/OperationHandler.ts,01_core_hexin/packages/sdk/src/operations/order.ts,[FACT] 已逐记录审阅；关联F-0038
OP-AU-007-116,01_core_hexin/packages/contract/definitions/operations.yml:1624,order.aftersales.read,order,GET,/api/v1/orders/aftersales,member,order.aftersale.read,runtime,sync,none,none,none,未声明,未声明,MVP08|MVP17|OMS-008,01_core_hexin/services/commerce/src/foundation/interface/OperationController.ts,01_core_hexin/services/commerce/src/foundation/application/OperationHandler.ts,01_core_hexin/packages/sdk/src/operations/order.ts,[FACT] 已逐记录审阅；未发现该记录独立问题
OP-AU-007-117,01_core_hexin/packages/contract/definitions/operations.yml:1639,order.aftersales.apply,order,POST,/api/v1/orders/{orderid}/aftersales,member,order.aftersale.apply,runtime,sync,required,optional,transactional,6,1,MVP08|MVP17|OMS-008,01_core_hexin/services/commerce/src/foundation/interface/OperationController.ts,01_core_hexin/services/commerce/src/foundation/application/OperationHandler.ts,01_core_hexin/packages/sdk/src/operations/order.ts,[FACT] 已逐记录审阅；关联F-0038
OP-AU-007-118,01_core_hexin/packages/contract/definitions/operations.yml:1656,order.aftersales.approve,order,PUT,/api/v1/orders/aftersales/{aftersaleid}/approval,operator,order.aftersale.decide,runtime,sync,required,optional,transactional,6,6,MVP08|MVP17|OMS-008,01_core_hexin/services/commerce/src/foundation/interface/OperationController.ts,01_core_hexin/services/commerce/src/foundation/application/OperationHandler.ts,01_core_hexin/packages/sdk/src/operations/order.ts,[FACT] 已逐记录审阅；关联F-0038
OP-AU-007-119,01_core_hexin/packages/contract/definitions/operations.yml:1673,order.aftersales.reject,order,DELETE,/api/v1/orders/aftersales/{aftersaleid}/approval,operator,order.aftersale.decide,runtime,sync,required,optional,transactional,6,1,MVP08|MVP17|OMS-008,01_core_hexin/services/commerce/src/foundation/interface/OperationController.ts,01_core_hexin/services/commerce/src/foundation/application/OperationHandler.ts,01_core_hexin/packages/sdk/src/operations/order.ts,[FACT] 已逐记录审阅；关联F-0038
OP-AU-007-120,01_core_hexin/packages/contract/definitions/operations.yml:1690,fulfillment.shipments.create,fulfillment,POST,/api/v1/fulfillments/{fulfillmentid}/shipments,operator,fulfillment.ship,runtime,sync,required,optional,none,未声明,未声明,MVP08|MVP17,01_core_hexin/services/commerce/src/foundation/interface/OperationController.ts,01_core_hexin/services/commerce/src/foundation/application/OperationHandler.ts,01_core_hexin/packages/sdk/src/operations/fulfillment.ts,[FACT] 已逐记录审阅；关联F-0040
OP-AU-007-121,01_core_hexin/packages/contract/definitions/operations.yml:1704,fulfillment.tracking.read,fulfillment,GET,/api/v1/fulfillments/tracking,member,fulfillment.read,runtime,sync,none,none,none,未声明,未声明,MVP03|MVP04|MVP05|MVP06|MVP07|MVP08|MVP09|MVP10|MVP11|MVP12|MVP13|MVP14|MVP15|MVP16|MVP17|MVP18|MVP19|MVP20|MVP21|MVP22|MVP23,01_core_hexin/services/commerce/src/foundation/interface/OperationController.ts,01_core_hexin/services/commerce/src/foundation/application/OperationHandler.ts,01_core_hexin/packages/sdk/src/operations/fulfillment.ts,[FACT] 已逐记录审阅；未发现该记录独立问题
OP-AU-007-122,01_core_hexin/packages/contract/definitions/operations.yml:1716,fulfillment.returns.receive,fulfillment,PUT,/api/v1/fulfillments/returns/{returnid}/receipt,operator,fulfillment.return.manage,runtime,sync,required,optional,none,未声明,未声明,MVP08|MVP17,01_core_hexin/services/commerce/src/foundation/interface/OperationController.ts,01_core_hexin/services/commerce/src/foundation/application/OperationHandler.ts,01_core_hexin/packages/sdk/src/operations/fulfillment.ts,[FACT] 已逐记录审阅；关联F-0040
OP-AU-007-123,01_core_hexin/packages/contract/definitions/operations.yml:1730,fulfillment.returns.inspect,fulfillment,PUT,/api/v1/fulfillments/returns/{returnid}/inspection,operator,fulfillment.return.manage,runtime,sync,required,optional,none,未声明,未声明,MVP08|MVP17,01_core_hexin/services/commerce/src/foundation/interface/OperationController.ts,01_core_hexin/services/commerce/src/foundation/application/OperationHandler.ts,01_core_hexin/packages/sdk/src/operations/fulfillment.ts,[FACT] 已逐记录审阅；关联F-0040
OP-AU-007-124,01_core_hexin/packages/contract/definitions/operations.yml:1744,payment.intents.create,payment,POST,/api/v1/payments/intents,member,payment.create,runtime,sync,required,optional,durable,10,12,MVP03|MVP04|MVP05|MVP06|MVP07|MVP08|MVP09|MVP10|MVP11|MVP12|MVP13|MVP14|MVP15|MVP16|MVP17|MVP18|MVP19|MVP20|MVP21|MVP22|MVP23,01_core_hexin/services/commerce/src/foundation/interface/OperationController.ts,01_core_hexin/services/commerce/src/foundation/application/OperationHandler.ts,01_core_hexin/packages/sdk/src/operations/payment.ts,[FACT] 已逐记录审阅；关联F-0038
OP-AU-007-125,01_core_hexin/packages/contract/definitions/operations.yml:1758,payment.intents.read,payment,GET,/api/v1/payments/intents/{paymentid},member,payment.create,runtime,sync,none,none,none,未声明,未声明,MVP03|MVP04|MVP05|MVP06|MVP07|MVP08|MVP09|MVP10|MVP11|MVP12|MVP13|MVP14|MVP15|MVP16|MVP17|MVP18|MVP19|MVP20|MVP21|MVP22|MVP23,01_core_hexin/services/commerce/src/foundation/interface/OperationController.ts,01_core_hexin/services/commerce/src/foundation/application/OperationHandler.ts,01_core_hexin/packages/sdk/src/operations/payment.ts,[FACT] 已逐记录审阅；未发现该记录独立问题
OP-AU-007-126,01_core_hexin/packages/contract/definitions/operations.yml:1770,verification.challenges.issue,verification,POST,/api/v1/verifications/challenges,operator,verification.issue,runtime,sync,required,optional,none,未声明,未声明,MVP03|MVP04|MVP05|MVP06|MVP07|MVP08|MVP09|MVP10|MVP11|MVP12|MVP13|MVP14|MVP15|MVP16|MVP17|MVP18|MVP19|MVP20|MVP21|MVP22|MVP23,01_core_hexin/services/commerce/src/foundation/interface/OperationController.ts,01_core_hexin/services/commerce/src/foundation/application/OperationHandler.ts,01_core_hexin/packages/sdk/src/operations/verification.ts,[FACT] 已逐记录审阅；关联F-0040
OP-AU-007-127,01_core_hexin/packages/contract/definitions/operations.yml:1782,verification.sessions.read,verification,GET,/api/v1/verifications/sessions,member,verification.issue,runtime,sync,none,none,none,未声明,未声明,MVP03|MVP04|MVP05|MVP06|MVP07|MVP08|MVP09|MVP10|MVP11|MVP12|MVP13|MVP14|MVP15|MVP16|MVP17|MVP18|MVP19|MVP20|MVP21|MVP22|MVP23,01_core_hexin/services/commerce/src/foundation/interface/OperationController.ts,01_core_hexin/services/commerce/src/foundation/application/OperationHandler.ts,01_core_hexin/packages/sdk/src/operations/verification.ts,[FACT] 已逐记录审阅；未发现该记录独立问题
OP-AU-007-128,01_core_hexin/packages/contract/definitions/operations.yml:1794,verification.challenges.verify,verification,POST,/api/v1/verifications/challenges/{challengeid}/verification,operator,verification.verify,runtime,sync,required,optional,none,未声明,未声明,MVP03|MVP04|MVP05|MVP06|MVP07|MVP08|MVP09|MVP10|MVP11|MVP12|MVP13|MVP14|MVP15|MVP16|MVP17|MVP18|MVP19|MVP20|MVP21|MVP22|MVP23,01_core_hexin/services/commerce/src/foundation/interface/OperationController.ts,01_core_hexin/services/commerce/src/foundation/application/OperationHandler.ts,01_core_hexin/packages/sdk/src/operations/verification.ts,[FACT] 已逐记录审阅；关联F-0040
OP-AU-007-129,01_core_hexin/packages/contract/definitions/operations.yml:1806,verification.history.read,verification,GET,/api/v1/verifications/history,operator,verification.verify,runtime,sync,none,none,none,未声明,未声明,MVP03|MVP04|MVP05|MVP06|MVP07|MVP08|MVP09|MVP10|MVP11|MVP12|MVP13|MVP14|MVP15|MVP16|MVP17|MVP18|MVP19|MVP20|MVP21|MVP22|MVP23,01_core_hexin/services/commerce/src/foundation/interface/OperationController.ts,01_core_hexin/services/commerce/src/foundation/application/OperationHandler.ts,01_core_hexin/packages/sdk/src/operations/verification.ts,[FACT] 已逐记录审阅；未发现该记录独立问题
OP-AU-007-130,01_core_hexin/packages/contract/definitions/operations.yml:1818,verification.devices.read,verification,GET,/api/v1/verifications/devices,operator,verification.verify,runtime,sync,none,none,none,未声明,未声明,MVP03|MVP04|MVP05|MVP06|MVP07|MVP08|MVP09|MVP10|MVP11|MVP12|MVP13|MVP14|MVP15|MVP16|MVP17|MVP18|MVP19|MVP20|MVP21|MVP22|MVP23,01_core_hexin/services/commerce/src/foundation/interface/OperationController.ts,01_core_hexin/services/commerce/src/foundation/application/OperationHandler.ts,01_core_hexin/packages/sdk/src/operations/verification.ts,[FACT] 已逐记录审阅；未发现该记录独立问题
OP-AU-007-131,01_core_hexin/packages/contract/definitions/operations.yml:1830,verification.devices.manage,verification,PUT,/api/v1/verifications/devices/{deviceid},operator,verification.verify,runtime,sync,required,optional,none,未声明,未声明,MVP03|MVP04|MVP05|MVP06|MVP07|MVP08|MVP09|MVP10|MVP11|MVP12|MVP13|MVP14|MVP15|MVP16|MVP17|MVP18|MVP19|MVP20|MVP21|MVP22|MVP23,01_core_hexin/services/commerce/src/foundation/interface/OperationController.ts,01_core_hexin/services/commerce/src/foundation/application/OperationHandler.ts,01_core_hexin/packages/sdk/src/operations/verification.ts,[FACT] 已逐记录审阅；关联F-0040
OP-AU-007-132,01_core_hexin/packages/contract/definitions/operations.yml:1842,payment.refunds.request,payment,POST,/api/v1/payments/refunds,operator,payment.refund,runtime,sync,required,optional,transactional,6,5,MVP08|MVP17,01_core_hexin/services/commerce/src/foundation/interface/OperationController.ts,01_core_hexin/services/commerce/src/foundation/application/OperationHandler.ts,01_core_hexin/packages/sdk/src/operations/payment.ts,[FACT] 已逐记录审阅；关联F-0038
OP-AU-007-133,01_core_hexin/packages/contract/definitions/operations.yml:1858,payment.recoveries.read,payment,GET,/api/v1/payments/recoveries,operator,payment.recovery.read,runtime,sync,none,none,none,未声明,未声明,MVP08|MVP17|MVP23,01_core_hexin/services/commerce/src/foundation/interface/OperationController.ts,01_core_hexin/services/commerce/src/foundation/application/OperationHandler.ts,01_core_hexin/packages/sdk/src/operations/payment.ts,[FACT] 已逐记录审阅；未发现该记录独立问题
OP-AU-007-134,01_core_hexin/packages/contract/definitions/operations.yml:1873,payment.recoveries.resolve,payment,POST,/api/v1/payments/recoveries/{caseid}/resolutions,operator,payment.recovery.manage,runtime,sync,required,optional,transactional,6,5,MVP08|MVP17|MVP23,01_core_hexin/services/commerce/src/foundation/interface/OperationController.ts,01_core_hexin/services/commerce/src/foundation/application/OperationHandler.ts,01_core_hexin/packages/sdk/src/operations/payment.ts,[FACT] 已逐记录审阅；关联F-0038
OP-AU-007-135,01_core_hexin/packages/contract/definitions/operations.yml:1890,payment.webhooks.wechat,payment,POST,/api/v1/webhooks/wechat/payment,provider,,runtime,sync,none,optional,provider,6,0,MVP23,01_core_hexin/services/commerce/src/foundation/interface/OperationController.ts,01_core_hexin/services/commerce/src/foundation/application/OperationHandler.ts,01_core_hexin/packages/sdk/src/operations/payment.ts,[FACT] 已逐记录审阅；关联F-0038
OP-AU-007-136,01_core_hexin/packages/contract/definitions/operations.yml:1904,voucher.cardlibraries.read,voucher,GET,/api/v1/vouchers/cardlibraries,operator,voucher.cardlibrary.read,runtime,sync,none,none,none,未声明,未声明,MVP09|MVP18,01_core_hexin/services/commerce/src/foundation/interface/OperationController.ts,01_core_hexin/services/commerce/src/foundation/application/OperationHandler.ts,01_core_hexin/packages/sdk/src/operations/voucher.ts,[FACT] 已逐记录审阅；未发现该记录独立问题
OP-AU-007-137,01_core_hexin/packages/contract/definitions/operations.yml:1918,voucher.cardlibraries.create,voucher,POST,/api/v1/vouchers/cardlibraries,operator,voucher.cardlibrary.manage,runtime,sync,required,optional,transactional,1,3,MVP03|MVP09|MVP18,01_core_hexin/services/commerce/src/foundation/interface/OperationController.ts,01_core_hexin/services/commerce/src/foundation/application/OperationHandler.ts,01_core_hexin/packages/sdk/src/operations/voucher.ts,[FACT] 已逐记录审阅；关联F-0038
OP-AU-007-138,01_core_hexin/packages/contract/definitions/operations.yml:1935,voucher.cardlibraries.allocate,voucher,POST,/api/v1/vouchers/cardlibraries/{libraryid}/allocations,operator,voucher.cardlibrary.allocate,runtime,sync,required,optional,transactional,17,0,MVP03|MVP04|MVP09|MVP18,01_core_hexin/services/commerce/src/foundation/interface/OperationController.ts,01_core_hexin/services/commerce/src/foundation/application/OperationHandler.ts,01_core_hexin/packages/sdk/src/operations/voucher.ts,[FACT] 已逐记录审阅；关联F-0038
OP-AU-007-139,01_core_hexin/packages/contract/definitions/operations.yml:1953,voucher.imports.read,voucher,GET,/api/v1/vouchers/imports/{importid},operator,voucher.cardlibrary.read,runtime,sync,none,none,none,未声明,未声明,MVP09|MVP18,01_core_hexin/services/commerce/src/foundation/interface/OperationController.ts,01_core_hexin/services/commerce/src/foundation/application/OperationHandler.ts,01_core_hexin/packages/sdk/src/operations/voucher.ts,[FACT] 已逐记录审阅；未发现该记录独立问题
OP-AU-007-140,01_core_hexin/packages/contract/definitions/operations.yml:1967,voucher.programs.read,voucher,GET,/api/v1/vouchers/programs,operator,voucher.program.read,runtime,sync,none,none,none,未声明,未声明,MVP09|MVP18,01_core_hexin/services/commerce/src/foundation/interface/OperationController.ts,01_core_hexin/services/commerce/src/foundation/application/OperationHandler.ts,01_core_hexin/packages/sdk/src/operations/voucher.ts,[FACT] 已逐记录审阅；未发现该记录独立问题
OP-AU-007-141,01_core_hexin/packages/contract/definitions/operations.yml:1981,voucher.programs.manage,voucher,PUT,/api/v1/vouchers/programs/{programid},operator,voucher.program.manage,runtime,sync,required,optional,transactional,17,0,MVP09|MVP18,01_core_hexin/services/commerce/src/foundation/interface/OperationController.ts,01_core_hexin/services/commerce/src/foundation/application/OperationHandler.ts,01_core_hexin/packages/sdk/src/operations/voucher.ts,[FACT] 已逐记录审阅；关联F-0038
OP-AU-007-142,01_core_hexin/packages/contract/definitions/operations.yml:1997,voucher.reserves.read,voucher,GET,/api/v1/vouchers/reserves,operator,voucher.reserve.read,runtime,sync,none,none,none,未声明,未声明,MVP09|MVP18,01_core_hexin/services/commerce/src/foundation/interface/OperationController.ts,01_core_hexin/services/commerce/src/foundation/application/OperationHandler.ts,01_core_hexin/packages/sdk/src/operations/voucher.ts,[FACT] 已逐记录审阅；未发现该记录独立问题
OP-AU-007-143,01_core_hexin/packages/contract/definitions/operations.yml:2011,voucher.reserves.request,voucher,POST,/api/v1/vouchers/reserves,operator,voucher.reserve.request,runtime,sync,required,optional,transactional,17,0,MVP09|MVP18,01_core_hexin/services/commerce/src/foundation/interface/OperationController.ts,01_core_hexin/services/commerce/src/foundation/application/OperationHandler.ts,01_core_hexin/packages/sdk/src/operations/voucher.ts,[FACT] 已逐记录审阅；关联F-0038
OP-AU-007-144,01_core_hexin/packages/contract/definitions/operations.yml:2027,voucher.reserves.decide,voucher,PUT,/api/v1/vouchers/reserves/{reserveid}/decision,operator,voucher.reserve.decide,runtime,sync,required,optional,transactional,17,0,MVP09|MVP18,01_core_hexin/services/commerce/src/foundation/interface/OperationController.ts,01_core_hexin/services/commerce/src/foundation/application/OperationHandler.ts,01_core_hexin/packages/sdk/src/operations/voucher.ts,[FACT] 已逐记录审阅；关联F-0038
OP-AU-007-145,01_core_hexin/packages/contract/definitions/operations.yml:2043,voucher.batches.read,voucher,GET,/api/v1/vouchers/batches,operator,voucher.batch.read,runtime,sync,none,none,none,未声明,未声明,MVP09|MVP18,01_core_hexin/services/commerce/src/foundation/interface/OperationController.ts,01_core_hexin/services/commerce/src/foundation/application/OperationHandler.ts,01_core_hexin/packages/sdk/src/operations/voucher.ts,[FACT] 已逐记录审阅；未发现该记录独立问题
OP-AU-007-146,01_core_hexin/packages/contract/definitions/operations.yml:2057,voucher.batches.issue,voucher,POST,/api/v1/vouchers/batches,operator,voucher.issue,runtime,sync,required,optional,transactional,17,0,MVP09|MVP18,01_core_hexin/services/commerce/src/foundation/interface/OperationController.ts,01_core_hexin/services/commerce/src/foundation/application/OperationHandler.ts,01_core_hexin/packages/sdk/src/operations/voucher.ts,[FACT] 已逐记录审阅；关联F-0038
OP-AU-007-147,01_core_hexin/packages/contract/definitions/operations.yml:2073,voucher.batches.retry,voucher,POST,/api/v1/vouchers/batches/{batchid}/retry,operator,voucher.issue,runtime,sync,required,optional,transactional,17,0,MVP09|MVP18,01_core_hexin/services/commerce/src/foundation/interface/OperationController.ts,01_core_hexin/services/commerce/src/foundation/application/OperationHandler.ts,01_core_hexin/packages/sdk/src/operations/voucher.ts,[FACT] 已逐记录审阅；关联F-0038
OP-AU-007-148,01_core_hexin/packages/contract/definitions/operations.yml:2089,voucher.status.batch,voucher,POST,/api/v1/vouchers/statusbatches,operator,voucher.status.manage,runtime,sync,required,optional,transactional,17,0,MVP09|MVP18,01_core_hexin/services/commerce/src/foundation/interface/OperationController.ts,01_core_hexin/services/commerce/src/foundation/application/OperationHandler.ts,01_core_hexin/packages/sdk/src/operations/voucher.ts,[FACT] 已逐记录审阅；关联F-0038
OP-AU-007-149,01_core_hexin/packages/contract/definitions/operations.yml:2105,voucher.statusbatches.read,voucher,GET,/api/v1/vouchers/statusbatches,operator,voucher.history.read,runtime,sync,none,none,none,未声明,未声明,MVP09|MVP18,01_core_hexin/services/commerce/src/foundation/interface/OperationController.ts,01_core_hexin/services/commerce/src/foundation/application/OperationHandler.ts,01_core_hexin/packages/sdk/src/operations/voucher.ts,[FACT] 已逐记录审阅；未发现该记录独立问题
OP-AU-007-150,01_core_hexin/packages/contract/definitions/operations.yml:2119,voucher.bindings.read,voucher,GET,/api/v1/vouchers/bindings,member,voucher.binding.read,runtime,sync,none,none,none,未声明,未声明,MVP09|MVP18,01_core_hexin/services/commerce/src/foundation/interface/OperationController.ts,01_core_hexin/services/commerce/src/foundation/application/OperationHandler.ts,01_core_hexin/packages/sdk/src/operations/voucher.ts,[FACT] 已逐记录审阅；未发现该记录独立问题
OP-AU-007-151,01_core_hexin/packages/contract/definitions/operations.yml:2133,voucher.bindings.manage,voucher,PUT,/api/v1/vouchers/{voucherid}/binding,operator,voucher.binding.manage,runtime,sync,required,optional,transactional,17,0,MVP09|MVP18,01_core_hexin/services/commerce/src/foundation/interface/OperationController.ts,01_core_hexin/services/commerce/src/foundation/application/OperationHandler.ts,01_core_hexin/packages/sdk/src/operations/voucher.ts,[FACT] 已逐记录审阅；关联F-0038
OP-AU-007-152,01_core_hexin/packages/contract/definitions/operations.yml:2149,voucher.redemptions.read,voucher,GET,/api/v1/vouchers/redemptions,member,voucher.redemption.read,runtime,sync,none,none,none,未声明,未声明,MVP09|MVP18,01_core_hexin/services/commerce/src/foundation/interface/OperationController.ts,01_core_hexin/services/commerce/src/foundation/application/OperationHandler.ts,01_core_hexin/packages/sdk/src/operations/voucher.ts,[FACT] 已逐记录审阅；未发现该记录独立问题
OP-AU-007-153,01_core_hexin/packages/contract/definitions/operations.yml:2163,voucher.history.read,voucher,GET,/api/v1/vouchers/history,operator,voucher.history.read,runtime,sync,none,none,none,未声明,未声明,MVP09|MVP18,01_core_hexin/services/commerce/src/foundation/interface/OperationController.ts,01_core_hexin/services/commerce/src/foundation/application/OperationHandler.ts,01_core_hexin/packages/sdk/src/operations/voucher.ts,[FACT] 已逐记录审阅；未发现该记录独立问题
OP-AU-007-154,01_core_hexin/packages/contract/definitions/operations.yml:2177,voucher.redemptions.reverse,voucher,POST,/api/v1/vouchers/redemptions/{redemptionid}/reversal,operator,voucher.redemption.reverse,runtime,sync,required,optional,transactional,17,0,MVP09|MVP18,01_core_hexin/services/commerce/src/foundation/interface/OperationController.ts,01_core_hexin/services/commerce/src/foundation/application/OperationHandler.ts,01_core_hexin/packages/sdk/src/operations/voucher.ts,[FACT] 已逐记录审阅；关联F-0038
OP-AU-007-155,01_core_hexin/packages/contract/definitions/operations.yml:2193,benefit.accounts.read,benefit,GET,/api/v1/benefits/accounts,member,benefit.read,runtime,sync,none,none,none,未声明,未声明,MVP03|MVP04|MVP05|MVP06|MVP07|MVP08|MVP09|MVP10|MVP11|MVP12|MVP13|MVP14|MVP15|MVP16|MVP17|MVP18|MVP19|MVP20|MVP21|MVP22|MVP23,01_core_hexin/services/commerce/src/foundation/interface/OperationController.ts,01_core_hexin/services/commerce/src/foundation/application/OperationHandler.ts,01_core_hexin/packages/sdk/src/operations/benefit.ts,[FACT] 已逐记录审阅；未发现该记录独立问题
OP-AU-007-156,01_core_hexin/packages/contract/definitions/operations.yml:2205,benefit.ledgers.read,benefit,GET,/api/v1/benefits/ledgers,member,benefit.read,runtime,sync,none,none,none,未声明,未声明,MVP21,01_core_hexin/services/commerce/src/foundation/interface/OperationController.ts,01_core_hexin/services/commerce/src/foundation/application/OperationHandler.ts,01_core_hexin/packages/sdk/src/operations/benefit.ts,[FACT] 已逐记录审阅；未发现该记录独立问题
OP-AU-007-157,01_core_hexin/packages/contract/definitions/operations.yml:2218,benefit.plans.read,benefit,GET,/api/v1/benefits/plans,operator,benefit.plan.read,runtime,sync,none,none,none,未声明,未声明,MVP03|MVP04|MVP05|MVP06|MVP07|MVP08|MVP09|MVP10|MVP11|MVP12|MVP13|MVP14|MVP15|MVP16|MVP17|MVP18|MVP19|MVP20|MVP21|MVP22|MVP23,01_core_hexin/services/commerce/src/foundation/interface/OperationController.ts,01_core_hexin/services/commerce/src/foundation/application/OperationHandler.ts,01_core_hexin/packages/sdk/src/operations/benefit.ts,[FACT] 已逐记录审阅；未发现该记录独立问题
OP-AU-007-158,01_core_hexin/packages/contract/definitions/operations.yml:2230,benefit.plans.manage,benefit,PUT,/api/v1/benefits/plans/{planid},operator,benefit.plan.manage,runtime,sync,required,optional,transactional,17,0,MVP03|MVP04|MVP05|MVP06|MVP07|MVP08|MVP09|MVP10|MVP11|MVP12|MVP13|MVP14|MVP15|MVP16|MVP17|MVP18|MVP19|MVP20|MVP21|MVP22|MVP23,01_core_hexin/services/commerce/src/foundation/interface/OperationController.ts,01_core_hexin/services/commerce/src/foundation/application/OperationHandler.ts,01_core_hexin/packages/sdk/src/operations/benefit.ts,[FACT] 已逐记录审阅；关联F-0038
OP-AU-007-159,01_core_hexin/packages/contract/definitions/operations.yml:2244,benefit.budgets.read,benefit,GET,/api/v1/benefits/budgets,operator,benefit.budget.read,runtime,sync,none,none,none,未声明,未声明,MVP03|MVP04|MVP05|MVP06|MVP07|MVP08|MVP09|MVP10|MVP11|MVP12|MVP13|MVP14|MVP15|MVP16|MVP17|MVP18|MVP19|MVP20|MVP21|MVP22|MVP23,01_core_hexin/services/commerce/src/foundation/interface/OperationController.ts,01_core_hexin/services/commerce/src/foundation/application/OperationHandler.ts,01_core_hexin/packages/sdk/src/operations/benefit.ts,[FACT] 已逐记录审阅；未发现该记录独立问题
OP-AU-007-160,01_core_hexin/packages/contract/definitions/operations.yml:2256,benefit.budgets.manage,benefit,PUT,/api/v1/benefits/budgets/{budgetid},operator,benefit.budget.manage,runtime,sync,required,optional,transactional,17,0,MVP03|MVP04|MVP05|MVP06|MVP07|MVP08|MVP09|MVP10|MVP11|MVP12|MVP13|MVP14|MVP15|MVP16|MVP17|MVP18|MVP19|MVP20|MVP21|MVP22|MVP23,01_core_hexin/services/commerce/src/foundation/interface/OperationController.ts,01_core_hexin/services/commerce/src/foundation/application/OperationHandler.ts,01_core_hexin/packages/sdk/src/operations/benefit.ts,[FACT] 已逐记录审阅；关联F-0038
OP-AU-007-161,01_core_hexin/packages/contract/definitions/operations.yml:2270,benefit.grants.create,benefit,POST,/api/v1/benefits/grants,operator,benefit.grant,runtime,sync,required,optional,transactional,17,0,MVP03|MVP04|MVP05|MVP06|MVP07|MVP08|MVP09|MVP10|MVP11|MVP12|MVP13|MVP14|MVP15|MVP16|MVP17|MVP18|MVP19|MVP20|MVP21|MVP22|MVP23,01_core_hexin/services/commerce/src/foundation/interface/OperationController.ts,01_core_hexin/services/commerce/src/foundation/application/OperationHandler.ts,01_core_hexin/packages/sdk/src/operations/benefit.ts,[FACT] 已逐记录审阅；关联F-0038
OP-AU-007-162,01_core_hexin/packages/contract/definitions/operations.yml:2284,benefit.grants.decide,benefit,PUT,/api/v1/benefits/grants/{batchid}/decision,operator,benefit.grant.decide,runtime,sync,required,optional,transactional,17,0,MVP03|MVP04|MVP05|MVP06|MVP07|MVP08|MVP09|MVP10|MVP11|MVP12|MVP13|MVP14|MVP15|MVP16|MVP17|MVP18|MVP19|MVP20|MVP21|MVP22|MVP23,01_core_hexin/services/commerce/src/foundation/interface/OperationController.ts,01_core_hexin/services/commerce/src/foundation/application/OperationHandler.ts,01_core_hexin/packages/sdk/src/operations/benefit.ts,[FACT] 已逐记录审阅；关联F-0038
OP-AU-007-163,01_core_hexin/packages/contract/definitions/operations.yml:2298,benefit.grants.read,benefit,GET,/api/v1/benefits/grants,operator,benefit.grant.read,runtime,sync,none,none,none,未声明,未声明,MVP03|MVP04|MVP05|MVP06|MVP07|MVP08|MVP09|MVP10|MVP11|MVP12|MVP13|MVP14|MVP15|MVP16|MVP17|MVP18|MVP19|MVP20|MVP21|MVP22|MVP23,01_core_hexin/services/commerce/src/foundation/interface/OperationController.ts,01_core_hexin/services/commerce/src/foundation/application/OperationHandler.ts,01_core_hexin/packages/sdk/src/operations/benefit.ts,[FACT] 已逐记录审阅；未发现该记录独立问题
OP-AU-007-164,01_core_hexin/packages/contract/definitions/operations.yml:2310,benefit.grants.control,benefit,POST,/api/v1/benefits/grants/{batchid}/control,operator,benefit.grant.control,runtime,sync,required,optional,transactional,17,0,MVP03|MVP04|MVP05|MVP06|MVP07|MVP08|MVP09|MVP10|MVP11|MVP12|MVP13|MVP14|MVP15|MVP16|MVP17|MVP18|MVP19|MVP20|MVP21|MVP22|MVP23,01_core_hexin/services/commerce/src/foundation/interface/OperationController.ts,01_core_hexin/services/commerce/src/foundation/application/OperationHandler.ts,01_core_hexin/packages/sdk/src/operations/benefit.ts,[FACT] 已逐记录审阅；关联F-0038
OP-AU-007-165,01_core_hexin/packages/contract/definitions/operations.yml:2324,benefit.grants.revoke,benefit,POST,/api/v1/benefits/grants/{batchid}/revoke,operator,benefit.revoke,runtime,sync,required,optional,transactional,17,0,MVP03|MVP04|MVP05|MVP06|MVP07|MVP08|MVP09|MVP10|MVP11|MVP12|MVP13|MVP14|MVP15|MVP16|MVP17|MVP18|MVP19|MVP20|MVP21|MVP22|MVP23,01_core_hexin/services/commerce/src/foundation/interface/OperationController.ts,01_core_hexin/services/commerce/src/foundation/application/OperationHandler.ts,01_core_hexin/packages/sdk/src/operations/benefit.ts,[FACT] 已逐记录审阅；关联F-0038
OP-AU-007-166,01_core_hexin/packages/contract/definitions/operations.yml:2338,benefit.lots.read,benefit,GET,/api/v1/benefits/lots,operator,benefit.lot.read,runtime,sync,none,none,none,未声明,未声明,MVP03|MVP04|MVP05|MVP06|MVP07|MVP08|MVP09|MVP10|MVP11|MVP12|MVP13|MVP14|MVP15|MVP16|MVP17|MVP18|MVP19|MVP20|MVP21|MVP22|MVP23,01_core_hexin/services/commerce/src/foundation/interface/OperationController.ts,01_core_hexin/services/commerce/src/foundation/application/OperationHandler.ts,01_core_hexin/packages/sdk/src/operations/benefit.ts,[FACT] 已逐记录审阅；未发现该记录独立问题
OP-AU-007-167,01_core_hexin/packages/contract/definitions/operations.yml:2350,finance.overview.read,finance,GET,/api/v1/finance/overview,operator,finance.overview.read,runtime,sync,none,none,none,未声明,未声明,MVP10|MVP19,01_core_hexin/services/commerce/src/foundation/interface/OperationController.ts,01_core_hexin/services/commerce/src/foundation/application/OperationHandler.ts,01_core_hexin/packages/sdk/src/operations/finance.ts,[FACT] 已逐记录审阅；未发现该记录独立问题
OP-AU-007-168,01_core_hexin/packages/contract/definitions/operations.yml:2364,finance.entries.read,finance,GET,/api/v1/finance/entries,operator,finance.entry.read,runtime,sync,none,none,none,未声明,未声明,MVP10|MVP19,01_core_hexin/services/commerce/src/foundation/interface/OperationController.ts,01_core_hexin/services/commerce/src/foundation/application/OperationHandler.ts,01_core_hexin/packages/sdk/src/operations/finance.ts,[FACT] 已逐记录审阅；未发现该记录独立问题
OP-AU-007-169,01_core_hexin/packages/contract/definitions/operations.yml:2378,finance.statements.read,finance,GET,/api/v1/finance/statements,operator,finance.statement.read,runtime,sync,none,none,none,未声明,未声明,MVP10|MVP19,01_core_hexin/services/commerce/src/foundation/interface/OperationController.ts,01_core_hexin/services/commerce/src/foundation/application/OperationHandler.ts,01_core_hexin/packages/sdk/src/operations/finance.ts,[FACT] 已逐记录审阅；未发现该记录独立问题
OP-AU-007-170,01_core_hexin/packages/contract/definitions/operations.yml:2392,finance.statements.export,finance,POST,/api/v1/finance/statements/exports,operator,finance.statement.export,runtime,sync,required,optional,transactional,0,0,MVP10|MVP19,01_core_hexin/services/commerce/src/foundation/interface/OperationController.ts,01_core_hexin/services/commerce/src/foundation/application/OperationHandler.ts,01_core_hexin/packages/sdk/src/operations/finance.ts,[FACT] 已逐记录审阅；关联F-0038
OP-AU-007-171,01_core_hexin/packages/contract/definitions/operations.yml:2408,finance.reconciliations.manage,finance,PUT,/api/v1/finance/reconciliations/{reconciliationid},operator,finance.reconciliation.manage,runtime,sync,required,optional,transactional,0,0,MVP10|MVP19|OMS-011,01_core_hexin/services/commerce/src/foundation/interface/OperationController.ts,01_core_hexin/services/commerce/src/foundation/application/OperationHandler.ts,01_core_hexin/packages/sdk/src/operations/finance.ts,[FACT] 已逐记录审阅；关联F-0038
OP-AU-007-172,01_core_hexin/packages/contract/definitions/operations.yml:2425,finance.reconciliations.read,finance,GET,/api/v1/finance/reconciliations,operator,finance.reconciliation.read,runtime,sync,none,none,none,未声明,未声明,MVP10|MVP19|OMS-011,01_core_hexin/services/commerce/src/foundation/interface/OperationController.ts,01_core_hexin/services/commerce/src/foundation/application/OperationHandler.ts,01_core_hexin/packages/sdk/src/operations/finance.ts,[FACT] 已逐记录审阅；未发现该记录独立问题
OP-AU-007-173,01_core_hexin/packages/contract/definitions/operations.yml:2437,finance.settlements.read,finance,GET,/api/v1/finance/settlements,operator,finance.settlement.read,runtime,sync,none,none,none,未声明,未声明,MVP10|MVP19|OMS-011,01_core_hexin/services/commerce/src/foundation/interface/OperationController.ts,01_core_hexin/services/commerce/src/foundation/application/OperationHandler.ts,01_core_hexin/packages/sdk/src/operations/finance.ts,[FACT] 已逐记录审阅；未发现该记录独立问题
OP-AU-007-174,01_core_hexin/packages/contract/definitions/operations.yml:2449,finance.settlements.decide,finance,POST,/api/v1/finance/settlements/{settlementid}/decide,operator,finance.settlement.decide,runtime,sync,required,optional,transactional,9,0,MVP10|MVP19,01_core_hexin/services/commerce/src/foundation/interface/OperationController.ts,01_core_hexin/services/commerce/src/foundation/application/OperationHandler.ts,01_core_hexin/packages/sdk/src/operations/finance.ts,[FACT] 已逐记录审阅；关联F-0038
OP-AU-007-175,01_core_hexin/packages/contract/definitions/operations.yml:2463,finance.settlements.adjust,finance,POST,/api/v1/finance/settlements/{settlementid}/adjust,operator,finance.settlement.adjust,runtime,sync,required,optional,transactional,9,0,MVP10|MVP19,01_core_hexin/services/commerce/src/foundation/interface/OperationController.ts,01_core_hexin/services/commerce/src/foundation/application/OperationHandler.ts,01_core_hexin/packages/sdk/src/operations/finance.ts,[FACT] 已逐记录审阅；关联F-0038
OP-AU-007-176,01_core_hexin/packages/contract/definitions/operations.yml:2477,finance.withdrawals.read,finance,GET,/api/v1/finance/withdrawals,operator,finance.withdrawal.read,runtime,sync,none,none,none,未声明,未声明,MVP10|MVP19,01_core_hexin/services/commerce/src/foundation/interface/OperationController.ts,01_core_hexin/services/commerce/src/foundation/application/OperationHandler.ts,01_core_hexin/packages/sdk/src/operations/finance.ts,[FACT] 已逐记录审阅；未发现该记录独立问题
OP-AU-007-177,01_core_hexin/packages/contract/definitions/operations.yml:2489,finance.withdrawals.create,finance,POST,/api/v1/finance/withdrawals,operator,finance.withdrawal.create,runtime,sync,required,required,transactional,0,0,MVP10|MVP19,01_core_hexin/services/commerce/src/foundation/interface/OperationController.ts,01_core_hexin/services/commerce/src/foundation/application/OperationHandler.ts,01_core_hexin/packages/sdk/src/operations/finance.ts,[FACT] 已逐记录审阅；关联F-0038
OP-AU-007-178,01_core_hexin/packages/contract/definitions/operations.yml:2504,finance.withdrawals.decide,finance,POST,/api/v1/finance/withdrawals/{withdrawalid}/decide,operator,finance.withdrawal.decide,runtime,sync,required,optional,transactional,6,0,MVP10|MVP19,01_core_hexin/services/commerce/src/foundation/interface/OperationController.ts,01_core_hexin/services/commerce/src/foundation/application/OperationHandler.ts,01_core_hexin/packages/sdk/src/operations/finance.ts,[FACT] 已逐记录审阅；关联F-0038
OP-AU-007-179,01_core_hexin/packages/contract/definitions/operations.yml:2518,finance.withdrawals.recover,finance,POST,/api/v1/finance/withdrawals/{withdrawalid}/recover,operator,finance.withdrawal.recover,runtime,sync,required,optional,transactional,6,0,MVP10|MVP19,01_core_hexin/services/commerce/src/foundation/interface/OperationController.ts,01_core_hexin/services/commerce/src/foundation/application/OperationHandler.ts,01_core_hexin/packages/sdk/src/operations/finance.ts,[FACT] 已逐记录审阅；关联F-0038
OP-AU-007-180,01_core_hexin/packages/contract/definitions/operations.yml:2532,finance.holds.read,finance,GET,/api/v1/finance/holds,operator,finance.hold.read,runtime,sync,none,none,none,未声明,未声明,MVP10|MVP19,01_core_hexin/services/commerce/src/foundation/interface/OperationController.ts,01_core_hexin/services/commerce/src/foundation/application/OperationHandler.ts,01_core_hexin/packages/sdk/src/operations/finance.ts,[FACT] 已逐记录审阅；未发现该记录独立问题
OP-AU-007-181,01_core_hexin/packages/contract/definitions/operations.yml:2544,finance.periods.read,finance,GET,/api/v1/finance/periods,operator,finance.period.read,runtime,sync,none,none,none,未声明,未声明,MVP10|MVP19,01_core_hexin/services/commerce/src/foundation/interface/OperationController.ts,01_core_hexin/services/commerce/src/foundation/application/OperationHandler.ts,01_core_hexin/packages/sdk/src/operations/finance.ts,[FACT] 已逐记录审阅；未发现该记录独立问题
OP-AU-007-182,01_core_hexin/packages/contract/definitions/operations.yml:2556,finance.periods.manage,finance,POST,/api/v1/finance/periods/{period}/manage,operator,finance.period.manage,runtime,sync,required,optional,transactional,4,0,MVP10|MVP19,01_core_hexin/services/commerce/src/foundation/interface/OperationController.ts,01_core_hexin/services/commerce/src/foundation/application/OperationHandler.ts,01_core_hexin/packages/sdk/src/operations/finance.ts,[FACT] 已逐记录审阅；关联F-0038
OP-AU-007-183,01_core_hexin/packages/contract/definitions/operations.yml:2570,finance.backfills.read,finance,GET,/api/v1/finance/backfills,operator,finance.backfill.read,runtime,sync,none,none,none,未声明,未声明,MVP10|MVP19,01_core_hexin/services/commerce/src/foundation/interface/OperationController.ts,01_core_hexin/services/commerce/src/foundation/application/OperationHandler.ts,01_core_hexin/packages/sdk/src/operations/finance.ts,[FACT] 已逐记录审阅；未发现该记录独立问题
OP-AU-007-184,01_core_hexin/packages/contract/definitions/operations.yml:2582,finance.backfills.decide,finance,POST,/api/v1/finance/backfills/{backfillid}/decide,operator,finance.backfill.decide,runtime,sync,required,optional,transactional,4,0,MVP10|MVP19,01_core_hexin/services/commerce/src/foundation/interface/OperationController.ts,01_core_hexin/services/commerce/src/foundation/application/OperationHandler.ts,01_core_hexin/packages/sdk/src/operations/finance.ts,[FACT] 已逐记录审阅；关联F-0038
OP-AU-007-185,01_core_hexin/packages/contract/definitions/operations.yml:2596,finance.policies.manage,finance,PUT,/api/v1/finance/policies/{policyid},operator,finance.policy.manage,runtime,sync,required,optional,transactional,7,0,MVP10|MVP19,01_core_hexin/services/commerce/src/foundation/interface/OperationController.ts,01_core_hexin/services/commerce/src/foundation/application/OperationHandler.ts,01_core_hexin/packages/sdk/src/operations/finance.ts,[FACT] 已逐记录审阅；关联F-0038
OP-AU-007-186,01_core_hexin/packages/contract/definitions/operations.yml:2612,invoice.profiles.manage,finance,PUT,/api/v1/invoices/profiles/{profileid},operator,invoice.profile.manage,runtime,sync,required,required,transactional,3,4,MVP10|MVP19,01_core_hexin/services/commerce/src/foundation/interface/OperationController.ts,01_core_hexin/services/commerce/src/foundation/application/OperationHandler.ts,01_core_hexin/packages/sdk/src/operations/invoice.ts,[FACT] 已逐记录审阅；关联F-0038
OP-AU-007-187,01_core_hexin/packages/contract/definitions/operations.yml:2629,invoice.profiles.read,finance,GET,/api/v1/invoices/profiles,member,invoice.profile.read,runtime,sync,none,none,none,未声明,未声明,MVP10|MVP17|MVP19,01_core_hexin/services/commerce/src/foundation/interface/OperationController.ts,01_core_hexin/services/commerce/src/foundation/application/OperationHandler.ts,01_core_hexin/packages/sdk/src/operations/invoice.ts,[FACT] 已逐记录审阅；未发现该记录独立问题
OP-AU-007-188,01_core_hexin/packages/contract/definitions/operations.yml:2644,invoice.requests.create,finance,POST,/api/v1/invoices/requests,member,invoice.request.create,runtime,sync,required,required,transactional,0,0,MVP10|MVP19,01_core_hexin/services/commerce/src/foundation/interface/OperationController.ts,01_core_hexin/services/commerce/src/foundation/application/OperationHandler.ts,01_core_hexin/packages/sdk/src/operations/invoice.ts,[FACT] 已逐记录审阅；关联F-0038
OP-AU-007-189,01_core_hexin/packages/contract/definitions/operations.yml:2661,invoice.requests.read,finance,GET,/api/v1/invoices/requests,operator,invoice.request.read,runtime,sync,none,none,none,未声明,未声明,MVP10|MVP19,01_core_hexin/services/commerce/src/foundation/interface/OperationController.ts,01_core_hexin/services/commerce/src/foundation/application/OperationHandler.ts,01_core_hexin/packages/sdk/src/operations/invoice.ts,[FACT] 已逐记录审阅；未发现该记录独立问题
OP-AU-007-190,01_core_hexin/packages/contract/definitions/operations.yml:2675,invoice.requests.cancel,finance,DELETE,/api/v1/invoices/requests/{requestid},operator,invoice.request.cancel,runtime,sync,required,optional,transactional,0,0,MVP10|MVP19,01_core_hexin/services/commerce/src/foundation/interface/OperationController.ts,01_core_hexin/services/commerce/src/foundation/application/OperationHandler.ts,01_core_hexin/packages/sdk/src/operations/invoice.ts,[FACT] 已逐记录审阅；关联F-0038
OP-AU-007-191,01_core_hexin/packages/contract/definitions/operations.yml:2691,invoice.requests.decide,finance,POST,/api/v1/invoices/requests/{requestid}/decide,operator,invoice.request.decide,runtime,sync,required,optional,transactional,7,0,MVP10|MVP19,01_core_hexin/services/commerce/src/foundation/interface/OperationController.ts,01_core_hexin/services/commerce/src/foundation/application/OperationHandler.ts,01_core_hexin/packages/sdk/src/operations/invoice.ts,[FACT] 已逐记录审阅；关联F-0038
OP-AU-007-192,01_core_hexin/packages/contract/definitions/operations.yml:2705,invoice.requests.red,finance,POST,/api/v1/invoices/requests/{requestid}/red,operator,invoice.request.red,runtime,sync,required,optional,transactional,0,0,MVP10|MVP19,01_core_hexin/services/commerce/src/foundation/interface/OperationController.ts,01_core_hexin/services/commerce/src/foundation/application/OperationHandler.ts,01_core_hexin/packages/sdk/src/operations/invoice.ts,[FACT] 已逐记录审阅；关联F-0038
OP-AU-007-193,01_core_hexin/packages/contract/definitions/operations.yml:2719,support.cases.create,support,POST,/api/v1/support/cases,member,support.case.create,runtime,sync,required,optional,none,未声明,未声明,MVP12|MVP21,01_core_hexin/services/commerce/src/foundation/interface/OperationController.ts,01_core_hexin/services/commerce/src/foundation/application/OperationHandler.ts,01_core_hexin/packages/sdk/src/operations/support.ts,[FACT] 已逐记录审阅；关联F-0040
OP-AU-007-194,01_core_hexin/packages/contract/definitions/operations.yml:2733,support.cases.read,support,GET,/api/v1/support/cases,operator,support.case.read,runtime,sync,none,none,none,未声明,未声明,MVP12|MVP21|OMS-013,01_core_hexin/services/commerce/src/foundation/interface/OperationController.ts,01_core_hexin/services/commerce/src/foundation/application/OperationHandler.ts,01_core_hexin/packages/sdk/src/operations/support.ts,[FACT] 已逐记录审阅；未发现该记录独立问题
OP-AU-007-195,01_core_hexin/packages/contract/definitions/operations.yml:2748,support.cases.update,support,PATCH,/api/v1/support/cases/{caseid},operator,support.case.manage,runtime,sync,required,optional,none,未声明,未声明,MVP12|MVP21,01_core_hexin/services/commerce/src/foundation/interface/OperationController.ts,01_core_hexin/services/commerce/src/foundation/application/OperationHandler.ts,01_core_hexin/packages/sdk/src/operations/support.ts,[FACT] 已逐记录审阅；关联F-0040
OP-AU-007-196,01_core_hexin/packages/contract/definitions/operations.yml:2762,support.cases.close,support,PUT,/api/v1/support/cases/{caseid}/closure,operator,support.case.manage,runtime,sync,required,optional,none,未声明,未声明,MVP12|MVP21,01_core_hexin/services/commerce/src/foundation/interface/OperationController.ts,01_core_hexin/services/commerce/src/foundation/application/OperationHandler.ts,01_core_hexin/packages/sdk/src/operations/support.ts,[FACT] 已逐记录审阅；关联F-0040
OP-AU-007-197,01_core_hexin/packages/contract/definitions/operations.yml:2776,support.cases.reopen,support,DELETE,/api/v1/support/cases/{caseid}/closure,operator,support.case.manage,runtime,sync,required,optional,none,未声明,未声明,MVP12|MVP21,01_core_hexin/services/commerce/src/foundation/interface/OperationController.ts,01_core_hexin/services/commerce/src/foundation/application/OperationHandler.ts,01_core_hexin/packages/sdk/src/operations/support.ts,[FACT] 已逐记录审阅；关联F-0040
OP-AU-007-198,01_core_hexin/packages/contract/definitions/operations.yml:2790,support.messages.send,support,POST,/api/v1/support/cases/{caseid}/messages,operator,support.message.send,runtime,sync,required,optional,none,未声明,未声明,MVP12|MVP21,01_core_hexin/services/commerce/src/foundation/interface/OperationController.ts,01_core_hexin/services/commerce/src/foundation/application/OperationHandler.ts,01_core_hexin/packages/sdk/src/operations/support.ts,[FACT] 已逐记录审阅；关联F-0040
OP-AU-007-199,01_core_hexin/packages/contract/definitions/operations.yml:2804,support.messages.read,support,GET,/api/v1/support/cases/{caseid}/messages,operator,support.message.read,runtime,sync,none,none,none,未声明,未声明,MVP12|MVP21,01_core_hexin/services/commerce/src/foundation/interface/OperationController.ts,01_core_hexin/services/commerce/src/foundation/application/OperationHandler.ts,01_core_hexin/packages/sdk/src/operations/support.ts,[FACT] 已逐记录审阅；未发现该记录独立问题
OP-AU-007-200,01_core_hexin/packages/contract/definitions/operations.yml:2818,support.attachments.create,support,POST,/api/v1/support/cases/{caseid}/attachments,operator,support.message.send,runtime,sync,required,optional,none,未声明,未声明,MVP12|MVP21,01_core_hexin/services/commerce/src/foundation/interface/OperationController.ts,01_core_hexin/services/commerce/src/foundation/application/OperationHandler.ts,01_core_hexin/packages/sdk/src/operations/support.ts,[FACT] 已逐记录审阅；关联F-0040
OP-AU-007-201,01_core_hexin/packages/contract/definitions/operations.yml:2832,support.assignments.manage,support,PUT,/api/v1/support/assignments/{assignmentid},operator,support.assignment.manage,runtime,sync,required,optional,none,未声明,未声明,MVP12|MVP21,01_core_hexin/services/commerce/src/foundation/interface/OperationController.ts,01_core_hexin/services/commerce/src/foundation/application/OperationHandler.ts,01_core_hexin/packages/sdk/src/operations/support.ts,[FACT] 已逐记录审阅；关联F-0040
OP-AU-007-202,01_core_hexin/packages/contract/definitions/operations.yml:2846,support.agents.manage,support,PUT,/api/v1/support/agents/{agentid},operator,support.agent.manage,runtime,sync,required,optional,none,未声明,未声明,MVP12|MVP21,01_core_hexin/services/commerce/src/foundation/interface/OperationController.ts,01_core_hexin/services/commerce/src/foundation/application/OperationHandler.ts,01_core_hexin/packages/sdk/src/operations/support.ts,[FACT] 已逐记录审阅；关联F-0040
OP-AU-007-203,01_core_hexin/packages/contract/definitions/operations.yml:2860,support.agents.read,support,GET,/api/v1/support/agents,operator,support.agent.read,runtime,sync,none,none,none,未声明,未声明,MVP12|MVP21,01_core_hexin/services/commerce/src/foundation/interface/OperationController.ts,01_core_hexin/services/commerce/src/foundation/application/OperationHandler.ts,01_core_hexin/packages/sdk/src/operations/support.ts,[FACT] 已逐记录审阅；未发现该记录独立问题
OP-AU-007-204,01_core_hexin/packages/contract/definitions/operations.yml:2872,support.accounts.manage,support,PUT,/api/v1/support/accounts/{accountid},operator,support.account.manage,runtime,sync,required,optional,none,未声明,未声明,MVP12|MVP21,01_core_hexin/services/commerce/src/foundation/interface/OperationController.ts,01_core_hexin/services/commerce/src/foundation/application/OperationHandler.ts,01_core_hexin/packages/sdk/src/operations/support.ts,[FACT] 已逐记录审阅；关联F-0040
OP-AU-007-205,01_core_hexin/packages/contract/definitions/operations.yml:2886,support.accounts.read,support,GET,/api/v1/support/accounts,operator,support.account.read,runtime,sync,none,none,none,未声明,未声明,MVP12|MVP21,01_core_hexin/services/commerce/src/foundation/interface/OperationController.ts,01_core_hexin/services/commerce/src/foundation/application/OperationHandler.ts,01_core_hexin/packages/sdk/src/operations/support.ts,[FACT] 已逐记录审阅；未发现该记录独立问题
OP-AU-007-206,01_core_hexin/packages/contract/definitions/operations.yml:2898,support.rules.read,support,GET,/api/v1/support/rules,operator,support.rule.read,runtime,sync,none,none,none,未声明,未声明,MVP12|MVP21,01_core_hexin/services/commerce/src/foundation/interface/OperationController.ts,01_core_hexin/services/commerce/src/foundation/application/OperationHandler.ts,01_core_hexin/packages/sdk/src/operations/support.ts,[FACT] 已逐记录审阅；未发现该记录独立问题
OP-AU-007-207,01_core_hexin/packages/contract/definitions/operations.yml:2910,support.rules.manage,support,PUT,/api/v1/support/rules/{ruleid},operator,support.rule.manage,runtime,sync,required,optional,none,未声明,未声明,MVP12|MVP21,01_core_hexin/services/commerce/src/foundation/interface/OperationController.ts,01_core_hexin/services/commerce/src/foundation/application/OperationHandler.ts,01_core_hexin/packages/sdk/src/operations/support.ts,[FACT] 已逐记录审阅；关联F-0040
OP-AU-007-208,01_core_hexin/packages/contract/definitions/operations.yml:2922,support.slas.read,support,GET,/api/v1/support/slas,operator,support.sla.read,runtime,sync,none,none,none,未声明,未声明,MVP12|MVP21,01_core_hexin/services/commerce/src/foundation/interface/OperationController.ts,01_core_hexin/services/commerce/src/foundation/application/OperationHandler.ts,01_core_hexin/packages/sdk/src/operations/support.ts,[FACT] 已逐记录审阅；未发现该记录独立问题
OP-AU-007-209,01_core_hexin/packages/contract/definitions/operations.yml:2934,support.slas.manage,support,PUT,/api/v1/support/slas/{slaid},operator,support.sla.manage,runtime,sync,required,optional,none,未声明,未声明,MVP12|MVP21,01_core_hexin/services/commerce/src/foundation/interface/OperationController.ts,01_core_hexin/services/commerce/src/foundation/application/OperationHandler.ts,01_core_hexin/packages/sdk/src/operations/support.ts,[FACT] 已逐记录审阅；关联F-0040
OP-AU-007-210,01_core_hexin/packages/contract/definitions/operations.yml:2946,support.history.read,support,GET,/api/v1/support/cases/{caseid}/history,operator,support.history.read,runtime,sync,none,none,none,未声明,未声明,MVP12|MVP21|OMS-013,01_core_hexin/services/commerce/src/foundation/interface/OperationController.ts,01_core_hexin/services/commerce/src/foundation/application/OperationHandler.ts,01_core_hexin/packages/sdk/src/operations/support.ts,[FACT] 已逐记录审阅；未发现该记录独立问题
OP-AU-007-211,01_core_hexin/packages/contract/definitions/operations.yml:2961,notification.notifications.read,notification,GET,/api/v1/notifications,member,notification.read,runtime,sync,none,none,none,未声明,未声明,MVP13|MVP22,01_core_hexin/services/commerce/src/foundation/interface/OperationController.ts,01_core_hexin/services/commerce/src/foundation/application/OperationHandler.ts,01_core_hexin/packages/sdk/src/operations/notification.ts,[FACT] 已逐记录审阅；未发现该记录独立问题
OP-AU-007-212,01_core_hexin/packages/contract/definitions/operations.yml:2975,notification.preferences.read,notification,GET,/api/v1/notifications/preferences,member,notification.preference.read,runtime,sync,none,none,none,未声明,未声明,MVP03|MVP04|MVP05|MVP06|MVP07|MVP08|MVP09|MVP10|MVP11|MVP12|MVP13|MVP14|MVP15|MVP16|MVP17|MVP18|MVP19|MVP20|MVP21|MVP22|MVP23,01_core_hexin/services/commerce/src/foundation/interface/OperationController.ts,01_core_hexin/services/commerce/src/foundation/application/OperationHandler.ts,01_core_hexin/packages/sdk/src/operations/notification.ts,[FACT] 已逐记录审阅；未发现该记录独立问题
OP-AU-007-213,01_core_hexin/packages/contract/definitions/operations.yml:2987,notification.preferences.manage,notification,PUT,/api/v1/notifications/preferences/{channel}/{eventtype},member,notification.preference.manage,runtime,sync,required,optional,none,未声明,未声明,MVP03|MVP04|MVP05|MVP06|MVP07|MVP08|MVP09|MVP10|MVP11|MVP12|MVP13|MVP14|MVP15|MVP16|MVP17|MVP18|MVP19|MVP20|MVP21|MVP22|MVP23,01_core_hexin/services/commerce/src/foundation/interface/OperationController.ts,01_core_hexin/services/commerce/src/foundation/application/OperationHandler.ts,01_core_hexin/packages/sdk/src/operations/notification.ts,[FACT] 已逐记录审阅；关联F-0040
OP-AU-007-214,01_core_hexin/packages/contract/definitions/operations.yml:2999,notification.endpoints.manage,notification,PUT,/api/v1/notifications/endpoints/{channel},member,notification.endpoint.manage,runtime,sync,required,optional,none,未声明,未声明,MVP03|MVP04|MVP05|MVP06|MVP07|MVP08|MVP09|MVP10|MVP11|MVP12|MVP13|MVP14|MVP15|MVP16|MVP17|MVP18|MVP19|MVP20|MVP21|MVP22|MVP23,01_core_hexin/services/commerce/src/foundation/interface/OperationController.ts,01_core_hexin/services/commerce/src/foundation/application/OperationHandler.ts,01_core_hexin/packages/sdk/src/operations/notification.ts,[FACT] 已逐记录审阅；关联F-0040
OP-AU-007-215,01_core_hexin/packages/contract/definitions/operations.yml:3011,notification.templates.manage,notification,PUT,/api/v1/notifications/templates/{templateid},operator,notification.template.manage,runtime,sync,required,optional,none,未声明,未声明,MVP13|MVP22,01_core_hexin/services/commerce/src/foundation/interface/OperationController.ts,01_core_hexin/services/commerce/src/foundation/application/OperationHandler.ts,01_core_hexin/packages/sdk/src/operations/notification.ts,[FACT] 已逐记录审阅；关联F-0040
OP-AU-007-216,01_core_hexin/packages/contract/definitions/operations.yml:3025,notification.templates.read,notification,GET,/api/v1/notifications/templates,operator,notification.template.read,runtime,sync,none,none,none,未声明,未声明,MVP13|MVP22,01_core_hexin/services/commerce/src/foundation/interface/OperationController.ts,01_core_hexin/services/commerce/src/foundation/application/OperationHandler.ts,01_core_hexin/packages/sdk/src/operations/notification.ts,[FACT] 已逐记录审阅；未发现该记录独立问题
OP-AU-007-217,01_core_hexin/packages/contract/definitions/operations.yml:3039,notification.announcements.read,notification,GET,/api/v1/notifications/announcements,operator,notification.announcement.read,runtime,sync,none,none,none,未声明,未声明,MVP13|MVP22,01_core_hexin/services/commerce/src/foundation/interface/OperationController.ts,01_core_hexin/services/commerce/src/foundation/application/OperationHandler.ts,01_core_hexin/packages/sdk/src/operations/notification.ts,[FACT] 已逐记录审阅；未发现该记录独立问题
OP-AU-007-218,01_core_hexin/packages/contract/definitions/operations.yml:3053,notification.announcements.manage,notification,PUT,/api/v1/notifications/announcements/{announcementid},operator,notification.announcement.manage,runtime,sync,required,optional,none,未声明,未声明,MVP13|MVP22,01_core_hexin/services/commerce/src/foundation/interface/OperationController.ts,01_core_hexin/services/commerce/src/foundation/application/OperationHandler.ts,01_core_hexin/packages/sdk/src/operations/notification.ts,[FACT] 已逐记录审阅；关联F-0040
OP-AU-007-219,01_core_hexin/packages/contract/definitions/operations.yml:3067,risk.center.read,risk,GET,/api/v1/risks,operator,risk.read,runtime,sync,none,none,none,未声明,未声明,MVP13|MVP22,01_core_hexin/services/commerce/src/foundation/interface/OperationController.ts,01_core_hexin/services/commerce/src/foundation/application/OperationHandler.ts,01_core_hexin/packages/sdk/src/operations/risk.ts,[FACT] 已逐记录审阅；未发现该记录独立问题
OP-AU-007-220,01_core_hexin/packages/contract/definitions/operations.yml:3081,risk.policies.manage,risk,PUT,/api/v1/risks/policies/{policyid},operator,risk.manage,runtime,sync,required,optional,none,未声明,未声明,MVP13|MVP22,01_core_hexin/services/commerce/src/foundation/interface/OperationController.ts,01_core_hexin/services/commerce/src/foundation/application/OperationHandler.ts,01_core_hexin/packages/sdk/src/operations/risk.ts,[FACT] 已逐记录审阅；关联F-0040
OP-AU-007-221,01_core_hexin/packages/contract/definitions/operations.yml:3095,risk.cases.review,risk,PUT,/api/v1/risks/cases/{caseid},operator,risk.manage,runtime,sync,required,optional,none,未声明,未声明,MVP13|MVP22,01_core_hexin/services/commerce/src/foundation/interface/OperationController.ts,01_core_hexin/services/commerce/src/foundation/application/OperationHandler.ts,01_core_hexin/packages/sdk/src/operations/risk.ts,[FACT] 已逐记录审阅；关联F-0040
OP-AU-007-222,01_core_hexin/packages/contract/definitions/operations.yml:3109,audit.records.read,audit,GET,/api/v1/audits,operator,audit.read,runtime,sync,none,none,none,未声明,未声明,MVP03|MVP04|MVP05|MVP06|MVP07|MVP08|MVP09|MVP10|MVP11|MVP12|MVP13|MVP14|MVP15|MVP16|MVP17|MVP18|MVP19|MVP20|MVP21|MVP22|MVP23,01_core_hexin/services/commerce/src/foundation/interface/OperationController.ts,01_core_hexin/services/commerce/src/foundation/application/OperationHandler.ts,01_core_hexin/packages/sdk/src/operations/audit.ts,[FACT] 已逐记录审阅；未发现该记录独立问题
OP-AU-007-223,01_core_hexin/packages/contract/definitions/operations.yml:3121,observability.clienterrors.create,observability,POST,/api/v1/telemetry/clienterrors,member,observability.clienterror.create,runtime,sync,required,optional,none,未声明,未声明,MVP12|MVP21|MVP22,01_core_hexin/services/commerce/src/foundation/interface/OperationController.ts,01_core_hexin/services/commerce/src/foundation/application/OperationHandler.ts,01_core_hexin/packages/sdk/src/operations/observability.ts,[FACT] 已逐记录审阅；关联F-0040
OP-AU-007-224,01_core_hexin/packages/contract/definitions/operations.yml:3136,observability.clienterrors.read,observability,GET,/api/v1/telemetry/clienterrors,operator,observability.clienterror.read,runtime,sync,none,none,none,未声明,未声明,MVP12|MVP21|MVP22,01_core_hexin/services/commerce/src/foundation/interface/OperationController.ts,01_core_hexin/services/commerce/src/foundation/application/OperationHandler.ts,01_core_hexin/packages/sdk/src/operations/observability.ts,[FACT] 已逐记录审阅；未发现该记录独立问题
OP-AU-007-225,01_core_hexin/packages/contract/definitions/operations.yml:3151,channel.connections.read,channel,GET,/api/v1/channels/connections,operator,channel.connection.read,runtime,sync,none,none,none,未声明,未声明,MVP23,01_core_hexin/services/commerce/src/foundation/interface/OperationController.ts,01_core_hexin/services/commerce/src/foundation/application/OperationHandler.ts,01_core_hexin/packages/sdk/src/operations/channel.ts,[FACT] 已逐记录审阅；未发现该记录独立问题
OP-AU-007-226,01_core_hexin/packages/contract/definitions/operations.yml:3163,channel.connections.create,channel,POST,/api/v1/channels/connections,operator,channel.connection.manage,runtime,sync,required,optional,none,未声明,未声明,MVP23,01_core_hexin/services/commerce/src/foundation/interface/OperationController.ts,01_core_hexin/services/commerce/src/foundation/application/OperationHandler.ts,01_core_hexin/packages/sdk/src/operations/channel.ts,[FACT] 已逐记录审阅；关联F-0040
OP-AU-007-227,01_core_hexin/packages/contract/definitions/operations.yml:3176,channel.connections.update,channel,PATCH,/api/v1/channels/connections/{connectionid},operator,channel.connection.manage,runtime,sync,required,optional,none,未声明,未声明,MVP23,01_core_hexin/services/commerce/src/foundation/interface/OperationController.ts,01_core_hexin/services/commerce/src/foundation/application/OperationHandler.ts,01_core_hexin/packages/sdk/src/operations/channel.ts,[FACT] 已逐记录审阅；关联F-0040
OP-AU-007-228,01_core_hexin/packages/contract/definitions/operations.yml:3189,channel.connections.test,channel,POST,/api/v1/channels/connections/{connectionid}/tests,operator,channel.connection.manage,runtime,sync,required,optional,none,未声明,未声明,MVP23,01_core_hexin/services/commerce/src/foundation/interface/OperationController.ts,01_core_hexin/services/commerce/src/foundation/application/OperationHandler.ts,01_core_hexin/packages/sdk/src/operations/channel.ts,[FACT] 已逐记录审阅；关联F-0040
OP-AU-007-229,01_core_hexin/packages/contract/definitions/operations.yml:3202,channel.connections.enable,channel,PUT,/api/v1/channels/connections/{connectionid}/enablement,operator,channel.connection.manage,runtime,sync,required,optional,none,未声明,未声明,MVP23,01_core_hexin/services/commerce/src/foundation/interface/OperationController.ts,01_core_hexin/services/commerce/src/foundation/application/OperationHandler.ts,01_core_hexin/packages/sdk/src/operations/channel.ts,[FACT] 已逐记录审阅；关联F-0040
OP-AU-007-230,01_core_hexin/packages/contract/definitions/operations.yml:3215,channel.connections.disable,channel,DELETE,/api/v1/channels/connections/{connectionid}/enablement,operator,channel.connection.manage,runtime,sync,required,optional,none,未声明,未声明,MVP23,01_core_hexin/services/commerce/src/foundation/interface/OperationController.ts,01_core_hexin/services/commerce/src/foundation/application/OperationHandler.ts,01_core_hexin/packages/sdk/src/operations/channel.ts,[FACT] 已逐记录审阅；关联F-0040
OP-AU-007-231,01_core_hexin/packages/contract/definitions/operations.yml:3228,channel.webhooks.receive,channel,POST,/api/v1/channels/webhooks/{connectionid},provider,,runtime,sync,none,optional,none,未声明,未声明,MVP23,01_core_hexin/services/commerce/src/foundation/interface/OperationController.ts,01_core_hexin/services/commerce/src/foundation/application/OperationHandler.ts,01_core_hexin/packages/sdk/src/operations/channel.ts,[FACT] 已逐记录审阅；关联F-0040
OP-AU-007-232,01_core_hexin/packages/contract/definitions/operations.yml:3239,channel.syncruns.start,channel,POST,/api/v1/channels/syncruns,operator,channel.sync.manage,runtime,sync,required,optional,none,未声明,未声明,MVP23,01_core_hexin/services/commerce/src/foundation/interface/OperationController.ts,01_core_hexin/services/commerce/src/foundation/application/OperationHandler.ts,01_core_hexin/packages/sdk/src/operations/channel.ts,[FACT] 已逐记录审阅；关联F-0040
OP-AU-007-233,01_core_hexin/packages/contract/definitions/operations.yml:3252,channel.syncruns.read,channel,GET,/api/v1/channels/syncruns,operator,channel.sync.read,runtime,sync,none,none,none,未声明,未声明,MVP23,01_core_hexin/services/commerce/src/foundation/interface/OperationController.ts,01_core_hexin/services/commerce/src/foundation/application/OperationHandler.ts,01_core_hexin/packages/sdk/src/operations/channel.ts,[FACT] 已逐记录审阅；未发现该记录独立问题
OP-AU-007-234,01_core_hexin/packages/contract/definitions/operations.yml:3265,channel.syncruns.cancel,channel,DELETE,/api/v1/channels/syncruns/{runid},operator,channel.sync.manage,runtime,sync,required,optional,none,未声明,未声明,MVP23,01_core_hexin/services/commerce/src/foundation/interface/OperationController.ts,01_core_hexin/services/commerce/src/foundation/application/OperationHandler.ts,01_core_hexin/packages/sdk/src/operations/channel.ts,[FACT] 已逐记录审阅；关联F-0040
OP-AU-007-235,01_core_hexin/packages/contract/definitions/operations.yml:3278,channel.operations.read,channel,GET,/api/v1/channels/operations,operator,channel.operation.read,runtime,sync,none,none,none,未声明,未声明,MVP23,01_core_hexin/services/commerce/src/foundation/interface/OperationController.ts,01_core_hexin/services/commerce/src/foundation/application/OperationHandler.ts,01_core_hexin/packages/sdk/src/operations/channel.ts,[FACT] 已逐记录审阅；未发现该记录独立问题
OP-AU-007-236,01_core_hexin/packages/contract/definitions/operations.yml:3291,channel.operations.replay,channel,POST,/api/v1/channels/operations/{operationid}/replays,operator,channel.operation.replay,runtime,sync,required,optional,none,未声明,未声明,MVP23,01_core_hexin/services/commerce/src/foundation/interface/OperationController.ts,01_core_hexin/services/commerce/src/foundation/application/OperationHandler.ts,01_core_hexin/packages/sdk/src/operations/channel.ts,[FACT] 已逐记录审阅；关联F-0040
OP-AU-007-237,01_core_hexin/packages/contract/definitions/operations.yml:3304,extension.installations.read,extension,GET,/api/v1/extensions/installations,operator,extension.installation.read,runtime,sync,none,none,none,未声明,未声明,MVP23,01_core_hexin/services/commerce/src/foundation/interface/OperationController.ts,01_core_hexin/services/commerce/src/foundation/application/OperationHandler.ts,01_core_hexin/packages/sdk/src/operations/extension.ts,[FACT] 已逐记录审阅；未发现该记录独立问题
OP-AU-007-238,01_core_hexin/packages/contract/definitions/operations.yml:3317,identity.storefronts.read,identity,POST,/api/v1/identity/storefronts/resolve,public,,runtime,sync,required,optional,none,未声明,未声明,MVP03|MVP04|MVP05|MVP06|MVP07|MVP08|MVP09|MVP10|MVP11|MVP12|MVP13|MVP14|MVP15|MVP16|MVP17|MVP18|MVP19|MVP20|MVP21|MVP22|MVP23,01_core_hexin/services/commerce/src/foundation/interface/OperationController.ts,01_core_hexin/services/commerce/src/foundation/application/OperationHandler.ts,01_core_hexin/packages/sdk/src/operations/identity.ts,[FACT] 已逐记录审阅；关联F-0040
OP-AU-007-239,01_core_hexin/packages/contract/definitions/operations.yml:3349,identity.members.reset,identity,PUT,/api/v1/identity/members/{membershipid}/registration,operator,identity.registration.reset,runtime,sync,required,required,transactional,1,13,MVP13|MVP22,01_core_hexin/services/commerce/src/foundation/interface/OperationController.ts,01_core_hexin/services/commerce/src/foundation/application/OperationHandler.ts,01_core_hexin/packages/sdk/src/operations/identity.ts,[FACT] 已逐记录审阅；关联F-0038
OP-AU-007-240,01_core_hexin/packages/contract/definitions/operations.yml:3366,identity.mobile.challenge,identity,POST,/api/v1/identity/mobile/challenges,member,identity.mobile.manage,runtime,sync,required,optional,transactional,6,16,MVP03|MVP04|MVP05|MVP06|MVP07|MVP08|MVP09|MVP10|MVP11|MVP12|MVP13|MVP14|MVP15|MVP16|MVP17|MVP18|MVP19|MVP20|MVP21|MVP22|MVP23,01_core_hexin/services/commerce/src/foundation/interface/OperationController.ts,01_core_hexin/services/commerce/src/foundation/application/OperationHandler.ts,01_core_hexin/packages/sdk/src/operations/identity.ts,[FACT] 已逐记录审阅；关联F-0038
OP-AU-007-241,01_core_hexin/packages/contract/definitions/operations.yml:3401,access.ownership.read,access,GET,/api/v1/access/ownership,operator,access.ownership.read,runtime,sync,none,none,none,未声明,未声明,MVP13|MVP22,01_core_hexin/services/commerce/src/foundation/interface/OperationController.ts,01_core_hexin/services/commerce/src/foundation/application/OperationHandler.ts,01_core_hexin/packages/sdk/src/operations/access.ts,[FACT] 已逐记录审阅；未发现该记录独立问题
OP-AU-007-242,01_core_hexin/packages/contract/definitions/operations.yml:3415,access.ownership.transfers.preview,access,POST,/api/v1/access/ownership/transfers/preview,operator,access.ownership.transfer,runtime,sync,required,optional,none,未声明,未声明,MVP13|MVP22,01_core_hexin/services/commerce/src/foundation/interface/OperationController.ts,01_core_hexin/services/commerce/src/foundation/application/OperationHandler.ts,01_core_hexin/packages/sdk/src/operations/access.ts,[FACT] 已逐记录审阅；关联F-0040
OP-AU-007-243,01_core_hexin/packages/contract/definitions/operations.yml:3429,access.ownership.transfers.create,access,POST,/api/v1/access/ownership/transfers,operator,access.ownership.transfer,runtime,sync,required,optional,transactional,12,4,MVP13|MVP22,01_core_hexin/services/commerce/src/foundation/interface/OperationController.ts,01_core_hexin/services/commerce/src/foundation/application/OperationHandler.ts,01_core_hexin/packages/sdk/src/operations/access.ts,[FACT] 已逐记录审阅；关联F-0038
OP-AU-007-244,01_core_hexin/packages/contract/definitions/operations.yml:3445,access.ownership.transfers.accept.preview,access,POST,/api/v1/access/ownership/transfers/{transferid}/accept/preview,operator,access.ownership.accept,runtime,sync,required,optional,none,未声明,未声明,MVP13|MVP22,01_core_hexin/services/commerce/src/foundation/interface/OperationController.ts,01_core_hexin/services/commerce/src/foundation/application/OperationHandler.ts,01_core_hexin/packages/sdk/src/operations/access.ts,[FACT] 已逐记录审阅；关联F-0040
OP-AU-007-245,01_core_hexin/packages/contract/definitions/operations.yml:3459,access.ownership.transfers.accept,access,POST,/api/v1/access/ownership/transfers/{transferid}/accept,operator,access.ownership.accept,runtime,sync,required,optional,transactional,12,4,MVP13|MVP22,01_core_hexin/services/commerce/src/foundation/interface/OperationController.ts,01_core_hexin/services/commerce/src/foundation/application/OperationHandler.ts,01_core_hexin/packages/sdk/src/operations/access.ts,[FACT] 已逐记录审阅；关联F-0038
OP-AU-007-246,01_core_hexin/packages/contract/definitions/operations.yml:3475,access.ownership.transfers.cancel,access,POST,/api/v1/access/ownership/transfers/{transferid}/cancel,operator,access.ownership.transfer,runtime,sync,required,optional,transactional,12,4,MVP13|MVP22,01_core_hexin/services/commerce/src/foundation/interface/OperationController.ts,01_core_hexin/services/commerce/src/foundation/application/OperationHandler.ts,01_core_hexin/packages/sdk/src/operations/access.ts,[FACT] 已逐记录审阅；关联F-0038
OP-AU-007-247,01_core_hexin/packages/contract/definitions/operations.yml:3491,access.ownership.transfers.cancel.preview,access,POST,/api/v1/access/ownership/transfers/{transferid}/cancel/preview,operator,access.ownership.transfer,runtime,sync,required,optional,none,未声明,未声明,MVP13|MVP22,01_core_hexin/services/commerce/src/foundation/interface/OperationController.ts,01_core_hexin/services/commerce/src/foundation/application/OperationHandler.ts,01_core_hexin/packages/sdk/src/operations/access.ts,[FACT] 已逐记录审阅；关联F-0040
OP-AU-007-248,01_core_hexin/packages/contract/definitions/operations.yml:3505,referral.settings.read,referral,GET,/api/v1/referral/settings,operator,referral.settings.read,runtime,sync,none,none,none,未声明,未声明,MVP04,01_core_hexin/services/commerce/src/foundation/interface/OperationController.ts,01_core_hexin/services/commerce/src/foundation/application/OperationHandler.ts,01_core_hexin/packages/sdk/src/operations/referral.ts,[FACT] 已逐记录审阅；未发现该记录独立问题
OP-AU-007-249,01_core_hexin/packages/contract/definitions/operations.yml:3518,referral.settings.manage,referral,PUT,/api/v1/referral/settings,operator,referral.settings.manage,runtime,sync,required,optional,none,未声明,未声明,MVP04,01_core_hexin/services/commerce/src/foundation/interface/OperationController.ts,01_core_hexin/services/commerce/src/foundation/application/OperationHandler.ts,01_core_hexin/packages/sdk/src/operations/referral.ts,[FACT] 已逐记录审阅；关联F-0040
OP-AU-007-250,01_core_hexin/packages/contract/definitions/operations.yml:3531,referral.products.read,referral,GET,/api/v1/referral/products,operator,referral.products.read,runtime,sync,none,none,none,未声明,未声明,MVP04,01_core_hexin/services/commerce/src/foundation/interface/OperationController.ts,01_core_hexin/services/commerce/src/foundation/application/OperationHandler.ts,01_core_hexin/packages/sdk/src/operations/referral.ts,[FACT] 已逐记录审阅；未发现该记录独立问题
OP-AU-007-251,01_core_hexin/packages/contract/definitions/operations.yml:3544,referral.products.manage,referral,PUT,/api/v1/referral/products,operator,referral.products.manage,runtime,sync,required,optional,none,未声明,未声明,MVP04,01_core_hexin/services/commerce/src/foundation/interface/OperationController.ts,01_core_hexin/services/commerce/src/foundation/application/OperationHandler.ts,01_core_hexin/packages/sdk/src/operations/referral.ts,[FACT] 已逐记录审阅；关联F-0040
OP-AU-007-252,01_core_hexin/packages/contract/definitions/operations.yml:3557,referral.members.read,referral,GET,/api/v1/referral/members,operator,referral.members.read,runtime,sync,none,none,none,未声明,未声明,MVP04,01_core_hexin/services/commerce/src/foundation/interface/OperationController.ts,01_core_hexin/services/commerce/src/foundation/application/OperationHandler.ts,01_core_hexin/packages/sdk/src/operations/referral.ts,[FACT] 已逐记录审阅；未发现该记录独立问题
OP-AU-007-253,01_core_hexin/packages/contract/definitions/operations.yml:3570,referral.members.apply,referral,POST,/api/v1/referral/members/apply,member,referral.self.manage,runtime,sync,required,optional,none,未声明,未声明,MVP04,01_core_hexin/services/commerce/src/foundation/interface/OperationController.ts,01_core_hexin/services/commerce/src/foundation/application/OperationHandler.ts,01_core_hexin/packages/sdk/src/operations/referral.ts,[FACT] 已逐记录审阅；关联F-0040
OP-AU-007-254,01_core_hexin/packages/contract/definitions/operations.yml:3583,referral.members.approve,referral,POST,/api/v1/referral/members/approve,operator,referral.members.approve,runtime,sync,required,optional,none,未声明,未声明,MVP04,01_core_hexin/services/commerce/src/foundation/interface/OperationController.ts,01_core_hexin/services/commerce/src/foundation/application/OperationHandler.ts,01_core_hexin/packages/sdk/src/operations/referral.ts,[FACT] 已逐记录审阅；关联F-0040
OP-AU-007-255,01_core_hexin/packages/contract/definitions/operations.yml:3596,referral.members.disqualify,referral,POST,/api/v1/referral/members/disqualify,operator,referral.members.disqualify,runtime,sync,required,optional,none,未声明,未声明,MVP04,01_core_hexin/services/commerce/src/foundation/interface/OperationController.ts,01_core_hexin/services/commerce/src/foundation/application/OperationHandler.ts,01_core_hexin/packages/sdk/src/operations/referral.ts,[FACT] 已逐记录审阅；关联F-0040
OP-AU-007-256,01_core_hexin/packages/contract/definitions/operations.yml:3609,referral.bindings.read,referral,GET,/api/v1/referral/bindings,operator,referral.bindings.read,runtime,sync,none,none,none,未声明,未声明,MVP04,01_core_hexin/services/commerce/src/foundation/interface/OperationController.ts,01_core_hexin/services/commerce/src/foundation/application/OperationHandler.ts,01_core_hexin/packages/sdk/src/operations/referral.ts,[FACT] 已逐记录审阅；未发现该记录独立问题
OP-AU-007-257,01_core_hexin/packages/contract/definitions/operations.yml:3622,referral.bindings.create,referral,POST,/api/v1/referral/bindings,member,referral.self.manage,runtime,sync,required,optional,none,未声明,未声明,MVP04,01_core_hexin/services/commerce/src/foundation/interface/OperationController.ts,01_core_hexin/services/commerce/src/foundation/application/OperationHandler.ts,01_core_hexin/packages/sdk/src/operations/referral.ts,[FACT] 已逐记录审阅；关联F-0040
OP-AU-007-258,01_core_hexin/packages/contract/definitions/operations.yml:3635,referral.commissions.read,referral,GET,/api/v1/referral/commissions,operator,referral.commissions.read,runtime,sync,none,none,none,未声明,未声明,MVP04,01_core_hexin/services/commerce/src/foundation/interface/OperationController.ts,01_core_hexin/services/commerce/src/foundation/application/OperationHandler.ts,01_core_hexin/packages/sdk/src/operations/referral.ts,[FACT] 已逐记录审阅；未发现该记录独立问题
OP-AU-007-259,01_core_hexin/packages/contract/definitions/operations.yml:3648,referral.earnings.read,referral,GET,/api/v1/referral/earnings,member,referral.self.read,runtime,sync,none,none,none,未声明,未声明,MVP04,01_core_hexin/services/commerce/src/foundation/interface/OperationController.ts,01_core_hexin/services/commerce/src/foundation/application/OperationHandler.ts,01_core_hexin/packages/sdk/src/operations/referral.ts,[FACT] 已逐记录审阅；未发现该记录独立问题
OP-AU-007-260,01_core_hexin/packages/contract/definitions/operations.yml:3661,referral.links.read,referral,GET,/api/v1/referral/links,member,referral.self.read,runtime,sync,none,none,none,未声明,未声明,MVP04,01_core_hexin/services/commerce/src/foundation/interface/OperationController.ts,01_core_hexin/services/commerce/src/foundation/application/OperationHandler.ts,01_core_hexin/packages/sdk/src/operations/referral.ts,[FACT] 已逐记录审阅；未发现该记录独立问题
OP-AU-007-261,01_core_hexin/packages/contract/definitions/operations.yml:3674,referral.withdrawals.read,referral,GET,/api/v1/referral/withdrawals,member,referral.self.read,runtime,sync,none,none,none,未声明,未声明,MVP04,01_core_hexin/services/commerce/src/foundation/interface/OperationController.ts,01_core_hexin/services/commerce/src/foundation/application/OperationHandler.ts,01_core_hexin/packages/sdk/src/operations/referral.ts,[FACT] 已逐记录审阅；未发现该记录独立问题
OP-AU-007-262,01_core_hexin/packages/contract/definitions/operations.yml:3687,referral.withdrawals.create,referral,POST,/api/v1/referral/withdrawals,member,referral.withdrawals.create,runtime,sync,required,optional,none,未声明,未声明,MVP04,01_core_hexin/services/commerce/src/foundation/interface/OperationController.ts,01_core_hexin/services/commerce/src/foundation/application/OperationHandler.ts,01_core_hexin/packages/sdk/src/operations/referral.ts,[FACT] 已逐记录审阅；关联F-0040
OP-AU-007-263,01_core_hexin/packages/contract/definitions/operations.yml:3700,finance.reconciliationrepairs.read,finance,GET,/api/v1/finance/reconciliation-repairs/{repairid},operator,finance.reconciliation.read,runtime,sync,none,none,none,未声明,未声明,MVP10|MVP19,01_core_hexin/services/commerce/src/foundation/interface/OperationController.ts,01_core_hexin/services/commerce/src/foundation/application/OperationHandler.ts,01_core_hexin/packages/sdk/src/operations/finance.ts,[FACT] 已逐记录审阅；未发现该记录独立问题
OP-AU-007-264,01_core_hexin/packages/contract/definitions/operations.yml:3714,finance.reconciliationrepairs.preview,finance,POST,/api/v1/finance/reconciliations/{reconciliationid}/items/{itemid}/repairs/preview,operator,finance.reconciliation.manage,runtime,sync,required,required,none,未声明,未声明,MVP10|MVP19,01_core_hexin/services/commerce/src/foundation/interface/OperationController.ts,01_core_hexin/services/commerce/src/foundation/application/OperationHandler.ts,01_core_hexin/packages/sdk/src/operations/finance.ts,[FACT] 已逐记录审阅；关联F-0040
OP-AU-007-265,01_core_hexin/packages/contract/definitions/operations.yml:3729,finance.reconciliationrepairs.submit,finance,POST,/api/v1/finance/reconciliation-repairs/{repairid}/submit,operator,finance.reconciliation.manage,runtime,sync,required,required,transactional,0,0,MVP10|MVP19,01_core_hexin/services/commerce/src/foundation/interface/OperationController.ts,01_core_hexin/services/commerce/src/foundation/application/OperationHandler.ts,01_core_hexin/packages/sdk/src/operations/finance.ts,[FACT] 已逐记录审阅；关联F-0038
OP-AU-007-266,01_core_hexin/packages/contract/definitions/operations.yml:3746,finance.reconciliationrepairs.decide,finance,POST,/api/v1/finance/reconciliation-repairs/{repairid}/decide,operator,finance.reconciliation.manage,runtime,sync,required,required,transactional,0,0,MVP10|MVP19,01_core_hexin/services/commerce/src/foundation/interface/OperationController.ts,01_core_hexin/services/commerce/src/foundation/application/OperationHandler.ts,01_core_hexin/packages/sdk/src/operations/finance.ts,[FACT] 已逐记录审阅；关联F-0038
OP-AU-007-267,01_core_hexin/packages/contract/definitions/operations.yml:3763,finance.reconciliationrepairs.reverse,finance,POST,/api/v1/finance/reconciliation-repairs/{repairid}/reverse,operator,finance.reconciliation.manage,runtime,sync,required,required,transactional,0,0,MVP10|MVP19,01_core_hexin/services/commerce/src/foundation/interface/OperationController.ts,01_core_hexin/services/commerce/src/foundation/application/OperationHandler.ts,01_core_hexin/packages/sdk/src/operations/finance.ts,[FACT] 已逐记录审阅；关联F-0038
OP-AU-007-268,01_core_hexin/packages/contract/definitions/operations.yml:3780,finance.policies.preview,finance,POST,/api/v1/finance/policies/{policyid}/preview,operator,finance.policy.manage,runtime,sync,required,required,none,未声明,未声明,MVP10|MVP19,01_core_hexin/services/commerce/src/foundation/interface/OperationController.ts,01_core_hexin/services/commerce/src/foundation/application/OperationHandler.ts,01_core_hexin/packages/sdk/src/operations/finance.ts,[FACT] 已逐记录审阅；关联F-0040
OP-AU-007-269,01_core_hexin/packages/contract/definitions/operations.yml:3795,finance.policies.read,finance,GET,/api/v1/finance/policies,operator,finance.policy.read,runtime,sync,none,none,none,未声明,未声明,MVP10|MVP19,01_core_hexin/services/commerce/src/foundation/interface/OperationController.ts,01_core_hexin/services/commerce/src/foundation/application/OperationHandler.ts,01_core_hexin/packages/sdk/src/operations/finance.ts,[FACT] 已逐记录审阅；未发现该记录独立问题
OP-AU-007-270,01_core_hexin/packages/contract/definitions/operations.yml:3809,finance.audit.read,finance,GET,/api/v1/finance/audits,operator,audit.read,runtime,sync,none,none,none,未声明,未声明,MVP10|MVP19,01_core_hexin/services/commerce/src/foundation/interface/OperationController.ts,01_core_hexin/services/commerce/src/foundation/application/OperationHandler.ts,01_core_hexin/packages/sdk/src/operations/finance.ts,[FACT] 已逐记录审阅；未发现该记录独立问题
OP-AU-007-271,01_core_hexin/packages/contract/definitions/operations.yml:3823,invoice.operatorprofiles.read,finance,GET,/api/v1/invoices/operator-profiles,operator,invoice.profile.read,runtime,sync,none,none,none,未声明,未声明,MVP10|MVP19,01_core_hexin/services/commerce/src/foundation/interface/OperationController.ts,01_core_hexin/services/commerce/src/foundation/application/OperationHandler.ts,01_core_hexin/packages/sdk/src/operations/invoice.ts,[FACT] 已逐记录审阅；未发现该记录独立问题
OP-AU-007-272,01_core_hexin/packages/contract/definitions/operations.yml:3837,partner.customers.create,partner,POST,/api/v1/partners/customers,operator,partner.manage,frozen,sync,required,none,none,未声明,未声明,MVP09|MVP18,01_core_hexin/services/commerce/src/foundation/interface/OperationController.ts,01_core_hexin/services/commerce/src/foundation/application/OperationHandler.ts,01_core_hexin/packages/sdk/src/operations/partner.ts,[FACT] 已逐记录审阅；未发现该记录独立问题
OP-AU-007-273,01_core_hexin/packages/contract/definitions/operations.yml:3856,partner.customers.update,partner,PATCH,/api/v1/partners/customers/{customerid},operator,partner.manage,frozen,sync,required,required,none,未声明,未声明,MVP09|MVP18,01_core_hexin/services/commerce/src/foundation/interface/OperationController.ts,01_core_hexin/services/commerce/src/foundation/application/OperationHandler.ts,01_core_hexin/packages/sdk/src/operations/partner.ts,[FACT] 已逐记录审阅；未发现该记录独立问题
OP-AU-007-274,01_core_hexin/packages/contract/definitions/operations.yml:3875,partner.customers.enable,partner,POST,/api/v1/partners/customers/{customerid}/enable,operator,partner.manage,frozen,sync,required,required,none,未声明,未声明,MVP09|MVP18,01_core_hexin/services/commerce/src/foundation/interface/OperationController.ts,01_core_hexin/services/commerce/src/foundation/application/OperationHandler.ts,01_core_hexin/packages/sdk/src/operations/partner.ts,[FACT] 已逐记录审阅；未发现该记录独立问题
OP-AU-007-275,01_core_hexin/packages/contract/definitions/operations.yml:3894,partner.customers.disable,partner,POST,/api/v1/partners/customers/{customerid}/disable,operator,partner.manage,frozen,sync,required,required,none,未声明,未声明,MVP09|MVP18,01_core_hexin/services/commerce/src/foundation/interface/OperationController.ts,01_core_hexin/services/commerce/src/foundation/application/OperationHandler.ts,01_core_hexin/packages/sdk/src/operations/partner.ts,[FACT] 已逐记录审阅；未发现该记录独立问题
OP-AU-007-276,01_core_hexin/packages/contract/definitions/operations.yml:3913,partner.customers.get,partner,GET,/api/v1/partners/customers/{customerid},operator,partner.read,frozen,sync,none,none,none,未声明,未声明,MVP09|MVP18,01_core_hexin/services/commerce/src/foundation/interface/OperationController.ts,01_core_hexin/services/commerce/src/foundation/application/OperationHandler.ts,01_core_hexin/packages/sdk/src/operations/partner.ts,[FACT] 已逐记录审阅；未发现该记录独立问题
OP-AU-007-277,01_core_hexin/packages/contract/definitions/operations.yml:3932,partner.customers.list,partner,GET,/api/v1/partners/customers,operator,partner.read,frozen,sync,none,none,none,未声明,未声明,MVP09|MVP18,01_core_hexin/services/commerce/src/foundation/interface/OperationController.ts,01_core_hexin/services/commerce/src/foundation/application/OperationHandler.ts,01_core_hexin/packages/sdk/src/operations/partner.ts,[FACT] 已逐记录审阅；未发现该记录独立问题
OP-AU-007-278,01_core_hexin/packages/contract/definitions/operations.yml:3951,partner.customeroptions.list,partner,GET,/api/v1/partners/customer-options,operator,partner.read,frozen,sync,none,none,none,未声明,未声明,MVP09|MVP18,01_core_hexin/services/commerce/src/foundation/interface/OperationController.ts,01_core_hexin/services/commerce/src/foundation/application/OperationHandler.ts,01_core_hexin/packages/sdk/src/operations/partner.ts,[FACT] 已逐记录审阅；未发现该记录独立问题
OP-AU-007-279,01_core_hexin/packages/contract/definitions/operations.yml:3970,voucher.products.create,voucher,POST,/api/v1/vouchers/products,operator,voucher.program.manage,frozen,sync,required,none,transactional,未声明,未声明,MVP09|MVP18,01_core_hexin/services/commerce/src/foundation/interface/OperationController.ts,01_core_hexin/services/commerce/src/foundation/application/OperationHandler.ts,01_core_hexin/packages/sdk/src/operations/voucher.ts,[FACT] 已逐记录审阅；未发现该记录独立问题
OP-AU-007-280,01_core_hexin/packages/contract/definitions/operations.yml:3989,voucher.products.revise,voucher,POST,/api/v1/vouchers/products/{productid}/versions,operator,voucher.program.manage,frozen,sync,required,required,transactional,未声明,未声明,MVP09|MVP18,01_core_hexin/services/commerce/src/foundation/interface/OperationController.ts,01_core_hexin/services/commerce/src/foundation/application/OperationHandler.ts,01_core_hexin/packages/sdk/src/operations/voucher.ts,[FACT] 已逐记录审阅；未发现该记录独立问题
OP-AU-007-281,01_core_hexin/packages/contract/definitions/operations.yml:4008,voucher.products.enable,voucher,POST,/api/v1/vouchers/products/{productid}/enable,operator,voucher.program.manage,frozen,sync,required,required,transactional,未声明,未声明,MVP09|MVP18,01_core_hexin/services/commerce/src/foundation/interface/OperationController.ts,01_core_hexin/services/commerce/src/foundation/application/OperationHandler.ts,01_core_hexin/packages/sdk/src/operations/voucher.ts,[FACT] 已逐记录审阅；未发现该记录独立问题
OP-AU-007-282,01_core_hexin/packages/contract/definitions/operations.yml:4027,voucher.products.disable,voucher,POST,/api/v1/vouchers/products/{productid}/disable,operator,voucher.program.manage,frozen,sync,required,required,transactional,未声明,未声明,MVP09|MVP18,01_core_hexin/services/commerce/src/foundation/interface/OperationController.ts,01_core_hexin/services/commerce/src/foundation/application/OperationHandler.ts,01_core_hexin/packages/sdk/src/operations/voucher.ts,[FACT] 已逐记录审阅；未发现该记录独立问题
OP-AU-007-283,01_core_hexin/packages/contract/definitions/operations.yml:4046,voucher.products.get,voucher,GET,/api/v1/vouchers/products/{productid},operator,voucher.program.read,frozen,sync,none,none,none,未声明,未声明,MVP09|MVP18,01_core_hexin/services/commerce/src/foundation/interface/OperationController.ts,01_core_hexin/services/commerce/src/foundation/application/OperationHandler.ts,01_core_hexin/packages/sdk/src/operations/voucher.ts,[FACT] 已逐记录审阅；未发现该记录独立问题
OP-AU-007-284,01_core_hexin/packages/contract/definitions/operations.yml:4065,voucher.products.list,voucher,GET,/api/v1/vouchers/products,operator,voucher.program.read,frozen,sync,none,none,none,未声明,未声明,MVP09|MVP18,01_core_hexin/services/commerce/src/foundation/interface/OperationController.ts,01_core_hexin/services/commerce/src/foundation/application/OperationHandler.ts,01_core_hexin/packages/sdk/src/operations/voucher.ts,[FACT] 已逐记录审阅；未发现该记录独立问题
OP-AU-007-285,01_core_hexin/packages/contract/definitions/operations.yml:4084,voucher.productoptions.list,voucher,GET,/api/v1/vouchers/product-options,operator,voucher.program.read,frozen,sync,none,none,none,未声明,未声明,MVP09|MVP18,01_core_hexin/services/commerce/src/foundation/interface/OperationController.ts,01_core_hexin/services/commerce/src/foundation/application/OperationHandler.ts,01_core_hexin/packages/sdk/src/operations/voucher.ts,[FACT] 已逐记录审阅；未发现该记录独立问题
OP-AU-007-286,01_core_hexin/packages/contract/definitions/operations.yml:4103,voucher.credentialpools.create,voucher,POST,/api/v1/vouchers/credential-pools,operator,voucher.cardlibrary.manage,frozen,sync,required,none,transactional,未声明,未声明,MVP03|MVP09|MVP18,01_core_hexin/services/commerce/src/foundation/interface/OperationController.ts,01_core_hexin/services/commerce/src/foundation/application/OperationHandler.ts,01_core_hexin/packages/sdk/src/operations/voucher.ts,[FACT] 已逐记录审阅；未发现该记录独立问题
OP-AU-007-287,01_core_hexin/packages/contract/definitions/operations.yml:4123,voucher.credentials.generate,voucher,POST,/api/v1/vouchers/credential-pools/{poolid}/generate,operator,voucher.cardlibrary.manage,frozen,async,required,required,transactional,未声明,未声明,MVP03|MVP09|MVP18,01_core_hexin/services/commerce/src/foundation/interface/OperationController.ts,01_core_hexin/services/commerce/src/foundation/application/OperationHandler.ts,01_core_hexin/packages/sdk/src/operations/voucher.ts,[FACT] 已逐记录审阅；未发现该记录独立问题
OP-AU-007-288,01_core_hexin/packages/contract/definitions/operations.yml:4143,voucher.credentials.import,voucher,POST,/api/v1/vouchers/credential-pools/{poolid}/imports,operator,voucher.cardlibrary.manage,frozen,async,required,required,transactional,未声明,未声明,MVP03|MVP09|MVP18,01_core_hexin/services/commerce/src/foundation/interface/OperationController.ts,01_core_hexin/services/commerce/src/foundation/application/OperationHandler.ts,01_core_hexin/packages/sdk/src/operations/voucher.ts,[FACT] 已逐记录审阅；未发现该记录独立问题
OP-AU-007-289,01_core_hexin/packages/contract/definitions/operations.yml:4163,voucher.credentialpools.close,voucher,POST,/api/v1/vouchers/credential-pools/{poolid}/close,operator,voucher.cardlibrary.manage,frozen,sync,required,required,transactional,未声明,未声明,MVP03|MVP09|MVP18,01_core_hexin/services/commerce/src/foundation/interface/OperationController.ts,01_core_hexin/services/commerce/src/foundation/application/OperationHandler.ts,01_core_hexin/packages/sdk/src/operations/voucher.ts,[FACT] 已逐记录审阅；未发现该记录独立问题
OP-AU-007-290,01_core_hexin/packages/contract/definitions/operations.yml:4183,voucher.credentialpools.get,voucher,GET,/api/v1/vouchers/credential-pools/{poolid},operator,voucher.cardlibrary.read,frozen,sync,none,none,none,未声明,未声明,MVP03|MVP09|MVP18,01_core_hexin/services/commerce/src/foundation/interface/OperationController.ts,01_core_hexin/services/commerce/src/foundation/application/OperationHandler.ts,01_core_hexin/packages/sdk/src/operations/voucher.ts,[FACT] 已逐记录审阅；未发现该记录独立问题
OP-AU-007-291,01_core_hexin/packages/contract/definitions/operations.yml:4203,voucher.credentialpools.list,voucher,GET,/api/v1/vouchers/credential-pools,operator,voucher.cardlibrary.read,frozen,sync,none,none,none,未声明,未声明,MVP03|MVP09|MVP18,01_core_hexin/services/commerce/src/foundation/interface/OperationController.ts,01_core_hexin/services/commerce/src/foundation/application/OperationHandler.ts,01_core_hexin/packages/sdk/src/operations/voucher.ts,[FACT] 已逐记录审阅；未发现该记录独立问题
OP-AU-007-292,01_core_hexin/packages/contract/definitions/operations.yml:4223,voucher.credentials.list,voucher,GET,/api/v1/vouchers/credentials,operator,voucher.cardlibrary.read,frozen,sync,none,none,none,未声明,未声明,MVP03|MVP09|MVP18,01_core_hexin/services/commerce/src/foundation/interface/OperationController.ts,01_core_hexin/services/commerce/src/foundation/application/OperationHandler.ts,01_core_hexin/packages/sdk/src/operations/voucher.ts,[FACT] 已逐记录审阅；未发现该记录独立问题
OP-AU-007-293,01_core_hexin/packages/contract/definitions/operations.yml:4243,voucher.credentials.get,voucher,GET,/api/v1/vouchers/credentials/{credentialid},operator,voucher.cardlibrary.read,frozen,sync,none,none,none,未声明,未声明,MVP03|MVP09|MVP18,01_core_hexin/services/commerce/src/foundation/interface/OperationController.ts,01_core_hexin/services/commerce/src/foundation/application/OperationHandler.ts,01_core_hexin/packages/sdk/src/operations/voucher.ts,[FACT] 已逐记录审阅；未发现该记录独立问题
OP-AU-007-294,01_core_hexin/packages/contract/definitions/operations.yml:4263,voucher.credentialexports.create,voucher,POST,/api/v1/vouchers/credential-exports,operator,reporting.export.manage,frozen,async,required,none,transactional,未声明,未声明,MVP03|MVP09|MVP18,01_core_hexin/services/commerce/src/foundation/interface/OperationController.ts,01_core_hexin/services/commerce/src/foundation/application/OperationHandler.ts,01_core_hexin/packages/sdk/src/operations/voucher.ts,[FACT] 已逐记录审阅；未发现该记录独立问题
OP-AU-007-295,01_core_hexin/packages/contract/definitions/operations.yml:4283,voucher.jobs.get,voucher,GET,/api/v1/vouchers/jobs/{jobid},operator,voucher.batch.read,frozen,sync,none,none,none,未声明,未声明,MVP03|MVP09|MVP18,01_core_hexin/services/commerce/src/foundation/interface/OperationController.ts,01_core_hexin/services/commerce/src/foundation/application/OperationHandler.ts,01_core_hexin/packages/sdk/src/operations/voucher.ts,[FACT] 已逐记录审阅；未发现该记录独立问题
OP-AU-007-296,01_core_hexin/packages/contract/definitions/operations.yml:4303,voucher.stockrequests.create,voucher,POST,/api/v1/vouchers/stock-requests,operator,voucher.reserve.request,frozen,sync,required,none,transactional,未声明,未声明,MVP09|MVP18,01_core_hexin/services/commerce/src/foundation/interface/OperationController.ts,01_core_hexin/services/commerce/src/foundation/application/OperationHandler.ts,01_core_hexin/packages/sdk/src/operations/voucher.ts,[FACT] 已逐记录审阅；未发现该记录独立问题
OP-AU-007-297,01_core_hexin/packages/contract/definitions/operations.yml:4322,voucher.stockrequests.update,voucher,PATCH,/api/v1/vouchers/stock-requests/{requestid},operator,voucher.reserve.request,frozen,sync,required,required,transactional,未声明,未声明,MVP09|MVP18,01_core_hexin/services/commerce/src/foundation/interface/OperationController.ts,01_core_hexin/services/commerce/src/foundation/application/OperationHandler.ts,01_core_hexin/packages/sdk/src/operations/voucher.ts,[FACT] 已逐记录审阅；未发现该记录独立问题
OP-AU-007-298,01_core_hexin/packages/contract/definitions/operations.yml:4341,voucher.stockrequests.submit,voucher,POST,/api/v1/vouchers/stock-requests/{requestid}/submit,operator,voucher.reserve.request,frozen,sync,required,required,transactional,未声明,未声明,MVP09|MVP18,01_core_hexin/services/commerce/src/foundation/interface/OperationController.ts,01_core_hexin/services/commerce/src/foundation/application/OperationHandler.ts,01_core_hexin/packages/sdk/src/operations/voucher.ts,[FACT] 已逐记录审阅；未发现该记录独立问题
OP-AU-007-299,01_core_hexin/packages/contract/definitions/operations.yml:4360,voucher.stockrequests.cancel,voucher,POST,/api/v1/vouchers/stock-requests/{requestid}/cancel,operator,voucher.reserve.request,frozen,sync,required,required,transactional,未声明,未声明,MVP09|MVP18,01_core_hexin/services/commerce/src/foundation/interface/OperationController.ts,01_core_hexin/services/commerce/src/foundation/application/OperationHandler.ts,01_core_hexin/packages/sdk/src/operations/voucher.ts,[FACT] 已逐记录审阅；未发现该记录独立问题
OP-AU-007-300,01_core_hexin/packages/contract/definitions/operations.yml:4379,voucher.stockrequests.get,voucher,GET,/api/v1/vouchers/stock-requests/{requestid},operator,voucher.reserve.read,frozen,sync,none,none,none,未声明,未声明,MVP09|MVP18,01_core_hexin/services/commerce/src/foundation/interface/OperationController.ts,01_core_hexin/services/commerce/src/foundation/application/OperationHandler.ts,01_core_hexin/packages/sdk/src/operations/voucher.ts,[FACT] 已逐记录审阅；未发现该记录独立问题
OP-AU-007-301,01_core_hexin/packages/contract/definitions/operations.yml:4398,voucher.stockrequests.list,voucher,GET,/api/v1/vouchers/stock-requests,operator,voucher.reserve.read,frozen,sync,none,none,none,未声明,未声明,MVP09|MVP18,01_core_hexin/services/commerce/src/foundation/interface/OperationController.ts,01_core_hexin/services/commerce/src/foundation/application/OperationHandler.ts,01_core_hexin/packages/sdk/src/operations/voucher.ts,[FACT] 已逐记录审阅；未发现该记录独立问题
OP-AU-007-302,01_core_hexin/packages/contract/definitions/operations.yml:4417,voucher.stockrequestoptions.list,voucher,GET,/api/v1/vouchers/stock-request-options,operator,voucher.reserve.read,frozen,sync,none,none,none,未声明,未声明,MVP09|MVP18,01_core_hexin/services/commerce/src/foundation/interface/OperationController.ts,01_core_hexin/services/commerce/src/foundation/application/OperationHandler.ts,01_core_hexin/packages/sdk/src/operations/voucher.ts,[FACT] 已逐记录审阅；未发现该记录独立问题
OP-AU-007-303,01_core_hexin/packages/contract/definitions/operations.yml:4436,approval.templates.create,approval,POST,/api/v1/approvals/templates,operator,approval.template.manage,frozen,sync,required,none,none,未声明,未声明,MVP09|MVP18,01_core_hexin/services/commerce/src/foundation/interface/OperationController.ts,01_core_hexin/services/commerce/src/foundation/application/OperationHandler.ts,01_core_hexin/packages/sdk/src/operations/approval.ts,[FACT] 已逐记录审阅；未发现该记录独立问题
OP-AU-007-304,01_core_hexin/packages/contract/definitions/operations.yml:4455,approval.templates.revise,approval,POST,/api/v1/approvals/templates/{templateid}/versions,operator,approval.template.manage,frozen,sync,required,required,none,未声明,未声明,MVP09|MVP18,01_core_hexin/services/commerce/src/foundation/interface/OperationController.ts,01_core_hexin/services/commerce/src/foundation/application/OperationHandler.ts,01_core_hexin/packages/sdk/src/operations/approval.ts,[FACT] 已逐记录审阅；未发现该记录独立问题
OP-AU-007-305,01_core_hexin/packages/contract/definitions/operations.yml:4474,approval.templates.enable,approval,POST,/api/v1/approvals/templates/{templateid}/enable,operator,approval.template.manage,frozen,sync,required,required,none,未声明,未声明,MVP09|MVP18,01_core_hexin/services/commerce/src/foundation/interface/OperationController.ts,01_core_hexin/services/commerce/src/foundation/application/OperationHandler.ts,01_core_hexin/packages/sdk/src/operations/approval.ts,[FACT] 已逐记录审阅；未发现该记录独立问题
OP-AU-007-306,01_core_hexin/packages/contract/definitions/operations.yml:4493,approval.templates.disable,approval,POST,/api/v1/approvals/templates/{templateid}/disable,operator,approval.template.manage,frozen,sync,required,required,none,未声明,未声明,MVP09|MVP18,01_core_hexin/services/commerce/src/foundation/interface/OperationController.ts,01_core_hexin/services/commerce/src/foundation/application/OperationHandler.ts,01_core_hexin/packages/sdk/src/operations/approval.ts,[FACT] 已逐记录审阅；未发现该记录独立问题
OP-AU-007-307,01_core_hexin/packages/contract/definitions/operations.yml:4512,approval.templates.get,approval,GET,/api/v1/approvals/templates/{templateid},operator,approval.read,frozen,sync,none,none,none,未声明,未声明,MVP09|MVP18,01_core_hexin/services/commerce/src/foundation/interface/OperationController.ts,01_core_hexin/services/commerce/src/foundation/application/OperationHandler.ts,01_core_hexin/packages/sdk/src/operations/approval.ts,[FACT] 已逐记录审阅；未发现该记录独立问题
OP-AU-007-308,01_core_hexin/packages/contract/definitions/operations.yml:4531,approval.templates.list,approval,GET,/api/v1/approvals/templates,operator,approval.read,frozen,sync,none,none,none,未声明,未声明,MVP09|MVP18,01_core_hexin/services/commerce/src/foundation/interface/OperationController.ts,01_core_hexin/services/commerce/src/foundation/application/OperationHandler.ts,01_core_hexin/packages/sdk/src/operations/approval.ts,[FACT] 已逐记录审阅；未发现该记录独立问题
OP-AU-007-309,01_core_hexin/packages/contract/definitions/operations.yml:4550,approval.tasks.list,approval,GET,/api/v1/approvals/tasks,operator,approval.read,frozen,sync,none,none,none,未声明,未声明,MVP09|MVP18,01_core_hexin/services/commerce/src/foundation/interface/OperationController.ts,01_core_hexin/services/commerce/src/foundation/application/OperationHandler.ts,01_core_hexin/packages/sdk/src/operations/approval.ts,[FACT] 已逐记录审阅；未发现该记录独立问题
OP-AU-007-310,01_core_hexin/packages/contract/definitions/operations.yml:4569,approval.tasks.approve,approval,POST,/api/v1/approvals/tasks/{taskid}/approve,operator,approval.task.decide,frozen,sync,required,required,none,未声明,未声明,MVP09|MVP18,01_core_hexin/services/commerce/src/foundation/interface/OperationController.ts,01_core_hexin/services/commerce/src/foundation/application/OperationHandler.ts,01_core_hexin/packages/sdk/src/operations/approval.ts,[FACT] 已逐记录审阅；未发现该记录独立问题
OP-AU-007-311,01_core_hexin/packages/contract/definitions/operations.yml:4588,approval.tasks.reject,approval,POST,/api/v1/approvals/tasks/{taskid}/reject,operator,approval.task.decide,frozen,sync,required,required,none,未声明,未声明,MVP09|MVP18,01_core_hexin/services/commerce/src/foundation/interface/OperationController.ts,01_core_hexin/services/commerce/src/foundation/application/OperationHandler.ts,01_core_hexin/packages/sdk/src/operations/approval.ts,[FACT] 已逐记录审阅；未发现该记录独立问题
OP-AU-007-312,01_core_hexin/packages/contract/definitions/operations.yml:4607,approval.instances.get,approval,GET,/api/v1/approvals/instances/{instanceid},operator,approval.read,frozen,sync,none,none,none,未声明,未声明,MVP09|MVP18,01_core_hexin/services/commerce/src/foundation/interface/OperationController.ts,01_core_hexin/services/commerce/src/foundation/application/OperationHandler.ts,01_core_hexin/packages/sdk/src/operations/approval.ts,[FACT] 已逐记录审阅；未发现该记录独立问题
OP-AU-007-313,01_core_hexin/packages/contract/definitions/operations.yml:4626,voucher.issueorders.create,voucher,POST,/api/v1/vouchers/issue-orders,operator,voucher.issue,frozen,sync,required,none,transactional,未声明,未声明,MVP09|MVP18,01_core_hexin/services/commerce/src/foundation/interface/OperationController.ts,01_core_hexin/services/commerce/src/foundation/application/OperationHandler.ts,01_core_hexin/packages/sdk/src/operations/voucher.ts,[FACT] 已逐记录审阅；未发现该记录独立问题
OP-AU-007-314,01_core_hexin/packages/contract/definitions/operations.yml:4645,voucher.issueorders.update,voucher,PATCH,/api/v1/vouchers/issue-orders/{orderid},operator,voucher.issue,frozen,sync,required,required,transactional,未声明,未声明,MVP09|MVP18,01_core_hexin/services/commerce/src/foundation/interface/OperationController.ts,01_core_hexin/services/commerce/src/foundation/application/OperationHandler.ts,01_core_hexin/packages/sdk/src/operations/voucher.ts,[FACT] 已逐记录审阅；未发现该记录独立问题
OP-AU-007-315,01_core_hexin/packages/contract/definitions/operations.yml:4664,voucher.issueorders.submit,voucher,POST,/api/v1/vouchers/issue-orders/{orderid}/submit,operator,voucher.issue,frozen,async,required,required,transactional,未声明,未声明,MVP09|MVP18,01_core_hexin/services/commerce/src/foundation/interface/OperationController.ts,01_core_hexin/services/commerce/src/foundation/application/OperationHandler.ts,01_core_hexin/packages/sdk/src/operations/voucher.ts,[FACT] 已逐记录审阅；未发现该记录独立问题
OP-AU-007-316,01_core_hexin/packages/contract/definitions/operations.yml:4683,voucher.issueorders.cancel,voucher,POST,/api/v1/vouchers/issue-orders/{orderid}/cancel,operator,voucher.issue,frozen,sync,required,required,transactional,未声明,未声明,MVP09|MVP18,01_core_hexin/services/commerce/src/foundation/interface/OperationController.ts,01_core_hexin/services/commerce/src/foundation/application/OperationHandler.ts,01_core_hexin/packages/sdk/src/operations/voucher.ts,[FACT] 已逐记录审阅；未发现该记录独立问题
OP-AU-007-317,01_core_hexin/packages/contract/definitions/operations.yml:4702,voucher.issueorders.get,voucher,GET,/api/v1/vouchers/issue-orders/{orderid},operator,voucher.batch.read,frozen,sync,none,none,none,未声明,未声明,MVP09|MVP18,01_core_hexin/services/commerce/src/foundation/interface/OperationController.ts,01_core_hexin/services/commerce/src/foundation/application/OperationHandler.ts,01_core_hexin/packages/sdk/src/operations/voucher.ts,[FACT] 已逐记录审阅；未发现该记录独立问题
OP-AU-007-318,01_core_hexin/packages/contract/definitions/operations.yml:4721,voucher.issueorders.list,voucher,GET,/api/v1/vouchers/issue-orders,operator,voucher.batch.read,frozen,sync,none,none,none,未声明,未声明,MVP09|MVP18,01_core_hexin/services/commerce/src/foundation/interface/OperationController.ts,01_core_hexin/services/commerce/src/foundation/application/OperationHandler.ts,01_core_hexin/packages/sdk/src/operations/voucher.ts,[FACT] 已逐记录审阅；未发现该记录独立问题
OP-AU-007-319,01_core_hexin/packages/contract/definitions/operations.yml:4740,voucher.issuebatches.retry,voucher,POST,/api/v1/vouchers/issue-batches/{batchid}/retry,operator,voucher.issue,frozen,async,required,required,transactional,未声明,未声明,MVP09|MVP18,01_core_hexin/services/commerce/src/foundation/interface/OperationController.ts,01_core_hexin/services/commerce/src/foundation/application/OperationHandler.ts,01_core_hexin/packages/sdk/src/operations/voucher.ts,[FACT] 已逐记录审阅；未发现该记录独立问题
OP-AU-007-320,01_core_hexin/packages/contract/definitions/operations.yml:4759,voucher.issuebatches.get,voucher,GET,/api/v1/vouchers/issue-batches/{batchid},operator,voucher.batch.read,frozen,sync,none,none,none,未声明,未声明,MVP09|MVP18,01_core_hexin/services/commerce/src/foundation/interface/OperationController.ts,01_core_hexin/services/commerce/src/foundation/application/OperationHandler.ts,01_core_hexin/packages/sdk/src/operations/voucher.ts,[FACT] 已逐记录审阅；未发现该记录独立问题
OP-AU-007-321,01_core_hexin/packages/contract/definitions/operations.yml:4778,voucher.issueorderexports.create,voucher,POST,/api/v1/vouchers/issue-order-exports,operator,reporting.export.manage,frozen,async,required,none,transactional,未声明,未声明,MVP09|MVP18,01_core_hexin/services/commerce/src/foundation/interface/OperationController.ts,01_core_hexin/services/commerce/src/foundation/application/OperationHandler.ts,01_core_hexin/packages/sdk/src/operations/voucher.ts,[FACT] 已逐记录审阅；未发现该记录独立问题
OP-AU-007-322,01_core_hexin/packages/contract/definitions/operations.yml:4797,voucher.actionbatches.create,voucher,POST,/api/v1/vouchers/action-batches,operator,voucher.status.manage,frozen,async,required,none,transactional,未声明,未声明,MVP09|MVP18,01_core_hexin/services/commerce/src/foundation/interface/OperationController.ts,01_core_hexin/services/commerce/src/foundation/application/OperationHandler.ts,01_core_hexin/packages/sdk/src/operations/voucher.ts,[FACT] 已逐记录审阅；未发现该记录独立问题
OP-AU-007-323,01_core_hexin/packages/contract/definitions/operations.yml:4816,voucher.actionbatches.get,voucher,GET,/api/v1/vouchers/action-batches/{actionbatchid},operator,voucher.history.read,frozen,sync,none,none,none,未声明,未声明,MVP09|MVP18,01_core_hexin/services/commerce/src/foundation/interface/OperationController.ts,01_core_hexin/services/commerce/src/foundation/application/OperationHandler.ts,01_core_hexin/packages/sdk/src/operations/voucher.ts,[FACT] 已逐记录审阅；未发现该记录独立问题
OP-AU-007-324,01_core_hexin/packages/contract/definitions/operations.yml:4835,voucher.actionbatches.list,voucher,GET,/api/v1/vouchers/action-batches,operator,voucher.history.read,frozen,sync,none,none,none,未声明,未声明,MVP09|MVP18,01_core_hexin/services/commerce/src/foundation/interface/OperationController.ts,01_core_hexin/services/commerce/src/foundation/application/OperationHandler.ts,01_core_hexin/packages/sdk/src/operations/voucher.ts,[FACT] 已逐记录审阅；未发现该记录独立问题
OP-AU-007-325,01_core_hexin/packages/contract/definitions/operations.yml:4854,voucher.actionbatches.retry,voucher,POST,/api/v1/vouchers/action-batches/{actionbatchid}/retry,operator,voucher.status.manage,frozen,async,required,required,transactional,未声明,未声明,MVP09|MVP18,01_core_hexin/services/commerce/src/foundation/interface/OperationController.ts,01_core_hexin/services/commerce/src/foundation/application/OperationHandler.ts,01_core_hexin/packages/sdk/src/operations/voucher.ts,[FACT] 已逐记录审阅；未发现该记录独立问题
OP-AU-007-326,01_core_hexin/packages/contract/definitions/operations.yml:4873,voucher.actionexports.create,voucher,POST,/api/v1/vouchers/action-exports,operator,reporting.export.manage,frozen,async,required,none,transactional,未声明,未声明,MVP09|MVP18,01_core_hexin/services/commerce/src/foundation/interface/OperationController.ts,01_core_hexin/services/commerce/src/foundation/application/OperationHandler.ts,01_core_hexin/packages/sdk/src/operations/voucher.ts,[FACT] 已逐记录审阅；未发现该记录独立问题
OP-AU-007-327,01_core_hexin/packages/contract/definitions/operations.yml:4892,voucher.search.read,voucher,GET,/api/v1/vouchers/search,operator,voucher.history.read,frozen,sync,none,none,none,未声明,未声明,MVP09|MVP18,01_core_hexin/services/commerce/src/foundation/interface/OperationController.ts,01_core_hexin/services/commerce/src/foundation/application/OperationHandler.ts,01_core_hexin/packages/sdk/src/operations/voucher.ts,[FACT] 已逐记录审阅；未发现该记录独立问题
OP-AU-007-328,01_core_hexin/packages/contract/definitions/operations.yml:4911,voucher.activations.secret,voucher,POST,/api/v1/vouchers/activation/secret,public,,frozen,sync,required,none,transactional,未声明,未声明,MVP09|MVP18,01_core_hexin/services/commerce/src/foundation/interface/OperationController.ts,01_core_hexin/services/commerce/src/foundation/application/OperationHandler.ts,01_core_hexin/packages/sdk/src/operations/voucher.ts,[FACT] 已逐记录审阅；未发现该记录独立问题
OP-AU-007-329,01_core_hexin/packages/contract/definitions/operations.yml:4929,voucher.activations.numbersecret,voucher,POST,/api/v1/vouchers/activation/number-secret,public,,frozen,sync,required,none,transactional,未声明,未声明,MVP09|MVP18,01_core_hexin/services/commerce/src/foundation/interface/OperationController.ts,01_core_hexin/services/commerce/src/foundation/application/OperationHandler.ts,01_core_hexin/packages/sdk/src/operations/voucher.ts,[FACT] 已逐记录审阅；未发现该记录独立问题
OP-AU-007-330,01_core_hexin/packages/contract/definitions/operations.yml:4947,voucher.vouchers.bind,voucher,POST,/api/v1/vouchers/{voucherid}/bind,operator,voucher.binding.manage,frozen,sync,required,required,transactional,未声明,未声明,MVP09|MVP18,01_core_hexin/services/commerce/src/foundation/interface/OperationController.ts,01_core_hexin/services/commerce/src/foundation/application/OperationHandler.ts,01_core_hexin/packages/sdk/src/operations/voucher.ts,[FACT] 已逐记录审阅；未发现该记录独立问题
OP-AU-007-331,01_core_hexin/packages/contract/definitions/operations.yml:4966,voucher.vouchers.unbind,voucher,POST,/api/v1/vouchers/{voucherid}/unbind,operator,voucher.binding.manage,frozen,sync,required,required,transactional,未声明,未声明,MVP09|MVP18,01_core_hexin/services/commerce/src/foundation/interface/OperationController.ts,01_core_hexin/services/commerce/src/foundation/application/OperationHandler.ts,01_core_hexin/packages/sdk/src/operations/voucher.ts,[FACT] 已逐记录审阅；未发现该记录独立问题
OP-AU-007-332,01_core_hexin/packages/contract/definitions/operations.yml:4985,voucher.vouchers.get,voucher,GET,/api/v1/vouchers/{voucherid},operator,voucher.history.read,frozen,sync,none,none,none,未声明,未声明,MVP09|MVP18,01_core_hexin/services/commerce/src/foundation/interface/OperationController.ts,01_core_hexin/services/commerce/src/foundation/application/OperationHandler.ts,01_core_hexin/packages/sdk/src/operations/voucher.ts,[FACT] 已逐记录审阅；未发现该记录独立问题
OP-AU-007-333,01_core_hexin/packages/contract/definitions/operations.yml:5004,voucher.vouchers.getbynumber,voucher,GET,/api/v1/vouchers/by-number/{number},operator,voucher.history.read,frozen,sync,none,none,none,未声明,未声明,MVP09|MVP18,01_core_hexin/services/commerce/src/foundation/interface/OperationController.ts,01_core_hexin/services/commerce/src/foundation/application/OperationHandler.ts,01_core_hexin/packages/sdk/src/operations/voucher.ts,[FACT] 已逐记录审阅；未发现该记录独立问题
OP-AU-007-334,01_core_hexin/packages/contract/definitions/operations.yml:5023,voucher.vouchers.timeline,voucher,GET,/api/v1/vouchers/{voucherid}/timeline,operator,voucher.history.read,frozen,sync,none,none,none,未声明,未声明,MVP09|MVP18,01_core_hexin/services/commerce/src/foundation/interface/OperationController.ts,01_core_hexin/services/commerce/src/foundation/application/OperationHandler.ts,01_core_hexin/packages/sdk/src/operations/voucher.ts,[FACT] 已逐记录审阅；未发现该记录独立问题
OP-AU-007-335,01_core_hexin/packages/contract/definitions/operations.yml:5042,voucher.redemptions.quote,voucher,POST,/api/v1/vouchers/redemptions/quote,operator,verification.verify,frozen,sync,none,none,none,未声明,未声明,MVP09|MVP18,01_core_hexin/services/commerce/src/foundation/interface/OperationController.ts,01_core_hexin/services/commerce/src/foundation/application/OperationHandler.ts,01_core_hexin/packages/sdk/src/operations/voucher.ts,[FACT] 已逐记录审阅；未发现该记录独立问题
OP-AU-007-336,01_core_hexin/packages/contract/definitions/operations.yml:5061,voucher.tenderholds.create,voucher,POST,/api/v1/vouchers/tender-holds,operator,verification.verify,frozen,sync,required,none,transactional,未声明,未声明,MVP09|MVP18,01_core_hexin/services/commerce/src/foundation/interface/OperationController.ts,01_core_hexin/services/commerce/src/foundation/application/OperationHandler.ts,01_core_hexin/packages/sdk/src/operations/voucher.ts,[FACT] 已逐记录审阅；未发现该记录独立问题
OP-AU-007-337,01_core_hexin/packages/contract/definitions/operations.yml:5080,voucher.tenderholds.consume,voucher,POST,/api/v1/vouchers/tender-holds/{holdid}/consume,operator,verification.verify,frozen,sync,required,required,transactional,未声明,未声明,MVP09|MVP18,01_core_hexin/services/commerce/src/foundation/interface/OperationController.ts,01_core_hexin/services/commerce/src/foundation/application/OperationHandler.ts,01_core_hexin/packages/sdk/src/operations/voucher.ts,[FACT] 已逐记录审阅；未发现该记录独立问题
OP-AU-007-338,01_core_hexin/packages/contract/definitions/operations.yml:5099,voucher.tenderholds.release,voucher,POST,/api/v1/vouchers/tender-holds/{holdid}/release,operator,verification.verify,frozen,sync,required,required,transactional,未声明,未声明,MVP09|MVP18,01_core_hexin/services/commerce/src/foundation/interface/OperationController.ts,01_core_hexin/services/commerce/src/foundation/application/OperationHandler.ts,01_core_hexin/packages/sdk/src/operations/voucher.ts,[FACT] 已逐记录审阅；未发现该记录独立问题
OP-AU-007-339,01_core_hexin/packages/contract/definitions/operations.yml:5118,voucher.redemptions.create,voucher,POST,/api/v1/vouchers/redemptions,operator,verification.verify,frozen,sync,required,none,transactional,未声明,未声明,MVP09|MVP18,01_core_hexin/services/commerce/src/foundation/interface/OperationController.ts,01_core_hexin/services/commerce/src/foundation/application/OperationHandler.ts,01_core_hexin/packages/sdk/src/operations/voucher.ts,[FACT] 已逐记录审阅；未发现该记录独立问题
OP-AU-007-340,01_core_hexin/packages/contract/definitions/operations.yml:5137,voucher.refunds.create,voucher,POST,/api/v1/vouchers/redemptions/{redemptionid}/refunds,operator,voucher.redemption.reverse,frozen,sync,required,required,transactional,未声明,未声明,MVP09|MVP18,01_core_hexin/services/commerce/src/foundation/interface/OperationController.ts,01_core_hexin/services/commerce/src/foundation/application/OperationHandler.ts,01_core_hexin/packages/sdk/src/operations/voucher.ts,[FACT] 已逐记录审阅；未发现该记录独立问题
OP-AU-007-341,01_core_hexin/packages/contract/definitions/operations.yml:5156,voucher.redemptions.get,voucher,GET,/api/v1/vouchers/redemptions/{redemptionid},operator,voucher.redemption.read,frozen,sync,none,none,none,未声明,未声明,MVP09|MVP18,01_core_hexin/services/commerce/src/foundation/interface/OperationController.ts,01_core_hexin/services/commerce/src/foundation/application/OperationHandler.ts,01_core_hexin/packages/sdk/src/operations/voucher.ts,[FACT] 已逐记录审阅；未发现该记录独立问题
OP-AU-007-342,01_core_hexin/packages/contract/definitions/operations.yml:5175,voucher.searchfacets.read,voucher,GET,/api/v1/vouchers/search/facets,operator,voucher.history.read,frozen,sync,none,none,none,未声明,未声明,MVP09|MVP18,01_core_hexin/services/commerce/src/foundation/interface/OperationController.ts,01_core_hexin/services/commerce/src/foundation/application/OperationHandler.ts,01_core_hexin/packages/sdk/src/operations/voucher.ts,[FACT] 已逐记录审阅；未发现该记录独立问题
OP-AU-007-343,01_core_hexin/packages/contract/definitions/operations.yml:5194,voucher.searchsnapshots.create,voucher,POST,/api/v1/vouchers/search-snapshots,operator,voucher.history.read,frozen,sync,required,none,transactional,未声明,未声明,MVP09|MVP18,01_core_hexin/services/commerce/src/foundation/interface/OperationController.ts,01_core_hexin/services/commerce/src/foundation/application/OperationHandler.ts,01_core_hexin/packages/sdk/src/operations/voucher.ts,[FACT] 已逐记录审阅；未发现该记录独立问题
OP-AU-007-344,01_core_hexin/packages/contract/definitions/operations.yml:5213,voucher.searchexports.create,voucher,POST,/api/v1/vouchers/search-exports,operator,reporting.export.manage,frozen,async,required,none,transactional,未声明,未声明,MVP09|MVP18,01_core_hexin/services/commerce/src/foundation/interface/OperationController.ts,01_core_hexin/services/commerce/src/foundation/application/OperationHandler.ts,01_core_hexin/packages/sdk/src/operations/voucher.ts,[FACT] 已逐记录审阅；未发现该记录独立问题
OP-AU-007-345,01_core_hexin/packages/contract/definitions/operations.yml:5232,voucher.exports.get,voucher,GET,/api/v1/vouchers/exports/{exportid},operator,reporting.export.read,frozen,sync,none,none,none,未声明,未声明,MVP09|MVP18,01_core_hexin/services/commerce/src/foundation/interface/OperationController.ts,01_core_hexin/services/commerce/src/foundation/application/OperationHandler.ts,01_core_hexin/packages/sdk/src/operations/voucher.ts,[FACT] 已逐记录审阅；未发现该记录独立问题
